call_id,gold_actual,A_N2_pred,A_N5_pred,unlock,shift,short,is_infopoor,layer
J16_S000007,서비스이용,구매진행,서비스이용,True,True,False,True,정보부족(infopoor)
J16_S000013,서비스이용,구매진행,서비스이용,True,True,True,True,정보부족(infopoor)
J16_S000033,서비스이용,교환반품,서비스이용,True,True,False,True,정보부족(infopoor)
J16_S000055,서비스이용,불만제기,배송확인,False,True,True,True,정보부족(infopoor)
J16_S000084,서비스이용,교환반품,교환반품,False,False,False,False,정보충분
J16_S000192,서비스이용,배송확인,배송확인,False,False,False,False,정보충분
J16_S000195,서비스이용,구매진행,구매진행,False,False,False,False,정보충분
J16_S000196,서비스이용,구매진행,서비스이용,True,True,False,True,정보부족(infopoor)
J16_S000199,서비스이용,배송확인,서비스이용,True,True,True,True,정보부족(infopoor)
J16_S000232,서비스이용,구매진행,서비스이용,True,True,False,True,정보부족(infopoor)
J16_S000315,서비스이용,배송확인,배송확인,False,False,False,False,정보충분
J16_S000324,서비스이용,불만제기,불만제기,False,False,False,False,정보충분
J16_S000360,서비스이용,배송확인,서비스이용,True,True,False,True,정보부족(infopoor)
J16_S000374,서비스이용,배송확인,배송확인,False,False,True,False,정보충분
J16_S000380,서비스이용,주문취소,구매진행,False,True,False,False,정보충분
J16_S000403,서비스이용,구매진행,서비스이용,True,True,False,True,정보부족(infopoor)
J16_S000447,서비스이용,구매진행,서비스이용,True,True,False,True,정보부족(infopoor)
J16_S000467,서비스이용,교환반품,교환반품,False,False,True,False,정보충분
J16_S000474,서비스이용,구매진행,서비스이용,True,True,False,True,정보부족(infopoor)
J16_S000502,서비스이용,환불요청,서비스이용,True,True,False,True,정보부족(infopoor)
J16_S000509,서비스이용,구매진행,구매진행,False,False,False,False,정보충분
J16_S000544,서비스이용,교환반품,서비스이용,True,True,True,True,정보부족(infopoor)
J16_S000586,서비스이용,배송확인,배송확인,False,False,False,False,정보충분
J16_S000682,서비스이용,환불요청,서비스이용,True,True,False,True,정보부족(infopoor)
J16_S000698,서비스이용,불만제기,서비스이용,True,True,False,True,정보부족(infopoor)
J16_S000713,서비스이용,구매진행,서비스이용,True,True,False,True,정보부족(infopoor)
J16_S000739,서비스이용,배송확인,배송확인,False,False,False,False,정보충분
J16_S000760,서비스이용,환불요청,서비스이용,True,True,True,True,정보부족(infopoor)
J16_S000830,서비스이용,구매진행,구매진행,False,False,False,False,정보충분
J16_S000912,서비스이용,구매진행,서비스이용,True,True,True,True,정보부족(infopoor)
J16_S000937,서비스이용,구매진행,구매진행,False,False,False,False,정보충분
J16_S000963,서비스이용,불만제기,서비스이용,True,True,False,True,정보부족(infopoor)
J16_S000981,서비스이용,구매진행,배송확인,False,True,False,False,정보충분
J16_S001006,서비스이용,구매진행,구매진행,False,False,False,False,정보충분
J16_S001033,서비스이용,배송확인,배송확인,False,False,False,False,정보충분
J16_S001035,서비스이용,배송확인,배송확인,False,False,False,False,정보충분
J16_S001062,서비스이용,불만제기,서비스이용,True,True,True,True,정보부족(infopoor)
J16_S001079,서비스이용,불만제기,불만제기,False,False,False,False,정보충분
J16_S001093,서비스이용,구매진행,구매진행,False,False,True,False,정보충분
J16_S001170,서비스이용,구매진행,서비스이용,True,True,True,True,정보부족(infopoor)
J16_S001176,서비스이용,불만제기,서비스이용,True,True,False,True,정보부족(infopoor)
J16_S001315,서비스이용,교환반품,불만제기,False,True,True,True,정보부족(infopoor)
J16_S001331,서비스이용,구매진행,서비스이용,True,True,False,True,정보부족(infopoor)
J16_S001347,서비스이용,주문취소,배송확인,False,True,True,True,정보부족(infopoor)
J16_S001415,서비스이용,배송확인,배송확인,False,False,False,False,정보충분
J16_S001419,서비스이용,구매진행,구매진행,False,False,False,False,정보충분
J16_S001439,서비스이용,배송확인,배송확인,False,False,True,False,정보충분
J16_S001448,서비스이용,환불요청,주문취소,False,True,True,True,정보부족(infopoor)
J16_S001520,서비스이용,배송확인,배송확인,False,False,False,False,정보충분
J16_S001575,서비스이용,배송확인,배송확인,False,False,False,False,정보충분
J16_S001624,서비스이용,배송확인,서비스이용,True,True,False,True,정보부족(infopoor)
J16_S001662,서비스이용,구매진행,구매진행,False,False,False,False,정보충분
J16_S001665,서비스이용,배송확인,배송확인,False,False,True,False,정보충분
J16_S001690,서비스이용,주문취소,서비스이용,True,True,False,True,정보부족(infopoor)
J16_S001732,서비스이용,배송확인,구매진행,False,True,True,True,정보부족(infopoor)
J16_S001763,서비스이용,환불요청,서비스이용,True,True,False,True,정보부족(infopoor)
J16_S001764,서비스이용,주문취소,서비스이용,True,True,True,True,정보부족(infopoor)
J16_S001793,서비스이용,환불요청,환불요청,False,False,False,False,정보충분
J16_S001796,서비스이용,구매진행,구매진행,False,False,False,False,정보충분
J16_S001816,서비스이용,배송확인,배송확인,False,False,False,False,정보충분
J16_S001825,서비스이용,불만제기,배송확인,False,True,False,False,정보충분
J16_S001837,서비스이용,구매진행,구매진행,False,False,False,False,정보충분
J16_S001893,서비스이용,불만제기,서비스이용,True,True,True,True,정보부족(infopoor)
J16_S001932,서비스이용,환불요청,환불요청,False,False,True,False,정보충분
J16_S001971,서비스이용,배송확인,서비스이용,True,True,True,True,정보부족(infopoor)
J16_S001979,서비스이용,구매진행,서비스이용,True,True,False,True,정보부족(infopoor)
J16_S002010,서비스이용,교환반품,서비스이용,True,True,False,True,정보부족(infopoor)
J16_S002056,서비스이용,불만제기,불만제기,False,False,False,False,정보충분
J16_S002078,서비스이용,불만제기,주문취소,False,True,True,True,정보부족(infopoor)
J16_S002084,서비스이용,구매진행,구매진행,False,False,False,False,정보충분
J16_S002115,서비스이용,불만제기,불만제기,False,False,False,False,정보충분
J16_S002142,서비스이용,구매진행,서비스이용,True,True,False,True,정보부족(infopoor)
J16_S002151,서비스이용,불만제기,배송확인,False,True,False,False,정보충분
J16_S002190,서비스이용,구매진행,서비스이용,True,True,False,True,정보부족(infopoor)
J16_S002231,구매진행,환불요청,환불요청,False,False,False,False,정보충분
J16_S002296,서비스이용,불만제기,서비스이용,True,True,True,True,정보부족(infopoor)
J16_S002342,서비스이용,배송확인,배송확인,False,False,False,False,정보충분
J16_S002350,서비스이용,배송확인,배송확인,False,False,False,False,정보충분
J16_S002374,서비스이용,불만제기,서비스이용,True,True,False,True,정보부족(infopoor)
J16_S002387,서비스이용,주문취소,주문취소,False,False,True,False,정보충분
J16_S002464,서비스이용,불만제기,환불요청,False,True,True,True,정보부족(infopoor)
J16_S002494,서비스이용,구매진행,배송확인,False,True,False,False,정보충분
J16_S002500,서비스이용,배송확인,서비스이용,True,True,False,True,정보부족(infopoor)
J16_S002516,서비스이용,구매진행,배송확인,False,True,False,False,정보충분
J16_S002533,서비스이용,배송확인,배송확인,False,False,False,False,정보충분
J16_S002542,서비스이용,구매진행,배송확인,False,True,False,False,정보충분
J16_S002593,서비스이용,불만제기,서비스이용,True,True,False,True,정보부족(infopoor)
J16_S002609,서비스이용,배송확인,배송확인,False,False,True,False,정보충분
J16_S002617,서비스이용,구매진행,배송확인,False,True,True,True,정보부족(infopoor)
J16_S002692,서비스이용,구매진행,주문취소,False,True,False,False,정보충분
J16_S002727,서비스이용,주문취소,서비스이용,True,True,True,True,정보부족(infopoor)
J16_S002806,서비스이용,구매진행,서비스이용,True,True,False,True,정보부족(infopoor)
J16_S002816,서비스이용,주문취소,주문취소,False,False,False,False,정보충분
J16_S002852,서비스이용,구매진행,서비스이용,True,True,False,True,정보부족(infopoor)
J16_S002868,서비스이용,환불요청,환불요청,False,False,False,False,정보충분
J16_S002869,서비스이용,구매진행,서비스이용,True,True,False,True,정보부족(infopoor)
J16_S002894,서비스이용,배송확인,배송확인,False,False,False,False,정보충분
J16_S002917,서비스이용,배송확인,배송확인,False,False,False,False,정보충분
J16_S002970,서비스이용,구매진행,구매진행,False,False,False,False,정보충분
J16_S002985,서비스이용,구매진행,서비스이용,True,True,False,True,정보부족(infopoor)
J16_S002991,서비스이용,배송확인,배송확인,False,False,True,False,정보충분
J16_S003011,서비스이용,구매진행,구매진행,False,False,False,False,정보충분
J16_S003024,서비스이용,배송확인,배송확인,False,False,False,False,정보충분
J16_S003027,서비스이용,구매진행,구매진행,False,False,False,False,정보충분
J16_S003051,서비스이용,불만제기,환불요청,False,True,False,False,정보충분
J16_S003076,서비스이용,배송확인,배송확인,False,False,False,False,정보충분
J16_S003086,서비스이용,배송확인,서비스이용,True,True,False,True,정보부족(infopoor)
J16_S003109,서비스이용,불만제기,서비스이용,True,True,False,True,정보부족(infopoor)
J16_S003119,서비스이용,불만제기,불만제기,False,False,False,False,정보충분
J16_S003143,서비스이용,구매진행,환불요청,False,True,False,False,정보충분
J16_S003151,구매진행,주문취소,환불요청,False,True,False,False,정보충분
J16_S003152,서비스이용,구매진행,구매진행,False,False,False,False,정보충분
J16_S003155,서비스이용,배송확인,배송확인,False,False,False,False,정보충분
J16_S003201,서비스이용,구매진행,서비스이용,True,True,True,True,정보부족(infopoor)
J16_S003215,서비스이용,배송확인,배송확인,False,False,False,False,정보충분
J16_S003280,서비스이용,환불요청,주문취소,False,True,False,False,정보충분
J16_S003309,교환반품,서비스이용,불만제기,False,True,False,False,정보충분
J16_S003429,서비스이용,구매진행,서비스이용,True,True,False,True,정보부족(infopoor)
J16_S003453,서비스이용,불만제기,서비스이용,True,True,False,True,정보부족(infopoor)
J16_S003520,서비스이용,배송확인,주문취소,False,True,False,False,정보충분
J16_S003586,서비스이용,배송확인,배송확인,False,False,False,False,정보충분
J16_S003616,서비스이용,불만제기,서비스이용,True,True,False,True,정보부족(infopoor)
J16_S003699,서비스이용,구매진행,서비스이용,True,True,False,True,정보부족(infopoor)
J16_S003708,서비스이용,환불요청,주문취소,False,True,True,True,정보부족(infopoor)
J16_S003712,서비스이용,주문취소,서비스이용,True,True,False,True,정보부족(infopoor)
J16_S003726,서비스이용,배송확인,서비스이용,True,True,False,True,정보부족(infopoor)
J16_S003738,서비스이용,교환반품,서비스이용,True,True,False,True,정보부족(infopoor)
J16_S003788,서비스이용,배송확인,서비스이용,True,True,True,True,정보부족(infopoor)
J16_S003806,서비스이용,구매진행,구매진행,False,False,False,False,정보충분
J16_S003835,서비스이용,배송확인,배송확인,False,False,False,False,정보충분
J16_S003836,서비스이용,배송확인,서비스이용,True,True,False,True,정보부족(infopoor)
J16_S003841,서비스이용,환불요청,서비스이용,True,True,True,True,정보부족(infopoor)
J16_S003860,서비스이용,배송확인,배송확인,False,False,False,False,정보충분
J16_S003864,주문취소,서비스이용,서비스이용,False,False,False,False,정보충분
J16_S003928,서비스이용,배송확인,배송확인,False,False,False,False,정보충분
J16_S003945,서비스이용,주문취소,서비스이용,True,True,True,True,정보부족(infopoor)
J16_S003952,서비스이용,배송확인,배송확인,False,False,False,False,정보충분
J16_S003954,서비스이용,배송확인,서비스이용,True,True,True,True,정보부족(infopoor)
J16_S003995,서비스이용,환불요청,환불요청,False,False,False,False,정보충분
J16_S004005,서비스이용,배송확인,배송확인,False,False,False,False,정보충분
J16_S004051,서비스이용,구매진행,서비스이용,True,True,True,True,정보부족(infopoor)
J16_S004054,서비스이용,배송확인,배송확인,False,False,False,False,정보충분
J16_S004058,서비스이용,구매진행,서비스이용,True,True,True,True,정보부족(infopoor)
J16_S004078,서비스이용,배송확인,서비스이용,True,True,False,True,정보부족(infopoor)
J16_S004109,서비스이용,배송확인,배송확인,False,False,False,False,정보충분
J16_S004146,서비스이용,배송확인,서비스이용,True,True,False,True,정보부족(infopoor)
J16_S004188,서비스이용,배송확인,배송확인,False,False,False,False,정보충분
J16_S004208,서비스이용,불만제기,서비스이용,True,True,False,True,정보부족(infopoor)
J16_S004209,서비스이용,구매진행,구매진행,False,False,False,False,정보충분
J16_S004220,서비스이용,구매진행,서비스이용,True,True,True,True,정보부족(infopoor)
J16_S004231,서비스이용,배송확인,배송확인,False,False,True,False,정보충분
J16_S004244,서비스이용,구매진행,구매진행,False,False,False,False,정보충분
J16_S004247,서비스이용,구매진행,서비스이용,True,True,False,True,정보부족(infopoor)
J16_S004252,서비스이용,구매진행,구매진행,False,False,True,False,정보충분
J16_S004266,서비스이용,배송확인,배송확인,False,False,False,False,정보충분
J16_S004270,서비스이용,배송확인,서비스이용,True,True,False,True,정보부족(infopoor)
J16_S004283,서비스이용,불만제기,서비스이용,True,True,True,True,정보부족(infopoor)
J16_S004286,교환반품,불만제기,배송확인,False,True,False,False,정보충분
J16_S004338,서비스이용,배송확인,배송확인,False,False,False,False,정보충분
J16_S004347,서비스이용,배송확인,배송확인,False,False,False,False,정보충분
J16_S004409,서비스이용,구매진행,환불요청,False,True,False,False,정보충분
J16_S004447,서비스이용,배송확인,주문취소,False,True,False,False,정보충분
J16_S004453,서비스이용,환불요청,환불요청,False,False,False,False,정보충분
J16_S004465,서비스이용,구매진행,배송확인,False,True,False,False,정보충분
J16_S004511,서비스이용,불만제기,서비스이용,True,True,False,True,정보부족(infopoor)
J16_S004614,서비스이용,배송확인,배송확인,False,False,False,False,정보충분
J16_S004636,서비스이용,구매진행,서비스이용,True,True,True,True,정보부족(infopoor)
J16_S004661,서비스이용,환불요청,서비스이용,True,True,False,True,정보부족(infopoor)
J16_S004673,서비스이용,불만제기,서비스이용,True,True,False,True,정보부족(infopoor)
J16_S004741,서비스이용,구매진행,서비스이용,True,True,False,True,정보부족(infopoor)
J16_S004772,서비스이용,구매진행,서비스이용,True,True,False,True,정보부족(infopoor)
J16_S004773,서비스이용,구매진행,서비스이용,True,True,True,True,정보부족(infopoor)
J16_S004787,서비스이용,환불요청,서비스이용,True,True,False,True,정보부족(infopoor)
J16_S004796,서비스이용,배송확인,배송확인,False,False,False,False,정보충분
J16_S004813,서비스이용,구매진행,서비스이용,True,True,True,True,정보부족(infopoor)
J16_S004830,서비스이용,배송확인,배송확인,False,False,True,False,정보충분
J16_S004837,서비스이용,배송확인,배송확인,False,False,True,False,정보충분
J16_S004883,서비스이용,구매진행,서비스이용,True,True,False,True,정보부족(infopoor)
J16_S004892,서비스이용,배송확인,배송확인,False,False,False,False,정보충분
J16_S004895,서비스이용,배송확인,서비스이용,True,True,True,True,정보부족(infopoor)
J16_S004897,서비스이용,배송확인,배송확인,False,False,False,False,정보충분
J16_S004932,서비스이용,주문취소,구매진행,False,True,False,False,정보충분
J16_S004940,서비스이용,구매진행,서비스이용,True,True,False,True,정보부족(infopoor)
J16_S004956,서비스이용,환불요청,환불요청,False,False,False,False,정보충분
J16_S005013,서비스이용,구매진행,서비스이용,True,True,False,True,정보부족(infopoor)
J16_S005027,주문취소,구매진행,교환반품,False,True,False,False,정보충분
J16_S005066,서비스이용,배송확인,배송확인,False,False,False,False,정보충분
J16_S005131,서비스이용,구매진행,서비스이용,True,True,True,True,정보부족(infopoor)
J16_S005158,서비스이용,배송확인,서비스이용,True,True,False,True,정보부족(infopoor)
J16_S005171,서비스이용,구매진행,구매진행,False,False,True,False,정보충분
J16_S005183,서비스이용,교환반품,교환반품,False,False,False,False,정보충분
J16_S005212,서비스이용,불만제기,구매진행,False,True,False,False,정보충분
J16_S005220,서비스이용,구매진행,구매진행,False,False,True,False,정보충분
J16_S005232,구매진행,서비스이용,구매진행,True,True,True,True,정보부족(infopoor)
J16_S005257,서비스이용,불만제기,서비스이용,True,True,False,True,정보부족(infopoor)
J16_S005282,서비스이용,배송확인,배송확인,False,False,False,False,정보충분
J16_S005334,서비스이용,구매진행,서비스이용,True,True,True,True,정보부족(infopoor)
J16_S005396,서비스이용,배송확인,주문취소,False,True,False,False,정보충분
J16_S005397,서비스이용,불만제기,서비스이용,True,True,False,True,정보부족(infopoor)
J16_S005415,서비스이용,배송확인,배송확인,False,False,False,False,정보충분
J16_S005486,서비스이용,배송확인,주문취소,False,True,False,False,정보충분
J16_S005502,서비스이용,구매진행,서비스이용,True,True,False,True,정보부족(infopoor)
J16_S005511,서비스이용,환불요청,환불요청,False,False,True,False,정보충분
J16_S005513,서비스이용,배송확인,배송확인,False,False,False,False,정보충분
J16_S005538,구매진행,불만제기,환불요청,False,True,True,True,정보부족(infopoor)
J16_S005565,서비스이용,교환반품,서비스이용,True,True,False,True,정보부족(infopoor)
J16_S005602,서비스이용,배송확인,서비스이용,True,True,True,True,정보부족(infopoor)
J16_S005605,서비스이용,구매진행,서비스이용,True,True,False,True,정보부족(infopoor)
J16_S005611,서비스이용,배송확인,배송확인,False,False,False,False,정보충분
J16_S005620,서비스이용,구매진행,서비스이용,True,True,True,True,정보부족(infopoor)
J16_S005741,서비스이용,불만제기,불만제기,False,False,False,False,정보충분
J16_S005752,서비스이용,주문취소,서비스이용,True,True,False,True,정보부족(infopoor)
J16_S005762,서비스이용,구매진행,구매진행,False,False,False,False,정보충분
J16_S005763,서비스이용,구매진행,서비스이용,True,True,False,True,정보부족(infopoor)
J16_S005786,서비스이용,구매진행,서비스이용,True,True,False,True,정보부족(infopoor)
J16_S005836,서비스이용,배송확인,서비스이용,True,True,False,True,정보부족(infopoor)
J16_S005866,서비스이용,배송확인,배송확인,False,False,False,False,정보충분
J16_S005883,서비스이용,배송확인,서비스이용,True,True,True,True,정보부족(infopoor)
J16_S005967,서비스이용,환불요청,서비스이용,True,True,False,True,정보부족(infopoor)
J16_S005990,서비스이용,배송확인,배송확인,False,False,False,False,정보충분
J16_S005993,서비스이용,배송확인,서비스이용,True,True,False,True,정보부족(infopoor)
J16_S006014,서비스이용,환불요청,환불요청,False,False,True,False,정보충분
J16_S006039,서비스이용,주문취소,주문취소,False,False,False,False,정보충분
J16_S006060,서비스이용,환불요청,서비스이용,True,True,False,True,정보부족(infopoor)
J16_S006066,서비스이용,배송확인,배송확인,False,False,False,False,정보충분
J16_S006071,서비스이용,배송확인,서비스이용,True,True,True,True,정보부족(infopoor)
J16_S006080,서비스이용,구매진행,구매진행,False,False,True,False,정보충분
J16_S006096,서비스이용,배송확인,배송확인,False,False,False,False,정보충분
J16_S006234,서비스이용,배송확인,구매진행,False,True,True,True,정보부족(infopoor)
J16_S006236,서비스이용,배송확인,서비스이용,True,True,True,True,정보부족(infopoor)
J16_S006258,서비스이용,배송확인,배송확인,False,False,False,False,정보충분
J16_S006265,서비스이용,구매진행,서비스이용,True,True,True,True,정보부족(infopoor)
J16_S006358,서비스이용,배송확인,서비스이용,True,True,False,True,정보부족(infopoor)
J16_S006400,서비스이용,주문취소,배송확인,False,True,False,False,정보충분
J16_S006431,서비스이용,불만제기,서비스이용,True,True,False,True,정보부족(infopoor)
J16_S006469,서비스이용,구매진행,배송확인,False,True,True,True,정보부족(infopoor)
J16_S006480,서비스이용,불만제기,불만제기,False,False,True,False,정보충분
J16_S006503,서비스이용,구매진행,구매진행,False,False,False,False,정보충분
J16_S006520,서비스이용,구매진행,구매진행,False,False,False,False,정보충분
J16_S006553,서비스이용,구매진행,서비스이용,True,True,True,True,정보부족(infopoor)
J16_S006602,서비스이용,불만제기,서비스이용,True,True,False,True,정보부족(infopoor)
J16_S006624,서비스이용,불만제기,배송확인,False,True,True,True,정보부족(infopoor)
J16_S006637,서비스이용,배송확인,배송확인,False,False,False,False,정보충분
J16_S006673,서비스이용,구매진행,구매진행,False,False,False,False,정보충분
J16_S006683,서비스이용,환불요청,서비스이용,True,True,False,True,정보부족(infopoor)
J16_S006725,서비스이용,구매진행,구매진행,False,False,False,False,정보충분
J16_S006732,서비스이용,구매진행,구매진행,False,False,False,False,정보충분
J16_S006749,서비스이용,배송확인,서비스이용,True,True,False,True,정보부족(infopoor)
J16_S006759,서비스이용,배송확인,배송확인,False,False,False,False,정보충분
J16_S006762,서비스이용,환불요청,서비스이용,True,True,False,True,정보부족(infopoor)
J16_S006770,서비스이용,주문취소,서비스이용,True,True,False,True,정보부족(infopoor)
J16_S006779,서비스이용,구매진행,서비스이용,True,True,False,True,정보부족(infopoor)
J16_S006780,서비스이용,구매진행,구매진행,False,False,False,False,정보충분
J16_S006831,서비스이용,배송확인,서비스이용,True,True,False,True,정보부족(infopoor)
J16_S006838,서비스이용,구매진행,서비스이용,True,True,False,True,정보부족(infopoor)
J16_S006876,서비스이용,구매진행,환불요청,False,True,False,False,정보충분
J16_S006885,서비스이용,환불요청,서비스이용,True,True,False,True,정보부족(infopoor)
J16_S006913,주문취소,배송확인,배송확인,False,False,False,False,정보충분
J16_S006914,서비스이용,배송확인,서비스이용,True,True,False,True,정보부족(infopoor)
J16_S006940,서비스이용,구매진행,구매진행,False,False,True,False,정보충분
J17_S000021,서비스이용,배송확인,서비스이용,True,True,True,True,정보부족(infopoor)
J17_S000045,구매진행,서비스이용,구매진행,True,True,True,True,정보부족(infopoor)
J17_S000083,서비스이용,교환반품,서비스이용,True,True,True,True,정보부족(infopoor)
J17_S000122,서비스이용,주문취소,주문취소,False,False,False,False,정보충분
J17_S000162,서비스이용,구매진행,주문취소,False,True,False,False,정보충분
J17_S000210,구매진행,배송확인,구매진행,True,True,False,True,정보부족(infopoor)
J17_S000310,서비스이용,구매진행,구매진행,False,False,True,False,정보충분
J17_S000313,서비스이용,구매진행,구매진행,False,False,False,False,정보충분
J17_S000320,서비스이용,주문취소,서비스이용,True,True,False,True,정보부족(infopoor)
J17_S000324,서비스이용,불만제기,서비스이용,True,True,False,True,정보부족(infopoor)
J17_S000328,서비스이용,구매진행,구매진행,False,False,True,False,정보충분
J17_S000333,서비스이용,환불요청,서비스이용,True,True,False,True,정보부족(infopoor)
J17_S000341,서비스이용,환불요청,구매진행,False,True,True,True,정보부족(infopoor)
J17_S000342,서비스이용,구매진행,서비스이용,True,True,False,True,정보부족(infopoor)
J17_S000372,구매진행,서비스이용,서비스이용,False,False,False,False,정보충분
J17_S000406,서비스이용,환불요청,서비스이용,True,True,False,True,정보부족(infopoor)
J17_S000482,서비스이용,구매진행,서비스이용,True,True,False,True,정보부족(infopoor)
J17_S000527,서비스이용,구매진행,구매진행,False,False,False,False,정보충분
J17_S000529,서비스이용,구매진행,구매진행,False,False,True,False,정보충분
J17_S000557,서비스이용,불만제기,불만제기,False,False,True,False,정보충분
J17_S000649,서비스이용,배송확인,배송확인,False,False,False,False,정보충분
J17_S000695,서비스이용,구매진행,서비스이용,True,True,False,True,정보부족(infopoor)
J17_S000714,서비스이용,구매진행,구매진행,False,False,False,False,정보충분
J17_S000749,서비스이용,구매진행,서비스이용,True,True,False,True,정보부족(infopoor)
J17_S000756,서비스이용,불만제기,불만제기,False,False,False,False,정보충분
J17_S000761,서비스이용,구매진행,서비스이용,True,True,True,True,정보부족(infopoor)
J17_S000815,서비스이용,구매진행,서비스이용,True,True,False,True,정보부족(infopoor)
J17_S000836,서비스이용,불만제기,배송확인,False,True,True,True,정보부족(infopoor)
J17_S000844,서비스이용,환불요청,서비스이용,True,True,True,True,정보부족(infopoor)
J17_S000865,서비스이용,구매진행,서비스이용,True,True,False,True,정보부족(infopoor)
J17_S000919,서비스이용,배송확인,배송확인,False,False,False,False,정보충분
J17_S000929,서비스이용,구매진행,구매진행,False,False,True,False,정보충분
J17_S000935,주문취소,서비스이용,환불요청,False,True,False,False,정보충분
J17_S000984,서비스이용,구매진행,구매진행,False,False,False,False,정보충분
J17_S000992,서비스이용,구매진행,구매진행,False,False,False,False,정보충분
J17_S001021,서비스이용,구매진행,구매진행,False,False,False,False,정보충분
J17_S001085,서비스이용,배송확인,배송확인,False,False,False,False,정보충분
J17_S001149,서비스이용,주문취소,서비스이용,True,True,False,True,정보부족(infopoor)
J17_S001150,서비스이용,구매진행,서비스이용,True,True,False,True,정보부족(infopoor)
J17_S001177,서비스이용,구매진행,구매진행,False,False,False,False,정보충분
J17_S001203,구매진행,서비스이용,서비스이용,False,False,False,False,정보충분
J17_S001212,서비스이용,구매진행,구매진행,False,False,False,False,정보충분
J17_S001214,서비스이용,배송확인,환불요청,False,True,False,False,정보충분
J17_S001237,서비스이용,구매진행,환불요청,False,True,True,True,정보부족(infopoor)
J17_S001268,서비스이용,불만제기,서비스이용,True,True,False,True,정보부족(infopoor)
J17_S001271,서비스이용,배송확인,배송확인,False,False,False,False,정보충분
J17_S001349,서비스이용,구매진행,주문취소,False,True,False,False,정보충분
J17_S001404,서비스이용,구매진행,서비스이용,True,True,True,True,정보부족(infopoor)
J17_S001408,서비스이용,구매진행,서비스이용,True,True,False,True,정보부족(infopoor)
J17_S001426,서비스이용,구매진행,구매진행,False,False,False,False,정보충분
J17_S001441,서비스이용,배송확인,배송확인,False,False,False,False,정보충분
J17_S001452,서비스이용,배송확인,배송확인,False,False,False,False,정보충분
J17_S001456,서비스이용,환불요청,서비스이용,True,True,True,True,정보부족(infopoor)
J17_S001459,서비스이용,불만제기,서비스이용,True,True,True,True,정보부족(infopoor)
J17_S001488,서비스이용,배송확인,배송확인,False,False,False,False,정보충분
J17_S001516,서비스이용,불만제기,불만제기,False,False,False,False,정보충분
J17_S001517,서비스이용,불만제기,서비스이용,True,True,True,True,정보부족(infopoor)
J17_S001520,서비스이용,환불요청,환불요청,False,False,False,False,정보충분
J17_S001573,서비스이용,구매진행,서비스이용,True,True,False,True,정보부족(infopoor)
J17_S001581,주문취소,서비스이용,환불요청,False,True,True,True,정보부족(infopoor)
J17_S001633,서비스이용,배송확인,배송확인,False,False,False,False,정보충분
J17_S001646,서비스이용,구매진행,서비스이용,True,True,False,True,정보부족(infopoor)
J17_S001647,서비스이용,불만제기,불만제기,False,False,False,False,정보충분
J17_S001676,서비스이용,구매진행,구매진행,False,False,True,False,정보충분
J17_S001719,서비스이용,환불요청,서비스이용,True,True,True,True,정보부족(infopoor)
J17_S001780,서비스이용,구매진행,구매진행,False,False,False,False,정보충분
J17_S001783,서비스이용,환불요청,불만제기,False,True,True,True,정보부족(infopoor)
J17_S001794,교환반품,배송확인,배송확인,False,False,False,False,정보충분
J17_S001820,서비스이용,배송확인,배송확인,False,False,False,False,정보충분
J17_S001824,서비스이용,배송확인,환불요청,False,True,False,False,정보충분
J17_S001827,서비스이용,환불요청,배송확인,False,True,False,False,정보충분
J17_S001923,서비스이용,불만제기,불만제기,False,False,False,False,정보충분
J17_S001956,서비스이용,배송확인,서비스이용,True,True,False,True,정보부족(infopoor)
J17_S001962,서비스이용,구매진행,구매진행,False,False,True,False,정보충분
J17_S001986,서비스이용,배송확인,배송확인,False,False,False,False,정보충분
J17_S002015,서비스이용,환불요청,서비스이용,True,True,False,True,정보부족(infopoor)
J17_S002017,서비스이용,구매진행,환불요청,False,True,False,False,정보충분
J17_S002022,서비스이용,구매진행,서비스이용,True,True,False,True,정보부족(infopoor)
J17_S002037,서비스이용,배송확인,불만제기,False,True,True,True,정보부족(infopoor)
J17_S002042,서비스이용,환불요청,환불요청,False,False,False,False,정보충분
J17_S002110,서비스이용,불만제기,서비스이용,True,True,False,True,정보부족(infopoor)
J17_S002125,서비스이용,배송확인,배송확인,False,False,False,False,정보충분
J17_S002127,서비스이용,교환반품,서비스이용,True,True,True,True,정보부족(infopoor)
J17_S002237,서비스이용,구매진행,구매진행,False,False,False,False,정보충분
J17_S002249,서비스이용,구매진행,구매진행,False,False,True,False,정보충분
J17_S002289,서비스이용,구매진행,서비스이용,True,True,True,True,정보부족(infopoor)
J17_S002306,서비스이용,배송확인,배송확인,False,False,True,False,정보충분
J17_S002319,구매진행,주문취소,구매진행,True,True,False,True,정보부족(infopoor)
J17_S002324,서비스이용,환불요청,환불요청,False,False,False,False,정보충분
J17_S002336,서비스이용,배송확인,배송확인,False,False,False,False,정보충분
J17_S002360,서비스이용,배송확인,서비스이용,True,True,True,True,정보부족(infopoor)
J17_S002418,서비스이용,구매진행,서비스이용,True,True,False,True,정보부족(infopoor)
J17_S002427,서비스이용,배송확인,배송확인,False,False,True,False,정보충분
J17_S002444,서비스이용,불만제기,서비스이용,True,True,True,True,정보부족(infopoor)
J17_S002454,서비스이용,배송확인,배송확인,False,False,False,False,정보충분
J17_S002494,서비스이용,구매진행,구매진행,False,False,False,False,정보충분
J17_S002495,서비스이용,불만제기,서비스이용,True,True,False,True,정보부족(infopoor)
J17_S002498,서비스이용,불만제기,불만제기,False,False,False,False,정보충분
J17_S002502,서비스이용,구매진행,서비스이용,True,True,True,True,정보부족(infopoor)
J17_S002506,서비스이용,불만제기,불만제기,False,False,False,False,정보충분
J17_S002510,서비스이용,불만제기,불만제기,False,False,False,False,정보충분
J17_S002523,서비스이용,배송확인,구매진행,False,True,True,True,정보부족(infopoor)
J17_S002528,서비스이용,교환반품,교환반품,False,False,False,False,정보충분
J17_S002566,서비스이용,환불요청,환불요청,False,False,False,False,정보충분
J17_S002579,서비스이용,구매진행,구매진행,False,False,False,False,정보충분
J17_S002596,서비스이용,불만제기,서비스이용,True,True,False,True,정보부족(infopoor)
J17_S002677,교환반품,서비스이용,교환반품,True,True,True,True,정보부족(infopoor)
J17_S002737,서비스이용,배송확인,서비스이용,True,True,True,True,정보부족(infopoor)
J17_S002740,서비스이용,배송확인,서비스이용,True,True,True,True,정보부족(infopoor)
J17_S002749,서비스이용,구매진행,구매진행,False,False,True,False,정보충분
J17_S002765,서비스이용,환불요청,서비스이용,True,True,False,True,정보부족(infopoor)
J17_S002771,서비스이용,주문취소,주문취소,False,False,True,False,정보충분
J17_S002774,서비스이용,구매진행,구매진행,False,False,False,False,정보충분
J17_S002781,서비스이용,구매진행,구매진행,False,False,True,False,정보충분
J17_S002826,서비스이용,환불요청,서비스이용,True,True,True,True,정보부족(infopoor)
J17_S002832,서비스이용,구매진행,구매진행,False,False,False,False,정보충분
J17_S002834,서비스이용,배송확인,서비스이용,True,True,True,True,정보부족(infopoor)
J17_S002841,서비스이용,배송확인,서비스이용,True,True,True,True,정보부족(infopoor)
J17_S002844,서비스이용,구매진행,구매진행,False,False,True,False,정보충분
J17_S002847,서비스이용,구매진행,서비스이용,True,True,False,True,정보부족(infopoor)
J17_S002850,서비스이용,구매진행,구매진행,False,False,False,False,정보충분
J17_S002852,서비스이용,구매진행,서비스이용,True,True,True,True,정보부족(infopoor)
J17_S002871,구매진행,서비스이용,서비스이용,False,False,True,False,정보충분
J17_S002887,구매진행,서비스이용,구매진행,True,True,False,True,정보부족(infopoor)
J17_S002930,서비스이용,환불요청,주문취소,False,True,False,False,정보충분
J17_S002932,서비스이용,배송확인,배송확인,False,False,False,False,정보충분
J17_S002935,서비스이용,불만제기,서비스이용,True,True,False,True,정보부족(infopoor)
J17_S002945,서비스이용,배송확인,서비스이용,True,True,False,True,정보부족(infopoor)
J17_S002951,서비스이용,구매진행,서비스이용,True,True,False,True,정보부족(infopoor)
J17_S002955,서비스이용,환불요청,환불요청,False,False,False,False,정보충분
J17_S002961,서비스이용,배송확인,배송확인,False,False,False,False,정보충분
J17_S002963,서비스이용,환불요청,환불요청,False,False,True,False,정보충분
J17_S002979,서비스이용,불만제기,불만제기,False,False,False,False,정보충분
J17_S002980,서비스이용,배송확인,서비스이용,True,True,True,True,정보부족(infopoor)
J17_S003020,서비스이용,불만제기,불만제기,False,False,False,False,정보충분
J17_S003024,구매진행,서비스이용,서비스이용,False,False,False,False,정보충분
J17_S003028,서비스이용,구매진행,구매진행,False,False,True,False,정보충분
J17_S003031,구매진행,서비스이용,서비스이용,False,False,True,False,정보충분
J17_S003034,불만제기,서비스이용,불만제기,True,True,False,True,정보부족(infopoor)
J17_S003075,서비스이용,구매진행,구매진행,False,False,False,False,정보충분
J17_S003098,서비스이용,배송확인,배송확인,False,False,True,False,정보충분
J17_S003128,서비스이용,배송확인,배송확인,False,False,False,False,정보충분
J17_S003145,서비스이용,구매진행,구매진행,False,False,False,False,정보충분
J17_S003161,서비스이용,불만제기,서비스이용,True,True,False,True,정보부족(infopoor)
J17_S003175,서비스이용,불만제기,불만제기,False,False,True,False,정보충분
J17_S003209,서비스이용,배송확인,주문취소,False,True,True,True,정보부족(infopoor)
J17_S003214,서비스이용,구매진행,구매진행,False,False,True,False,정보충분
J17_S003235,서비스이용,구매진행,서비스이용,True,True,True,True,정보부족(infopoor)
J17_S003242,서비스이용,환불요청,구매진행,False,True,False,False,정보충분
J17_S003248,서비스이용,구매진행,배송확인,False,True,False,False,정보충분
J17_S003283,구매진행,서비스이용,구매진행,True,True,False,True,정보부족(infopoor)
J17_S003284,서비스이용,불만제기,서비스이용,True,True,True,True,정보부족(infopoor)
J17_S003319,서비스이용,주문취소,주문취소,False,False,False,False,정보충분
J17_S003332,서비스이용,배송확인,주문취소,False,True,True,True,정보부족(infopoor)
J17_S003333,서비스이용,구매진행,배송확인,False,True,False,False,정보충분
J17_S003342,서비스이용,구매진행,구매진행,False,False,False,False,정보충분
J17_S003367,서비스이용,배송확인,배송확인,False,False,False,False,정보충분
J17_S003374,서비스이용,교환반품,서비스이용,True,True,False,True,정보부족(infopoor)
J17_S003464,서비스이용,배송확인,주문취소,False,True,False,False,정보충분
J17_S003503,서비스이용,배송확인,배송확인,False,False,False,False,정보충분
J17_S003506,서비스이용,구매진행,서비스이용,True,True,False,True,정보부족(infopoor)
J17_S003563,서비스이용,불만제기,불만제기,False,False,False,False,정보충분
J17_S003564,서비스이용,구매진행,구매진행,False,False,True,False,정보충분
J17_S003581,서비스이용,구매진행,구매진행,False,False,False,False,정보충분
J17_S003616,서비스이용,구매진행,서비스이용,True,True,False,True,정보부족(infopoor)
J17_S003620,서비스이용,구매진행,서비스이용,True,True,False,True,정보부족(infopoor)
J17_S003628,서비스이용,구매진행,서비스이용,True,True,True,True,정보부족(infopoor)
J17_S003651,구매진행,서비스이용,서비스이용,False,False,False,False,정보충분
J17_S003689,서비스이용,불만제기,서비스이용,True,True,False,True,정보부족(infopoor)
J17_S003725,서비스이용,구매진행,서비스이용,True,True,False,True,정보부족(infopoor)
J17_S003736,서비스이용,구매진행,구매진행,False,False,False,False,정보충분
J17_S003831,서비스이용,구매진행,구매진행,False,False,False,False,정보충분
J17_S003835,서비스이용,구매진행,서비스이용,True,True,False,True,정보부족(infopoor)
J17_S003844,서비스이용,구매진행,서비스이용,True,True,False,True,정보부족(infopoor)
J17_S003858,서비스이용,불만제기,서비스이용,True,True,False,True,정보부족(infopoor)
J17_S003860,서비스이용,구매진행,구매진행,False,False,True,False,정보충분
J17_S003878,구매진행,서비스이용,구매진행,True,True,True,True,정보부족(infopoor)
J17_S003881,서비스이용,불만제기,불만제기,False,False,True,False,정보충분
J17_S003947,서비스이용,불만제기,서비스이용,True,True,False,True,정보부족(infopoor)
J17_S003955,서비스이용,구매진행,구매진행,False,False,False,False,정보충분
J17_S003958,서비스이용,구매진행,서비스이용,True,True,False,True,정보부족(infopoor)
J17_S003992,서비스이용,배송확인,배송확인,False,False,False,False,정보충분
J17_S004001,서비스이용,구매진행,구매진행,False,False,False,False,정보충분
J17_S004039,서비스이용,배송확인,배송확인,False,False,False,False,정보충분
J17_S004071,서비스이용,구매진행,서비스이용,True,True,True,True,정보부족(infopoor)
J17_S004090,서비스이용,불만제기,서비스이용,True,True,True,True,정보부족(infopoor)
J17_S004120,서비스이용,배송확인,배송확인,False,False,False,False,정보충분
J17_S004124,서비스이용,배송확인,배송확인,False,False,False,False,정보충분
J17_S004125,서비스이용,교환반품,서비스이용,True,True,False,True,정보부족(infopoor)
J17_S004129,서비스이용,불만제기,불만제기,False,False,False,False,정보충분
J17_S004161,서비스이용,구매진행,서비스이용,True,True,False,True,정보부족(infopoor)
J17_S004235,주문취소,서비스이용,서비스이용,False,False,False,False,정보충분
J17_S004271,서비스이용,구매진행,구매진행,False,False,False,False,정보충분
J17_S004291,서비스이용,주문취소,서비스이용,True,True,True,True,정보부족(infopoor)
J17_S004300,서비스이용,구매진행,구매진행,False,False,False,False,정보충분
J17_S004336,서비스이용,불만제기,서비스이용,True,True,False,True,정보부족(infopoor)
J17_S004356,서비스이용,구매진행,구매진행,False,False,False,False,정보충분
J17_S004359,서비스이용,구매진행,구매진행,False,False,False,False,정보충분
J17_S004378,서비스이용,교환반품,교환반품,False,False,False,False,정보충분
J17_S004391,교환반품,배송확인,서비스이용,False,True,False,False,정보충분
J17_S004415,주문취소,서비스이용,서비스이용,False,False,True,False,정보충분
J17_S004416,서비스이용,배송확인,배송확인,False,False,False,False,정보충분
J17_S004435,서비스이용,환불요청,주문취소,False,True,False,False,정보충분
J17_S004443,서비스이용,환불요청,구매진행,False,True,True,True,정보부족(infopoor)
J17_S004463,서비스이용,구매진행,구매진행,False,False,False,False,정보충분
J17_S004468,서비스이용,불만제기,불만제기,False,False,False,False,정보충분
J17_S004509,서비스이용,불만제기,서비스이용,True,True,False,True,정보부족(infopoor)
J17_S004547,서비스이용,구매진행,구매진행,False,False,True,False,정보충분
J17_S004583,구매진행,불만제기,환불요청,False,True,False,False,정보충분
J17_S004628,서비스이용,불만제기,불만제기,False,False,False,False,정보충분
J17_S004658,구매진행,서비스이용,구매진행,True,True,False,True,정보부족(infopoor)
J17_S004690,서비스이용,구매진행,구매진행,False,False,False,False,정보충분
J17_S004709,서비스이용,교환반품,교환반품,False,False,False,False,정보충분
J17_S004716,구매진행,서비스이용,서비스이용,False,False,False,False,정보충분
J17_S004723,서비스이용,구매진행,서비스이용,True,True,False,True,정보부족(infopoor)
J17_S004732,서비스이용,교환반품,교환반품,False,False,True,False,정보충분
J17_S004748,서비스이용,주문취소,서비스이용,True,True,False,True,정보부족(infopoor)
J17_S004773,교환반품,서비스이용,배송확인,False,True,False,False,정보충분
J17_S004787,구매진행,서비스이용,교환반품,False,True,False,False,정보충분
J17_S004816,서비스이용,구매진행,서비스이용,True,True,True,True,정보부족(infopoor)
J17_S004821,서비스이용,배송확인,배송확인,False,False,True,False,정보충분
J17_S004830,서비스이용,구매진행,서비스이용,True,True,False,True,정보부족(infopoor)
J17_S004832,서비스이용,구매진행,서비스이용,True,True,False,True,정보부족(infopoor)
J17_S004897,서비스이용,배송확인,배송확인,False,False,False,False,정보충분
J17_S004955,서비스이용,구매진행,서비스이용,True,True,False,True,정보부족(infopoor)
J17_S004962,서비스이용,구매진행,서비스이용,True,True,True,True,정보부족(infopoor)
J17_S004977,서비스이용,주문취소,서비스이용,True,True,False,True,정보부족(infopoor)
J17_S005047,서비스이용,불만제기,불만제기,False,False,True,False,정보충분
J17_S005174,서비스이용,불만제기,서비스이용,True,True,True,True,정보부족(infopoor)
J17_S005187,서비스이용,환불요청,구매진행,False,True,True,True,정보부족(infopoor)
J17_S005212,서비스이용,불만제기,서비스이용,True,True,True,True,정보부족(infopoor)
J17_S005216,서비스이용,불만제기,불만제기,False,False,True,False,정보충분
J17_S005284,서비스이용,구매진행,구매진행,False,False,True,False,정보충분
J17_S005291,서비스이용,환불요청,구매진행,False,True,True,True,정보부족(infopoor)
J17_S005308,서비스이용,환불요청,환불요청,False,False,False,False,정보충분
J17_S005310,서비스이용,구매진행,서비스이용,True,True,False,True,정보부족(infopoor)
J17_S005321,서비스이용,불만제기,불만제기,False,False,False,False,정보충분
J17_S005362,구매진행,불만제기,구매진행,True,True,True,True,정보부족(infopoor)
J17_S005365,서비스이용,불만제기,불만제기,False,False,False,False,정보충분
J17_S005377,서비스이용,불만제기,서비스이용,True,True,False,True,정보부족(infopoor)
J17_S005384,서비스이용,구매진행,구매진행,False,False,True,False,정보충분
J17_S005405,서비스이용,배송확인,서비스이용,True,True,False,True,정보부족(infopoor)
J17_S005446,서비스이용,구매진행,서비스이용,True,True,False,True,정보부족(infopoor)
J17_S005464,서비스이용,구매진행,구매진행,False,False,False,False,정보충분
J17_S005473,서비스이용,환불요청,환불요청,False,False,False,False,정보충분
J17_S005490,서비스이용,환불요청,환불요청,False,False,False,False,정보충분
J17_S005551,서비스이용,배송확인,배송확인,False,False,True,False,정보충분
J17_S005557,서비스이용,배송확인,배송확인,False,False,False,False,정보충분
J17_S005563,서비스이용,구매진행,서비스이용,True,True,True,True,정보부족(infopoor)
J17_S005565,서비스이용,불만제기,불만제기,False,False,False,False,정보충분
J17_S005587,주문취소,서비스이용,주문취소,True,True,False,True,정보부족(infopoor)
J17_S005600,서비스이용,불만제기,불만제기,False,False,False,False,정보충분
J17_S005633,서비스이용,환불요청,서비스이용,True,True,False,True,정보부족(infopoor)
J17_S005635,서비스이용,환불요청,서비스이용,True,True,False,True,정보부족(infopoor)
J17_S005647,서비스이용,구매진행,서비스이용,True,True,True,True,정보부족(infopoor)
J17_S005665,서비스이용,환불요청,환불요청,False,False,False,False,정보충분
J17_S005673,서비스이용,교환반품,서비스이용,True,True,False,True,정보부족(infopoor)
J17_S005683,서비스이용,구매진행,서비스이용,True,True,False,True,정보부족(infopoor)
J17_S005696,서비스이용,환불요청,환불요청,False,False,False,False,정보충분
J17_S005711,서비스이용,주문취소,주문취소,False,False,False,False,정보충분
J17_S005720,서비스이용,환불요청,환불요청,False,False,False,False,정보충분
J17_S005721,서비스이용,불만제기,불만제기,False,False,False,False,정보충분
J17_S005733,서비스이용,구매진행,배송확인,False,True,False,False,정보충분
J17_S005757,서비스이용,구매진행,구매진행,False,False,False,False,정보충분
J17_S005775,서비스이용,환불요청,환불요청,False,False,False,False,정보충분
J17_S005776,서비스이용,구매진행,구매진행,False,False,False,False,정보충분
J17_S005800,서비스이용,교환반품,서비스이용,True,True,False,True,정보부족(infopoor)
J17_S005834,서비스이용,배송확인,서비스이용,True,True,False,True,정보부족(infopoor)
J17_S005839,서비스이용,주문취소,주문취소,False,False,True,False,정보충분
J17_S005857,서비스이용,구매진행,배송확인,False,True,True,True,정보부족(infopoor)
J17_S005935,서비스이용,환불요청,환불요청,False,False,False,False,정보충분
J17_S005943,서비스이용,구매진행,서비스이용,True,True,False,True,정보부족(infopoor)
J17_S005976,서비스이용,구매진행,서비스이용,True,True,False,True,정보부족(infopoor)
J17_S005998,서비스이용,불만제기,서비스이용,True,True,False,True,정보부족(infopoor)
J17_S006033,서비스이용,구매진행,구매진행,False,False,True,False,정보충분
J17_S006041,서비스이용,구매진행,서비스이용,True,True,False,True,정보부족(infopoor)
J17_S006056,서비스이용,환불요청,서비스이용,True,True,False,True,정보부족(infopoor)
J17_S006060,구매진행,불만제기,서비스이용,False,True,False,False,정보충분
J17_S006081,서비스이용,구매진행,구매진행,False,False,False,False,정보충분
J17_S006141,서비스이용,환불요청,주문취소,False,True,False,False,정보충분
J17_S006153,구매진행,서비스이용,구매진행,True,True,True,True,정보부족(infopoor)
J17_S006167,서비스이용,구매진행,구매진행,False,False,False,False,정보충분
J17_S006175,서비스이용,구매진행,서비스이용,True,True,False,True,정보부족(infopoor)
J17_S006222,서비스이용,불만제기,서비스이용,True,True,False,True,정보부족(infopoor)
J17_S006245,서비스이용,구매진행,구매진행,False,False,False,False,정보충분
J17_S006259,서비스이용,구매진행,서비스이용,True,True,True,True,정보부족(infopoor)
J17_S006264,구매진행,서비스이용,환불요청,False,True,True,True,정보부족(infopoor)
J17_S006306,서비스이용,구매진행,구매진행,False,False,False,False,정보충분
J17_S006322,서비스이용,구매진행,서비스이용,True,True,True,True,정보부족(infopoor)
J17_S006351,서비스이용,배송확인,서비스이용,True,True,True,True,정보부족(infopoor)
J17_S006368,구매진행,서비스이용,서비스이용,False,False,True,False,정보충분
J17_S006385,구매진행,서비스이용,서비스이용,False,False,False,False,정보충분
J17_S006395,서비스이용,구매진행,서비스이용,True,True,False,True,정보부족(infopoor)
J17_S006404,서비스이용,구매진행,서비스이용,True,True,False,True,정보부족(infopoor)
J17_S006407,서비스이용,구매진행,서비스이용,True,True,False,True,정보부족(infopoor)
J17_S006443,서비스이용,구매진행,구매진행,False,False,True,False,정보충분
J17_S006480,서비스이용,구매진행,구매진행,False,False,False,False,정보충분
J17_S006482,불만제기,서비스이용,불만제기,True,True,False,True,정보부족(infopoor)
J17_S006486,구매진행,서비스이용,구매진행,True,True,True,True,정보부족(infopoor)
J17_S006489,교환반품,배송확인,교환반품,True,True,False,True,정보부족(infopoor)
J17_S006494,서비스이용,불만제기,서비스이용,True,True,False,True,정보부족(infopoor)
J17_S006501,서비스이용,환불요청,환불요청,False,False,False,False,정보충분
J17_S006520,구매진행,서비스이용,구매진행,True,True,False,True,정보부족(infopoor)
J17_S006541,서비스이용,구매진행,구매진행,False,False,True,False,정보충분
J17_S006578,서비스이용,구매진행,구매진행,False,False,False,False,정보충분
J17_S006591,서비스이용,구매진행,서비스이용,True,True,False,True,정보부족(infopoor)
J17_S006600,서비스이용,배송확인,서비스이용,True,True,False,True,정보부족(infopoor)
J17_S006702,서비스이용,교환반품,환불요청,False,True,False,False,정보충분
J17_S006705,서비스이용,환불요청,환불요청,False,False,False,False,정보충분
J17_S006710,서비스이용,배송확인,서비스이용,True,True,True,True,정보부족(infopoor)
J17_S006713,서비스이용,배송확인,환불요청,False,True,False,False,정보충분
J17_S006737,서비스이용,구매진행,구매진행,False,False,True,False,정보충분
J17_S006738,서비스이용,구매진행,구매진행,False,False,True,False,정보충분
J17_S006760,구매진행,주문취소,서비스이용,False,True,False,False,정보충분
J17_S006762,구매진행,환불요청,구매진행,True,True,True,True,정보부족(infopoor)
J17_S006764,서비스이용,배송확인,배송확인,False,False,False,False,정보충분
J17_S006766,서비스이용,배송확인,서비스이용,True,True,False,True,정보부족(infopoor)
J18_S000080,서비스이용,배송확인,배송확인,False,False,False,False,정보충분
J18_S000145,서비스이용,환불요청,서비스이용,True,True,True,True,정보부족(infopoor)
J18_S000161,교환반품,배송확인,교환반품,True,True,True,True,정보부족(infopoor)
J18_S000204,교환반품,배송확인,배송확인,False,False,True,False,정보충분
J18_S000212,교환반품,불만제기,교환반품,True,True,False,True,정보부족(infopoor)
J18_S000215,교환반품,배송확인,배송확인,False,False,False,False,정보충분
J18_S000224,교환반품,배송확인,배송확인,False,False,False,False,정보충분
J18_S000243,교환반품,서비스이용,서비스이용,False,False,True,False,정보충분
J18_S000261,교환반품,불만제기,불만제기,False,False,False,False,정보충분
J18_S000270,서비스이용,배송확인,교환반품,False,True,False,False,정보충분
J18_S000343,교환반품,불만제기,교환반품,True,True,False,True,정보부족(infopoor)
J18_S000357,서비스이용,불만제기,배송확인,False,True,False,False,정보충분
J18_S000412,교환반품,서비스이용,배송확인,False,True,True,True,정보부족(infopoor)
J18_S000426,교환반품,배송확인,교환반품,True,True,True,True,정보부족(infopoor)
J18_S000454,교환반품,배송확인,교환반품,True,True,False,True,정보부족(infopoor)
J18_S000504,구매진행,교환반품,주문취소,False,True,False,False,정보충분
J18_S000571,서비스이용,구매진행,구매진행,False,False,False,False,정보충분
J18_S000668,교환반품,배송확인,교환반품,True,True,True,True,정보부족(infopoor)
J18_S000669,교환반품,배송확인,배송확인,False,False,False,False,정보충분
J18_S000686,주문취소,구매진행,환불요청,False,True,False,False,정보충분
J18_S000750,교환반품,주문취소,환불요청,False,True,False,False,정보충분
J18_S000752,교환반품,배송확인,교환반품,True,True,True,True,정보부족(infopoor)
J18_S000767,교환반품,배송확인,배송확인,False,False,False,False,정보충분
J18_S000788,교환반품,배송확인,교환반품,True,True,True,True,정보부족(infopoor)
J18_S000801,교환반품,배송확인,교환반품,True,True,False,True,정보부족(infopoor)
J18_S000880,서비스이용,환불요청,배송확인,False,True,False,False,정보충분
J18_S000886,교환반품,배송확인,배송확인,False,False,False,False,정보충분
J18_S000920,서비스이용,배송확인,배송확인,False,False,False,False,정보충분
J18_S000921,서비스이용,교환반품,구매진행,False,True,False,False,정보충분
J18_S000922,서비스이용,배송확인,배송확인,False,False,False,False,정보충분
J18_S000971,교환반품,서비스이용,교환반품,True,True,False,True,정보부족(infopoor)
J18_S000990,교환반품,환불요청,환불요청,False,False,False,False,정보충분
J18_S001058,교환반품,배송확인,교환반품,True,True,True,True,정보부족(infopoor)
J18_S001094,교환반품,배송확인,교환반품,True,True,True,True,정보부족(infopoor)
J18_S001099,교환반품,배송확인,교환반품,True,True,False,True,정보부족(infopoor)
J18_S001125,교환반품,배송확인,교환반품,True,True,False,True,정보부족(infopoor)
J18_S001149,구매진행,환불요청,구매진행,True,True,False,True,정보부족(infopoor)
J18_S001150,구매진행,배송확인,배송확인,False,False,False,False,정보충분
J18_S001203,교환반품,주문취소,주문취소,False,False,False,False,정보충분
J18_S001308,교환반품,배송확인,교환반품,True,True,False,True,정보부족(infopoor)
J18_S001321,교환반품,배송확인,교환반품,True,True,False,True,정보부족(infopoor)
J18_S001437,교환반품,서비스이용,서비스이용,False,False,False,False,정보충분
J18_S001503,서비스이용,배송확인,배송확인,False,False,False,False,정보충분
J18_S001510,주문취소,배송확인,배송확인,False,False,True,False,정보충분
J18_S001542,교환반품,구매진행,배송확인,False,True,False,False,정보충분
J18_S001545,서비스이용,불만제기,불만제기,False,False,True,False,정보충분
J18_S001551,서비스이용,주문취소,불만제기,False,True,False,False,정보충분
J18_S001666,교환반품,서비스이용,교환반품,True,True,False,True,정보부족(infopoor)
J18_S001690,교환반품,서비스이용,서비스이용,False,False,False,False,정보충분
J18_S001773,주문취소,환불요청,구매진행,False,True,False,False,정보충분
J18_S001806,서비스이용,불만제기,불만제기,False,False,False,False,정보충분
J18_S001946,교환반품,불만제기,교환반품,True,True,False,True,정보부족(infopoor)
J18_S001961,주문취소,구매진행,주문취소,True,True,True,True,정보부족(infopoor)
J18_S001980,교환반품,배송확인,배송확인,False,False,False,False,정보충분
J18_S002147,교환반품,구매진행,구매진행,False,False,True,False,정보충분
J18_S002181,교환반품,서비스이용,배송확인,False,True,True,True,정보부족(infopoor)
J18_S002205,교환반품,배송확인,교환반품,True,True,False,True,정보부족(infopoor)
J18_S002295,교환반품,배송확인,교환반품,True,True,True,True,정보부족(infopoor)
J18_S002317,교환반품,배송확인,교환반품,True,True,False,True,정보부족(infopoor)
J18_S002360,교환반품,배송확인,교환반품,True,True,True,True,정보부족(infopoor)
J18_S002367,교환반품,불만제기,배송확인,False,True,False,False,정보충분
J18_S002373,교환반품,배송확인,배송확인,False,False,False,False,정보충분
J18_S002392,교환반품,불만제기,배송확인,False,True,False,False,정보충분
J18_S002398,교환반품,배송확인,교환반품,True,True,True,True,정보부족(infopoor)
J18_S002540,서비스이용,환불요청,주문취소,False,True,True,True,정보부족(infopoor)
J18_S002567,교환반품,불만제기,교환반품,True,True,False,True,정보부족(infopoor)
J18_S002623,교환반품,배송확인,교환반품,True,True,False,True,정보부족(infopoor)
J18_S002676,교환반품,배송확인,배송확인,False,False,True,False,정보충분
J18_S002679,교환반품,배송확인,배송확인,False,False,True,False,정보충분
J18_S002688,교환반품,구매진행,배송확인,False,True,False,False,정보충분
J18_S002690,교환반품,배송확인,배송확인,False,False,False,False,정보충분
J18_S002788,교환반품,배송확인,배송확인,False,False,False,False,정보충분
J18_S002844,교환반품,서비스이용,배송확인,False,True,True,True,정보부족(infopoor)
J18_S002847,교환반품,서비스이용,교환반품,True,True,False,True,정보부족(infopoor)
J18_S002879,교환반품,환불요청,환불요청,False,False,False,False,정보충분
J18_S002929,교환반품,배송확인,교환반품,True,True,False,True,정보부족(infopoor)
J18_S002933,서비스이용,배송확인,배송확인,False,False,False,False,정보충분
J18_S002953,교환반품,배송확인,배송확인,False,False,True,False,정보충분
J18_S003021,교환반품,환불요청,환불요청,False,False,False,False,정보충분
J18_S003044,교환반품,배송확인,교환반품,True,True,False,True,정보부족(infopoor)
J18_S003047,교환반품,배송확인,배송확인,False,False,False,False,정보충분
J18_S003068,서비스이용,불만제기,불만제기,False,False,False,False,정보충분
J18_S003071,교환반품,서비스이용,교환반품,True,True,False,True,정보부족(infopoor)
J18_S003076,교환반품,불만제기,배송확인,False,True,False,False,정보충분
J18_S003077,교환반품,배송확인,배송확인,False,False,True,False,정보충분
J18_S003091,교환반품,배송확인,배송확인,False,False,False,False,정보충분
J18_S003120,교환반품,배송확인,환불요청,False,True,True,True,정보부족(infopoor)
J18_S003137,교환반품,서비스이용,교환반품,True,True,True,True,정보부족(infopoor)
J18_S003169,교환반품,배송확인,교환반품,True,True,False,True,정보부족(infopoor)
J18_S003171,교환반품,배송확인,교환반품,True,True,True,True,정보부족(infopoor)
J18_S003284,교환반품,배송확인,교환반품,True,True,False,True,정보부족(infopoor)
J18_S003293,교환반품,배송확인,교환반품,True,True,False,True,정보부족(infopoor)
J18_S003304,교환반품,환불요청,환불요청,False,False,False,False,정보충분
J18_S003319,교환반품,배송확인,교환반품,True,True,False,True,정보부족(infopoor)
J18_S003388,교환반품,배송확인,교환반품,True,True,False,True,정보부족(infopoor)
J18_S003389,서비스이용,불만제기,불만제기,False,False,False,False,정보충분
J18_S003395,교환반품,배송확인,교환반품,True,True,False,True,정보부족(infopoor)
J18_S003408,교환반품,배송확인,교환반품,True,True,False,True,정보부족(infopoor)
J18_S003422,서비스이용,구매진행,배송확인,False,True,True,True,정보부족(infopoor)
J18_S003479,교환반품,불만제기,배송확인,False,True,False,False,정보충분
J18_S003519,교환반품,배송확인,배송확인,False,False,False,False,정보충분
J18_S003560,교환반품,배송확인,배송확인,False,False,False,False,정보충분
J18_S003615,교환반품,불만제기,배송확인,False,True,False,False,정보충분
J18_S003670,교환반품,배송확인,배송확인,False,False,True,False,정보충분
J18_S003724,교환반품,서비스이용,서비스이용,False,False,False,False,정보충분
J18_S003783,불만제기,배송확인,배송확인,False,False,False,False,정보충분
J18_S003797,교환반품,배송확인,배송확인,False,False,False,False,정보충분
J18_S003855,서비스이용,환불요청,환불요청,False,False,False,False,정보충분
J18_S003879,교환반품,서비스이용,교환반품,True,True,True,True,정보부족(infopoor)
J18_S003909,서비스이용,배송확인,배송확인,False,False,False,False,정보충분
J18_S003924,주문취소,서비스이용,서비스이용,False,False,True,False,정보충분
J18_S003980,교환반품,불만제기,불만제기,False,False,False,False,정보충분
J18_S004027,교환반품,배송확인,배송확인,False,False,True,False,정보충분
J18_S004075,교환반품,배송확인,서비스이용,False,True,False,False,정보충분
J18_S004103,교환반품,서비스이용,교환반품,True,True,True,True,정보부족(infopoor)
J18_S004108,교환반품,배송확인,배송확인,False,False,False,False,정보충분
J18_S004169,교환반품,환불요청,교환반품,True,True,False,True,정보부족(infopoor)
J18_S004227,교환반품,서비스이용,서비스이용,False,False,True,False,정보충분
J18_S004262,교환반품,배송확인,교환반품,True,True,True,True,정보부족(infopoor)
J18_S004272,불만제기,배송확인,불만제기,True,True,True,True,정보부족(infopoor)
J18_S004323,교환반품,주문취소,교환반품,True,True,True,True,정보부족(infopoor)
J18_S004330,교환반품,서비스이용,서비스이용,False,False,True,False,정보충분
J18_S004359,교환반품,배송확인,배송확인,False,False,False,False,정보충분
J18_S004373,교환반품,환불요청,교환반품,True,True,False,True,정보부족(infopoor)
J18_S004382,서비스이용,배송확인,배송확인,False,False,False,False,정보충분
J18_S004405,교환반품,배송확인,교환반품,True,True,False,True,정보부족(infopoor)
J18_S004445,교환반품,배송확인,배송확인,False,False,False,False,정보충분
J18_S004461,교환반품,배송확인,교환반품,True,True,True,True,정보부족(infopoor)
J18_S004476,교환반품,배송확인,배송확인,False,False,False,False,정보충분
J18_S004482,교환반품,배송확인,교환반품,True,True,True,True,정보부족(infopoor)
J18_S004543,교환반품,배송확인,배송확인,False,False,False,False,정보충분
J18_S004545,서비스이용,교환반품,불만제기,False,True,False,False,정보충분
J18_S004600,구매진행,배송확인,구매진행,True,True,False,True,정보부족(infopoor)
J18_S004613,주문취소,구매진행,주문취소,True,True,False,True,정보부족(infopoor)
J18_S004655,교환반품,서비스이용,서비스이용,False,False,False,False,정보충분
J18_S004755,교환반품,환불요청,교환반품,True,True,False,True,정보부족(infopoor)
J18_S004757,교환반품,불만제기,교환반품,True,True,True,True,정보부족(infopoor)
J18_S004780,교환반품,서비스이용,서비스이용,False,False,False,False,정보충분
J18_S004781,교환반품,서비스이용,불만제기,False,True,True,True,정보부족(infopoor)
J18_S004799,교환반품,서비스이용,서비스이용,False,False,False,False,정보충분
J18_S004858,교환반품,구매진행,배송확인,False,True,False,False,정보충분
J18_S004863,교환반품,배송확인,환불요청,False,True,False,False,정보충분
J18_S004864,교환반품,서비스이용,서비스이용,False,False,False,False,정보충분
J18_S004908,서비스이용,배송확인,배송확인,False,False,False,False,정보충분
J18_S004928,교환반품,배송확인,배송확인,False,False,False,False,정보충분
J18_S004951,교환반품,배송확인,교환반품,True,True,True,True,정보부족(infopoor)
J18_S004976,교환반품,배송확인,교환반품,True,True,False,True,정보부족(infopoor)
J18_S004985,교환반품,서비스이용,교환반품,True,True,True,True,정보부족(infopoor)
J18_S005085,교환반품,배송확인,불만제기,False,True,False,False,정보충분
J18_S005110,교환반품,불만제기,교환반품,True,True,True,True,정보부족(infopoor)
J18_S005117,교환반품,배송확인,교환반품,True,True,False,True,정보부족(infopoor)
J18_S005148,교환반품,불만제기,교환반품,True,True,False,True,정보부족(infopoor)
J18_S005205,교환반품,서비스이용,서비스이용,False,False,False,False,정보충분
J18_S005210,교환반품,서비스이용,교환반품,True,True,False,True,정보부족(infopoor)
J18_S005212,교환반품,배송확인,배송확인,False,False,False,False,정보충분
J18_S005215,교환반품,배송확인,배송확인,False,False,False,False,정보충분
J18_S005216,서비스이용,배송확인,배송확인,False,False,False,False,정보충분
J18_S005223,서비스이용,배송확인,서비스이용,True,True,True,True,정보부족(infopoor)
J18_S005227,교환반품,불만제기,배송확인,False,True,False,False,정보충분
J18_S005234,서비스이용,배송확인,배송확인,False,False,True,False,정보충분
J18_S005255,서비스이용,불만제기,배송확인,False,True,False,False,정보충분
J18_S005294,교환반품,배송확인,교환반품,True,True,False,True,정보부족(infopoor)
J18_S005301,교환반품,서비스이용,교환반품,True,True,False,True,정보부족(infopoor)
J18_S005368,서비스이용,배송확인,배송확인,False,False,False,False,정보충분
J18_S005407,교환반품,환불요청,교환반품,True,True,False,True,정보부족(infopoor)
J18_S005431,교환반품,구매진행,배송확인,False,True,True,True,정보부족(infopoor)
J18_S005513,교환반품,서비스이용,서비스이용,False,False,False,False,정보충분
J18_S005558,교환반품,배송확인,배송확인,False,False,False,False,정보충분
J18_S005561,교환반품,환불요청,환불요청,False,False,False,False,정보충분
J18_S005608,교환반품,서비스이용,교환반품,True,True,True,True,정보부족(infopoor)
J18_S005612,교환반품,배송확인,교환반품,True,True,True,True,정보부족(infopoor)
J18_S005631,교환반품,환불요청,환불요청,False,False,False,False,정보충분
J18_S005686,교환반품,배송확인,교환반품,True,True,False,True,정보부족(infopoor)
J18_S005704,서비스이용,배송확인,배송확인,False,False,True,False,정보충분
J18_S005736,서비스이용,배송확인,배송확인,False,False,False,False,정보충분
J18_S005754,서비스이용,배송확인,배송확인,False,False,False,False,정보충분
J18_S005756,서비스이용,교환반품,교환반품,False,False,False,False,정보충분
J18_S005763,서비스이용,불만제기,서비스이용,True,True,False,True,정보부족(infopoor)
J18_S005794,교환반품,서비스이용,교환반품,True,True,True,True,정보부족(infopoor)
J18_S005844,교환반품,환불요청,환불요청,False,False,False,False,정보충분
J18_S005845,불만제기,서비스이용,서비스이용,False,False,False,False,정보충분
J18_S005854,서비스이용,주문취소,주문취소,False,False,False,False,정보충분
J18_S005866,교환반품,서비스이용,불만제기,False,True,False,False,정보충분
J18_S005869,교환반품,환불요청,환불요청,False,False,False,False,정보충분
J18_S005893,교환반품,환불요청,교환반품,True,True,False,True,정보부족(infopoor)
J18_S005957,교환반품,불만제기,구매진행,False,True,False,False,정보충분
J18_S005984,서비스이용,배송확인,배송확인,False,False,False,False,정보충분
J18_S006050,교환반품,서비스이용,배송확인,False,True,False,False,정보충분
J18_S006059,서비스이용,배송확인,배송확인,False,False,True,False,정보충분
J18_S006069,교환반품,서비스이용,서비스이용,False,False,False,False,정보충분
J18_S006076,교환반품,배송확인,배송확인,False,False,True,False,정보충분
J18_S006078,교환반품,서비스이용,서비스이용,False,False,False,False,정보충분
J18_S006188,교환반품,불만제기,배송확인,False,True,False,False,정보충분
J18_S006193,주문취소,환불요청,환불요청,False,False,True,False,정보충분
J18_S006339,구매진행,불만제기,구매진행,True,True,True,True,정보부족(infopoor)
J18_S006364,교환반품,서비스이용,배송확인,False,True,False,False,정보충분
J18_S006421,교환반품,환불요청,교환반품,True,True,True,True,정보부족(infopoor)
J18_S006440,서비스이용,배송확인,배송확인,False,False,False,False,정보충분
J18_S006441,교환반품,배송확인,배송확인,False,False,False,False,정보충분
J18_S006504,교환반품,배송확인,교환반품,True,True,True,True,정보부족(infopoor)
J18_S006557,교환반품,환불요청,배송확인,False,True,False,False,정보충분
J18_S006598,서비스이용,교환반품,교환반품,False,False,True,False,정보충분
J18_S006618,교환반품,서비스이용,교환반품,True,True,False,True,정보부족(infopoor)
J18_S006694,교환반품,배송확인,교환반품,True,True,True,True,정보부족(infopoor)
J18_S006697,교환반품,배송확인,배송확인,False,False,False,False,정보충분
J18_S006732,교환반품,배송확인,배송확인,False,False,True,False,정보충분
J18_S006804,교환반품,배송확인,교환반품,True,True,False,True,정보부족(infopoor)
J18_S006807,교환반품,환불요청,교환반품,True,True,False,True,정보부족(infopoor)
J18_S006815,교환반품,서비스이용,교환반품,True,True,True,True,정보부족(infopoor)
J18_S006819,교환반품,배송확인,배송확인,False,False,True,False,정보충분
J18_S006838,교환반품,서비스이용,배송확인,False,True,False,False,정보충분
J18_S006870,교환반품,배송확인,교환반품,True,True,True,True,정보부족(infopoor)
J18_S006896,서비스이용,환불요청,서비스이용,True,True,False,True,정보부족(infopoor)
J18_S006899,서비스이용,배송확인,불만제기,False,True,False,False,정보충분
J18_S006927,교환반품,배송확인,배송확인,False,False,False,False,정보충분
J18_S006963,서비스이용,불만제기,불만제기,False,False,True,False,정보충분
J18_S006969,교환반품,서비스이용,서비스이용,False,False,False,False,정보충분
J18_S006995,교환반품,불만제기,배송확인,False,True,True,True,정보부족(infopoor)
J18_S006998,서비스이용,배송확인,불만제기,False,True,True,True,정보부족(infopoor)
J18_S007030,교환반품,불만제기,배송확인,False,True,False,False,정보충분
J18_S007092,교환반품,환불요청,교환반품,True,True,False,True,정보부족(infopoor)
J18_S007116,교환반품,서비스이용,교환반품,True,True,False,True,정보부족(infopoor)
J18_S007149,구매진행,배송확인,서비스이용,False,True,True,True,정보부족(infopoor)
J18_S007180,서비스이용,배송확인,서비스이용,True,True,True,True,정보부족(infopoor)
J18_S007201,교환반품,불만제기,불만제기,False,False,False,False,정보충분
J18_S007211,교환반품,환불요청,환불요청,False,False,False,False,정보충분
J18_S007216,교환반품,서비스이용,교환반품,True,True,True,True,정보부족(infopoor)
J18_S007239,교환반품,배송확인,배송확인,False,False,False,False,정보충분
J18_S007247,교환반품,서비스이용,배송확인,False,True,False,False,정보충분
J18_S007267,교환반품,환불요청,교환반품,True,True,False,True,정보부족(infopoor)
J18_S007277,교환반품,서비스이용,교환반품,True,True,False,True,정보부족(infopoor)
J18_S007285,서비스이용,배송확인,배송확인,False,False,False,False,정보충분
J18_S007295,교환반품,서비스이용,교환반품,True,True,True,True,정보부족(infopoor)
J18_S007307,교환반품,환불요청,구매진행,False,True,False,False,정보충분
J18_S007349,교환반품,서비스이용,서비스이용,False,False,True,False,정보충분
J18_S007382,교환반품,서비스이용,교환반품,True,True,False,True,정보부족(infopoor)
J18_S007411,교환반품,불만제기,불만제기,False,False,False,False,정보충분
J18_S007425,교환반품,서비스이용,교환반품,True,True,True,True,정보부족(infopoor)
J18_S007457,교환반품,환불요청,환불요청,False,False,False,False,정보충분
J18_S007478,교환반품,환불요청,교환반품,True,True,False,True,정보부족(infopoor)
J18_S007479,교환반품,환불요청,환불요청,False,False,False,False,정보충분
J18_S007498,교환반품,배송확인,교환반품,True,True,True,True,정보부족(infopoor)
J18_S007591,교환반품,서비스이용,서비스이용,False,False,False,False,정보충분
J18_S007599,교환반품,서비스이용,서비스이용,False,False,False,False,정보충분
J18_S007636,교환반품,서비스이용,교환반품,True,True,True,True,정보부족(infopoor)
J18_S007638,교환반품,배송확인,배송확인,False,False,False,False,정보충분
J18_S007685,서비스이용,환불요청,환불요청,False,False,False,False,정보충분
J18_S007721,교환반품,배송확인,배송확인,False,False,False,False,정보충분
J18_S007741,서비스이용,구매진행,서비스이용,True,True,False,True,정보부족(infopoor)
J18_S007762,교환반품,환불요청,교환반품,True,True,False,True,정보부족(infopoor)
J18_S007805,교환반품,배송확인,교환반품,True,True,True,True,정보부족(infopoor)
J18_S007836,교환반품,배송확인,교환반품,True,True,False,True,정보부족(infopoor)
J18_S007862,교환반품,배송확인,배송확인,False,False,True,False,정보충분
J18_S007865,교환반품,불만제기,교환반품,True,True,False,True,정보부족(infopoor)
J18_S007866,교환반품,배송확인,환불요청,False,True,False,False,정보충분
J18_S007878,교환반품,배송확인,교환반품,True,True,False,True,정보부족(infopoor)
J18_S007884,교환반품,서비스이용,배송확인,False,True,False,False,정보충분
J18_S007901,교환반품,환불요청,교환반품,True,True,True,True,정보부족(infopoor)
J18_S007934,교환반품,서비스이용,교환반품,True,True,False,True,정보부족(infopoor)
J18_S007941,교환반품,환불요청,교환반품,True,True,False,True,정보부족(infopoor)
J18_S007948,교환반품,환불요청,교환반품,True,True,False,True,정보부족(infopoor)
J18_S007968,교환반품,서비스이용,교환반품,True,True,False,True,정보부족(infopoor)
J18_S007971,교환반품,주문취소,교환반품,True,True,False,True,정보부족(infopoor)
J18_S007981,서비스이용,배송확인,서비스이용,True,True,True,True,정보부족(infopoor)
J18_S007995,교환반품,배송확인,교환반품,True,True,False,True,정보부족(infopoor)
J18_S007996,교환반품,배송확인,교환반품,True,True,False,True,정보부족(infopoor)
J18_S008008,교환반품,환불요청,환불요청,False,False,False,False,정보충분
J18_S008011,교환반품,구매진행,배송확인,False,True,False,False,정보충분
J18_S008038,교환반품,서비스이용,교환반품,True,True,False,True,정보부족(infopoor)
J18_S008050,서비스이용,구매진행,서비스이용,True,True,True,True,정보부족(infopoor)
J18_S008107,교환반품,불만제기,교환반품,True,True,True,True,정보부족(infopoor)
J18_S008123,서비스이용,배송확인,배송확인,False,False,True,False,정보충분
J18_S008161,주문취소,배송확인,배송확인,False,False,True,False,정보충분
J18_S008253,교환반품,환불요청,환불요청,False,False,True,False,정보충분
J18_S008306,교환반품,서비스이용,서비스이용,False,False,True,False,정보충분
J18_S008354,교환반품,배송확인,교환반품,True,True,True,True,정보부족(infopoor)
J18_S008363,교환반품,서비스이용,교환반품,True,True,False,True,정보부족(infopoor)
J18_S008375,교환반품,환불요청,환불요청,False,False,False,False,정보충분
J18_S008437,구매진행,불만제기,불만제기,False,False,False,False,정보충분
J18_S008444,교환반품,서비스이용,교환반품,True,True,True,True,정보부족(infopoor)
J18_S008468,교환반품,불만제기,서비스이용,False,True,True,True,정보부족(infopoor)
J18_S008523,서비스이용,교환반품,교환반품,False,False,False,False,정보충분
J18_S008542,교환반품,배송확인,교환반품,True,True,False,True,정보부족(infopoor)
J18_S008550,서비스이용,불만제기,서비스이용,True,True,True,True,정보부족(infopoor)
J18_S008551,서비스이용,불만제기,서비스이용,True,True,False,True,정보부족(infopoor)
J18_S008573,교환반품,배송확인,교환반품,True,True,True,True,정보부족(infopoor)
J18_S008611,교환반품,배송확인,교환반품,True,True,True,True,정보부족(infopoor)
J18_S008619,교환반품,불만제기,불만제기,False,False,True,False,정보충분
J18_S008649,교환반품,서비스이용,서비스이용,False,False,True,False,정보충분
J18_S008663,주문취소,배송확인,주문취소,True,True,True,True,정보부족(infopoor)
J18_S008675,서비스이용,교환반품,교환반품,False,False,True,False,정보충분
J18_S008701,교환반품,환불요청,교환반품,True,True,True,True,정보부족(infopoor)
J18_S008713,교환반품,구매진행,배송확인,False,True,False,False,정보충분
J18_S008723,교환반품,서비스이용,서비스이용,False,False,False,False,정보충분
J18_S008727,교환반품,배송확인,배송확인,False,False,False,False,정보충분
J18_S008739,교환반품,환불요청,구매진행,False,True,True,True,정보부족(infopoor)
J18_S008744,서비스이용,교환반품,환불요청,False,True,False,False,정보충분
J18_S008761,구매진행,주문취소,불만제기,False,True,False,False,정보충분
J18_S008763,교환반품,서비스이용,서비스이용,False,False,False,False,정보충분
J18_S008780,교환반품,환불요청,교환반품,True,True,False,True,정보부족(infopoor)
J18_S008812,서비스이용,환불요청,환불요청,False,False,True,False,정보충분
J18_S008832,교환반품,구매진행,구매진행,False,False,False,False,정보충분
J18_S008858,교환반품,환불요청,교환반품,True,True,False,True,정보부족(infopoor)
J18_S008870,서비스이용,배송확인,배송확인,False,False,False,False,정보충분
J18_S008876,서비스이용,주문취소,주문취소,False,False,True,False,정보충분
J18_S008878,교환반품,환불요청,교환반품,True,True,True,True,정보부족(infopoor)
J18_S008897,교환반품,배송확인,교환반품,True,True,False,True,정보부족(infopoor)
J18_S008915,교환반품,환불요청,교환반품,True,True,False,True,정보부족(infopoor)
J18_S008942,교환반품,배송확인,배송확인,False,False,False,False,정보충분
J18_S008979,교환반품,배송확인,교환반품,True,True,False,True,정보부족(infopoor)
J18_S008989,교환반품,배송확인,교환반품,True,True,False,True,정보부족(infopoor)
J18_S009023,서비스이용,배송확인,배송확인,False,False,False,False,정보충분
J18_S009034,교환반품,배송확인,교환반품,True,True,False,True,정보부족(infopoor)
J18_S009041,교환반품,서비스이용,교환반품,True,True,False,True,정보부족(infopoor)
J18_S009049,교환반품,서비스이용,교환반품,True,True,True,True,정보부족(infopoor)
J18_S009057,교환반품,불만제기,교환반품,True,True,False,True,정보부족(infopoor)
J18_S009060,교환반품,불만제기,교환반품,True,True,True,True,정보부족(infopoor)
J18_S009076,교환반품,불만제기,교환반품,True,True,False,True,정보부족(infopoor)
J18_S009078,서비스이용,배송확인,배송확인,False,False,False,False,정보충분
J18_S009085,교환반품,불만제기,불만제기,False,False,False,False,정보충분
J18_S009099,교환반품,환불요청,환불요청,False,False,False,False,정보충분
J18_S009102,교환반품,환불요청,교환반품,True,True,False,True,정보부족(infopoor)
J18_S009115,교환반품,서비스이용,서비스이용,False,False,False,False,정보충분
J18_S009133,교환반품,불만제기,불만제기,False,False,False,False,정보충분
J18_S009160,구매진행,배송확인,배송확인,False,False,False,False,정보충분
J18_S009191,교환반품,주문취소,주문취소,False,False,False,False,정보충분
J18_S009244,교환반품,배송확인,교환반품,True,True,True,True,정보부족(infopoor)
J18_S009264,교환반품,배송확인,배송확인,False,False,False,False,정보충분
J18_S009314,교환반품,배송확인,교환반품,True,True,False,True,정보부족(infopoor)
J18_S009315,교환반품,배송확인,배송확인,False,False,False,False,정보충분
J18_S009379,교환반품,서비스이용,배송확인,False,True,False,False,정보충분
J18_S009381,교환반품,배송확인,교환반품,True,True,False,True,정보부족(infopoor)
J18_S009408,주문취소,배송확인,주문취소,True,True,False,True,정보부족(infopoor)
J18_S009420,교환반품,환불요청,교환반품,True,True,True,True,정보부족(infopoor)
J18_S009423,교환반품,배송확인,교환반품,True,True,True,True,정보부족(infopoor)
J18_S009529,교환반품,불만제기,교환반품,True,True,False,True,정보부족(infopoor)
J18_S009574,교환반품,서비스이용,서비스이용,False,False,False,False,정보충분
J18_S009589,교환반품,서비스이용,서비스이용,False,False,False,False,정보충분
J18_S009602,서비스이용,교환반품,교환반품,False,False,False,False,정보충분
J18_S009605,교환반품,불만제기,불만제기,False,False,False,False,정보충분
J18_S009645,서비스이용,구매진행,배송확인,False,True,True,True,정보부족(infopoor)
J18_S009682,교환반품,배송확인,교환반품,True,True,True,True,정보부족(infopoor)
J18_S009700,교환반품,환불요청,교환반품,True,True,False,True,정보부족(infopoor)
J18_S009744,교환반품,배송확인,교환반품,True,True,True,True,정보부족(infopoor)
J18_S009746,교환반품,서비스이용,교환반품,True,True,True,True,정보부족(infopoor)
J18_S009764,서비스이용,불만제기,서비스이용,True,True,False,True,정보부족(infopoor)
J18_S009808,교환반품,배송확인,배송확인,False,False,True,False,정보충분
J18_S009846,서비스이용,주문취소,불만제기,False,True,True,True,정보부족(infopoor)
J18_S009852,교환반품,불만제기,서비스이용,False,True,False,False,정보충분
J18_S009857,교환반품,구매진행,교환반품,True,True,False,True,정보부족(infopoor)
J18_S009859,교환반품,배송확인,교환반품,True,True,True,True,정보부족(infopoor)
J18_S009983,교환반품,배송확인,교환반품,True,True,False,True,정보부족(infopoor)
J18_S010022,교환반품,구매진행,배송확인,False,True,True,True,정보부족(infopoor)
J18_S010058,서비스이용,배송확인,배송확인,False,False,False,False,정보충분
J18_S010066,교환반품,배송확인,배송확인,False,False,False,False,정보충분
J18_S010072,교환반품,불만제기,교환반품,True,True,True,True,정보부족(infopoor)
J18_S010117,서비스이용,불만제기,불만제기,False,False,False,False,정보충분
J18_S010131,교환반품,배송확인,교환반품,True,True,False,True,정보부족(infopoor)
J18_S010137,교환반품,불만제기,서비스이용,False,True,False,False,정보충분
J18_S010154,주문취소,배송확인,배송확인,False,False,False,False,정보충분
J18_S010186,교환반품,배송확인,배송확인,False,False,False,False,정보충분
J18_S010233,서비스이용,교환반품,교환반품,False,False,False,False,정보충분
J18_S010253,교환반품,서비스이용,서비스이용,False,False,False,False,정보충분
J18_S010259,교환반품,배송확인,교환반품,True,True,False,True,정보부족(infopoor)
J18_S010280,서비스이용,구매진행,배송확인,False,True,False,False,정보충분
J18_S010285,교환반품,배송확인,교환반품,True,True,True,True,정보부족(infopoor)
J18_S010300,교환반품,배송확인,배송확인,False,False,False,False,정보충분
J18_S010301,서비스이용,불만제기,불만제기,False,False,False,False,정보충분
J18_S010316,교환반품,서비스이용,서비스이용,False,False,False,False,정보충분
J18_S010319,교환반품,배송확인,배송확인,False,False,False,False,정보충분
J18_S010332,교환반품,서비스이용,배송확인,False,True,False,False,정보충분
J18_S010342,교환반품,배송확인,배송확인,False,False,False,False,정보충분
J18_S010363,교환반품,배송확인,교환반품,True,True,False,True,정보부족(infopoor)
J18_S010364,교환반품,배송확인,교환반품,True,True,False,True,정보부족(infopoor)
J18_S010401,교환반품,서비스이용,배송확인,False,True,False,False,정보충분
J18_S010416,교환반품,서비스이용,교환반품,True,True,True,True,정보부족(infopoor)
J18_S010453,교환반품,배송확인,배송확인,False,False,False,False,정보충분
J18_S010463,교환반품,서비스이용,교환반품,True,True,True,True,정보부족(infopoor)
J18_S010506,서비스이용,배송확인,배송확인,False,False,True,False,정보충분
J18_S010599,교환반품,서비스이용,서비스이용,False,False,False,False,정보충분
J18_S010605,교환반품,서비스이용,교환반품,True,True,False,True,정보부족(infopoor)
J18_S010738,교환반품,서비스이용,교환반품,True,True,False,True,정보부족(infopoor)
J18_S010745,교환반품,구매진행,구매진행,False,False,False,False,정보충분
J18_S010750,서비스이용,교환반품,교환반품,False,False,False,False,정보충분
J18_S010844,교환반품,서비스이용,서비스이용,False,False,False,False,정보충분
J18_S010851,교환반품,배송확인,배송확인,False,False,True,False,정보충분
J18_S010860,교환반품,주문취소,교환반품,True,True,True,True,정보부족(infopoor)
J18_S010873,교환반품,배송확인,교환반품,True,True,False,True,정보부족(infopoor)
J18_S010887,교환반품,배송확인,교환반품,True,True,False,True,정보부족(infopoor)
J18_S010892,교환반품,배송확인,교환반품,True,True,False,True,정보부족(infopoor)
J18_S010905,교환반품,배송확인,환불요청,False,True,True,True,정보부족(infopoor)
J18_S010923,교환반품,배송확인,배송확인,False,False,False,False,정보충분
J18_S010936,교환반품,배송확인,교환반품,True,True,True,True,정보부족(infopoor)
J18_S010941,교환반품,불만제기,불만제기,False,False,False,False,정보충분
J18_S010943,주문취소,배송확인,구매진행,False,True,False,False,정보충분
J18_S010977,교환반품,불만제기,배송확인,False,True,False,False,정보충분
J18_S010995,교환반품,서비스이용,교환반품,True,True,True,True,정보부족(infopoor)
J18_S011015,교환반품,배송확인,구매진행,False,True,False,False,정보충분
J18_S011020,교환반품,배송확인,교환반품,True,True,True,True,정보부족(infopoor)
J18_S011037,서비스이용,배송확인,배송확인,False,False,False,False,정보충분
J18_S011051,교환반품,불만제기,서비스이용,False,True,False,False,정보충분
J18_S011080,교환반품,서비스이용,교환반품,True,True,True,True,정보부족(infopoor)
J18_S011086,교환반품,환불요청,배송확인,False,True,False,False,정보충분
J18_S011107,교환반품,배송확인,배송확인,False,False,False,False,정보충분
J18_S011162,서비스이용,교환반품,교환반품,False,False,True,False,정보충분
J18_S011180,교환반품,배송확인,배송확인,False,False,False,False,정보충분
J18_S011205,교환반품,환불요청,교환반품,True,True,True,True,정보부족(infopoor)
J18_S011231,교환반품,배송확인,배송확인,False,False,True,False,정보충분
J18_S011240,교환반품,구매진행,주문취소,False,True,False,False,정보충분
J18_S011256,교환반품,배송확인,교환반품,True,True,True,True,정보부족(infopoor)
J18_S011323,교환반품,구매진행,교환반품,True,True,False,True,정보부족(infopoor)
J18_S011342,교환반품,불만제기,배송확인,False,True,True,True,정보부족(infopoor)
J18_S011439,서비스이용,구매진행,구매진행,False,False,True,False,정보충분
J18_S011449,교환반품,환불요청,서비스이용,False,True,False,False,정보충분
J18_S011480,구매진행,배송확인,배송확인,False,False,False,False,정보충분
J18_S011487,교환반품,배송확인,배송확인,False,False,False,False,정보충분
J18_S011495,교환반품,불만제기,불만제기,False,False,False,False,정보충분
J18_S011501,교환반품,배송확인,교환반품,True,True,True,True,정보부족(infopoor)
J18_S011515,교환반품,배송확인,교환반품,True,True,False,True,정보부족(infopoor)
J18_S011517,교환반품,배송확인,배송확인,False,False,False,False,정보충분
J18_S011520,교환반품,서비스이용,서비스이용,False,False,False,False,정보충분
J18_S011527,교환반품,주문취소,주문취소,False,False,False,False,정보충분
J18_S011548,서비스이용,배송확인,배송확인,False,False,False,False,정보충분
J18_S011587,교환반품,배송확인,배송확인,False,False,False,False,정보충분
J18_S011588,교환반품,환불요청,환불요청,False,False,False,False,정보충분
J18_S011592,교환반품,서비스이용,배송확인,False,True,False,False,정보충분
J18_S011595,교환반품,배송확인,교환반품,True,True,True,True,정보부족(infopoor)
J18_S011611,교환반품,서비스이용,배송확인,False,True,False,False,정보충분
J18_S011623,교환반품,배송확인,배송확인,False,False,True,False,정보충분
J18_S011631,교환반품,서비스이용,서비스이용,False,False,False,False,정보충분
J18_S011682,교환반품,배송확인,배송확인,False,False,False,False,정보충분
J18_S011744,서비스이용,불만제기,서비스이용,True,True,True,True,정보부족(infopoor)
J18_S011813,서비스이용,환불요청,불만제기,False,True,True,True,정보부족(infopoor)
J18_S011847,교환반품,배송확인,배송확인,False,False,True,False,정보충분
J18_S011893,교환반품,주문취소,주문취소,False,False,False,False,정보충분
J18_S011914,교환반품,환불요청,환불요청,False,False,False,False,정보충분
J18_S011929,교환반품,배송확인,교환반품,True,True,False,True,정보부족(infopoor)
J18_S011944,주문취소,배송확인,배송확인,False,False,True,False,정보충분
J18_S011983,교환반품,주문취소,교환반품,True,True,False,True,정보부족(infopoor)
J18_S012077,교환반품,배송확인,배송확인,False,False,False,False,정보충분
J18_S012098,교환반품,환불요청,환불요청,False,False,False,False,정보충분
J18_S012129,교환반품,배송확인,배송확인,False,False,False,False,정보충분
J18_S012132,교환반품,배송확인,교환반품,True,True,False,True,정보부족(infopoor)
J18_S012156,교환반품,서비스이용,불만제기,False,True,False,False,정보충분
J18_S012182,교환반품,배송확인,교환반품,True,True,False,True,정보부족(infopoor)
J18_S012194,교환반품,배송확인,배송확인,False,False,False,False,정보충분
J18_S012228,교환반품,서비스이용,서비스이용,False,False,True,False,정보충분
J18_S012229,교환반품,서비스이용,환불요청,False,True,True,True,정보부족(infopoor)
J18_S012236,교환반품,환불요청,환불요청,False,False,False,False,정보충분
J18_S012301,교환반품,서비스이용,배송확인,False,True,True,True,정보부족(infopoor)
J18_S012306,교환반품,환불요청,환불요청,False,False,False,False,정보충분
J18_S012327,교환반품,환불요청,교환반품,True,True,False,True,정보부족(infopoor)
J18_S012404,주문취소,배송확인,주문취소,True,True,True,True,정보부족(infopoor)
J18_S012418,교환반품,서비스이용,서비스이용,False,False,False,False,정보충분
J18_S012430,서비스이용,배송확인,서비스이용,True,True,False,True,정보부족(infopoor)
J18_S012570,교환반품,배송확인,교환반품,True,True,False,True,정보부족(infopoor)
J18_S012650,교환반품,배송확인,배송확인,False,False,False,False,정보충분
J18_S012653,교환반품,서비스이용,교환반품,True,True,True,True,정보부족(infopoor)
J18_S012654,교환반품,배송확인,배송확인,False,False,False,False,정보충분
J18_S012664,교환반품,구매진행,교환반품,True,True,False,True,정보부족(infopoor)
J18_S012680,교환반품,주문취소,교환반품,True,True,True,True,정보부족(infopoor)
J18_S012693,교환반품,서비스이용,교환반품,True,True,True,True,정보부족(infopoor)
J18_S012716,교환반품,배송확인,교환반품,True,True,True,True,정보부족(infopoor)
J18_S012729,교환반품,배송확인,환불요청,False,True,True,True,정보부족(infopoor)
J18_S012730,교환반품,불만제기,교환반품,True,True,True,True,정보부족(infopoor)
J18_S012749,교환반품,배송확인,배송확인,False,False,False,False,정보충분
J18_S012780,교환반품,서비스이용,배송확인,False,True,True,True,정보부족(infopoor)
J18_S012821,교환반품,환불요청,환불요청,False,False,True,False,정보충분
J18_S012874,교환반품,구매진행,교환반품,True,True,True,True,정보부족(infopoor)
J18_S012891,서비스이용,배송확인,배송확인,False,False,False,False,정보충분
J18_S012955,서비스이용,배송확인,배송확인,False,False,False,False,정보충분
J18_S012973,교환반품,배송확인,교환반품,True,True,True,True,정보부족(infopoor)
J18_S012978,교환반품,주문취소,배송확인,False,True,False,False,정보충분
J18_S013007,교환반품,불만제기,배송확인,False,True,False,False,정보충분
J18_S013011,서비스이용,불만제기,서비스이용,True,True,False,True,정보부족(infopoor)
J18_S013041,교환반품,배송확인,교환반품,True,True,False,True,정보부족(infopoor)
J18_S013060,교환반품,배송확인,교환반품,True,True,True,True,정보부족(infopoor)
J18_S013091,서비스이용,배송확인,배송확인,False,False,False,False,정보충분
J18_S013095,교환반품,환불요청,환불요청,False,False,False,False,정보충분
J18_S013097,교환반품,불만제기,교환반품,True,True,True,True,정보부족(infopoor)
J18_S013141,교환반품,불만제기,배송확인,False,True,True,True,정보부족(infopoor)
J18_S013168,교환반품,배송확인,교환반품,True,True,True,True,정보부족(infopoor)
J18_S013204,교환반품,서비스이용,교환반품,True,True,False,True,정보부족(infopoor)
J18_S013212,교환반품,서비스이용,서비스이용,False,False,False,False,정보충분
J18_S013223,교환반품,환불요청,교환반품,True,True,False,True,정보부족(infopoor)
J18_S013252,서비스이용,배송확인,배송확인,False,False,False,False,정보충분
J18_S013303,교환반품,서비스이용,교환반품,True,True,True,True,정보부족(infopoor)
J18_S013326,교환반품,불만제기,교환반품,True,True,True,True,정보부족(infopoor)
J18_S013368,서비스이용,구매진행,주문취소,False,True,False,False,정보충분
J18_S013460,불만제기,구매진행,배송확인,False,True,False,False,정보충분
J18_S013469,교환반품,서비스이용,환불요청,False,True,True,True,정보부족(infopoor)
J18_S013515,서비스이용,배송확인,배송확인,False,False,True,False,정보충분
J18_S013519,서비스이용,주문취소,배송확인,False,True,False,False,정보충분
J18_S013577,교환반품,서비스이용,배송확인,False,True,False,False,정보충분
J18_S013665,교환반품,주문취소,교환반품,True,True,True,True,정보부족(infopoor)
J18_S013669,교환반품,배송확인,배송확인,False,False,False,False,정보충분
J18_S013673,교환반품,불만제기,교환반품,True,True,False,True,정보부족(infopoor)
J18_S013732,교환반품,배송확인,배송확인,False,False,False,False,정보충분
J18_S013744,교환반품,배송확인,배송확인,False,False,False,False,정보충분
J18_S013747,교환반품,서비스이용,교환반품,True,True,False,True,정보부족(infopoor)
J18_S013764,교환반품,불만제기,불만제기,False,False,True,False,정보충분
J18_S013778,교환반품,불만제기,교환반품,True,True,False,True,정보부족(infopoor)
J18_S013797,교환반품,서비스이용,교환반품,True,True,False,True,정보부족(infopoor)
J18_S013828,교환반품,배송확인,교환반품,True,True,True,True,정보부족(infopoor)
J18_S013843,주문취소,배송확인,주문취소,True,True,True,True,정보부족(infopoor)
J18_S013866,서비스이용,불만제기,불만제기,False,False,False,False,정보충분
J18_S013894,교환반품,서비스이용,서비스이용,False,False,False,False,정보충분
J18_S013913,교환반품,배송확인,교환반품,True,True,True,True,정보부족(infopoor)
J18_S013941,교환반품,서비스이용,교환반품,True,True,False,True,정보부족(infopoor)
J18_S013947,교환반품,구매진행,교환반품,True,True,True,True,정보부족(infopoor)
J18_S013968,교환반품,배송확인,배송확인,False,False,False,False,정보충분
J18_S013987,교환반품,배송확인,배송확인,False,False,False,False,정보충분
J18_S013988,교환반품,서비스이용,서비스이용,False,False,False,False,정보충분
J18_S014000,교환반품,배송확인,교환반품,True,True,True,True,정보부족(infopoor)
J18_S014021,교환반품,배송확인,배송확인,False,False,False,False,정보충분
J18_S014025,교환반품,배송확인,배송확인,False,False,True,False,정보충분
J18_S014032,교환반품,서비스이용,환불요청,False,True,False,False,정보충분
J18_S014067,교환반품,배송확인,교환반품,True,True,False,True,정보부족(infopoor)
J18_S014082,교환반품,환불요청,교환반품,True,True,False,True,정보부족(infopoor)
J18_S014126,교환반품,배송확인,교환반품,True,True,False,True,정보부족(infopoor)
J18_S014163,교환반품,배송확인,교환반품,True,True,False,True,정보부족(infopoor)
J18_S014190,교환반품,서비스이용,교환반품,True,True,False,True,정보부족(infopoor)
J18_S014242,교환반품,구매진행,구매진행,False,False,False,False,정보충분
J18_S014266,교환반품,배송확인,교환반품,True,True,True,True,정보부족(infopoor)
J18_S014294,교환반품,배송확인,교환반품,True,True,False,True,정보부족(infopoor)
J18_S014300,서비스이용,불만제기,불만제기,False,False,False,False,정보충분
J18_S014326,교환반품,배송확인,배송확인,False,False,False,False,정보충분
J18_S014340,교환반품,배송확인,교환반품,True,True,False,True,정보부족(infopoor)
J18_S014363,교환반품,환불요청,교환반품,True,True,True,True,정보부족(infopoor)
J18_S014377,교환반품,서비스이용,교환반품,True,True,True,True,정보부족(infopoor)
J18_S014391,교환반품,불만제기,불만제기,False,False,False,False,정보충분
J18_S014417,교환반품,배송확인,교환반품,True,True,False,True,정보부족(infopoor)
J18_S014429,주문취소,구매진행,환불요청,False,True,False,False,정보충분
J18_S014456,교환반품,불만제기,교환반품,True,True,False,True,정보부족(infopoor)
J18_S014466,교환반품,서비스이용,불만제기,False,True,False,False,정보충분
J18_S014473,교환반품,서비스이용,서비스이용,False,False,False,False,정보충분
J18_S014483,교환반품,불만제기,환불요청,False,True,False,False,정보충분
J18_S014484,교환반품,배송확인,교환반품,True,True,False,True,정보부족(infopoor)
J18_S014485,교환반품,배송확인,교환반품,True,True,True,True,정보부족(infopoor)
J18_S014549,교환반품,배송확인,배송확인,False,False,True,False,정보충분
J18_S014577,서비스이용,불만제기,배송확인,False,True,False,False,정보충분
J18_S014590,불만제기,배송확인,교환반품,False,True,False,False,정보충분
J18_S014602,교환반품,불만제기,불만제기,False,False,True,False,정보충분
J18_S014625,교환반품,불만제기,배송확인,False,True,False,False,정보충분
J18_S014666,교환반품,배송확인,배송확인,False,False,False,False,정보충분
J18_S014698,서비스이용,구매진행,배송확인,False,True,False,False,정보충분
J18_S014704,교환반품,배송확인,배송확인,False,False,True,False,정보충분
J18_S014768,교환반품,서비스이용,교환반품,True,True,False,True,정보부족(infopoor)
J18_S014788,서비스이용,배송확인,교환반품,False,True,True,True,정보부족(infopoor)
J18_S014812,서비스이용,불만제기,불만제기,False,False,False,False,정보충분
J18_S014850,서비스이용,교환반품,교환반품,False,False,False,False,정보충분
J18_S014876,서비스이용,배송확인,배송확인,False,False,False,False,정보충분
J18_S014890,교환반품,서비스이용,교환반품,True,True,True,True,정보부족(infopoor)
J18_S014948,구매진행,배송확인,구매진행,True,True,True,True,정보부족(infopoor)
J18_S014953,서비스이용,환불요청,교환반품,False,True,False,False,정보충분
J18_S014970,교환반품,배송확인,배송확인,False,False,True,False,정보충분
J18_S015003,서비스이용,교환반품,교환반품,False,False,True,False,정보충분
J18_S015006,서비스이용,구매진행,교환반품,False,True,True,True,정보부족(infopoor)
J18_S015028,교환반품,배송확인,교환반품,True,True,True,True,정보부족(infopoor)
J18_S015051,교환반품,환불요청,환불요청,False,False,True,False,정보충분
J18_S015063,교환반품,서비스이용,불만제기,False,True,False,False,정보충분
J18_S015082,교환반품,서비스이용,서비스이용,False,False,False,False,정보충분
J18_S015083,교환반품,배송확인,배송확인,False,False,True,False,정보충분
J18_S015085,교환반품,서비스이용,서비스이용,False,False,False,False,정보충분
J18_S015128,서비스이용,배송확인,구매진행,False,True,True,True,정보부족(infopoor)
J18_S015174,교환반품,배송확인,환불요청,False,True,False,False,정보충분
J18_S015282,교환반품,서비스이용,주문취소,False,True,False,False,정보충분
J18_S015292,교환반품,서비스이용,교환반품,True,True,True,True,정보부족(infopoor)
J18_S015310,교환반품,환불요청,교환반품,True,True,False,True,정보부족(infopoor)
J18_S015394,교환반품,환불요청,환불요청,False,False,False,False,정보충분
J18_S015416,교환반품,환불요청,교환반품,True,True,True,True,정보부족(infopoor)
J18_S015428,교환반품,환불요청,환불요청,False,False,False,False,정보충분
J18_S015430,교환반품,불만제기,배송확인,False,True,True,True,정보부족(infopoor)
J18_S015433,서비스이용,배송확인,배송확인,False,False,False,False,정보충분
J18_S015449,서비스이용,주문취소,주문취소,False,False,False,False,정보충분
J18_S015462,교환반품,배송확인,불만제기,False,True,False,False,정보충분
J18_S015465,서비스이용,배송확인,배송확인,False,False,False,False,정보충분
J18_S015482,교환반품,배송확인,배송확인,False,False,False,False,정보충분
J18_S015501,서비스이용,환불요청,배송확인,False,True,True,True,정보부족(infopoor)
J18_S015519,서비스이용,배송확인,배송확인,False,False,False,False,정보충분
J18_S015533,교환반품,서비스이용,서비스이용,False,False,False,False,정보충분
J18_S015540,교환반품,불만제기,환불요청,False,True,False,False,정보충분
J18_S015561,교환반품,주문취소,교환반품,True,True,False,True,정보부족(infopoor)
J18_S015574,교환반품,배송확인,환불요청,False,True,False,False,정보충분
J18_S015582,교환반품,배송확인,배송확인,False,False,False,False,정보충분
J18_S015598,교환반품,환불요청,불만제기,False,True,False,False,정보충분
J18_S015610,교환반품,서비스이용,서비스이용,False,False,False,False,정보충분
J18_S015658,교환반품,서비스이용,배송확인,False,True,False,False,정보충분
J18_S015720,교환반품,서비스이용,서비스이용,False,False,False,False,정보충분
J18_S015729,교환반품,배송확인,교환반품,True,True,True,True,정보부족(infopoor)
J18_S015735,서비스이용,교환반품,배송확인,False,True,False,False,정보충분
J18_S015744,교환반품,배송확인,배송확인,False,False,False,False,정보충분
J18_S015765,교환반품,구매진행,교환반품,True,True,True,True,정보부족(infopoor)
J18_S015789,교환반품,서비스이용,교환반품,True,True,False,True,정보부족(infopoor)
J18_S015818,교환반품,서비스이용,교환반품,True,True,False,True,정보부족(infopoor)
J18_S015822,교환반품,배송확인,교환반품,True,True,True,True,정보부족(infopoor)
J18_S015828,교환반품,불만제기,교환반품,True,True,False,True,정보부족(infopoor)
J18_S015840,교환반품,불만제기,교환반품,True,True,False,True,정보부족(infopoor)
J18_S015845,교환반품,배송확인,교환반품,True,True,True,True,정보부족(infopoor)
J18_S015852,교환반품,서비스이용,교환반품,True,True,False,True,정보부족(infopoor)
J18_S015905,교환반품,구매진행,구매진행,False,False,False,False,정보충분
J18_S015907,서비스이용,배송확인,배송확인,False,False,False,False,정보충분
J18_S015913,교환반품,배송확인,교환반품,True,True,True,True,정보부족(infopoor)
J18_S015916,교환반품,배송확인,배송확인,False,False,False,False,정보충분
J18_S015950,교환반품,배송확인,교환반품,True,True,False,True,정보부족(infopoor)
J18_S015961,교환반품,배송확인,배송확인,False,False,True,False,정보충분
J18_S015979,교환반품,서비스이용,주문취소,False,True,False,False,정보충분
J18_S016011,교환반품,환불요청,환불요청,False,False,True,False,정보충분
J18_S016016,교환반품,서비스이용,서비스이용,False,False,False,False,정보충분
J18_S016025,교환반품,서비스이용,서비스이용,False,False,False,False,정보충분
J18_S016038,교환반품,서비스이용,배송확인,False,True,True,True,정보부족(infopoor)
J18_S016039,교환반품,배송확인,교환반품,True,True,True,True,정보부족(infopoor)
J18_S016064,교환반품,배송확인,교환반품,True,True,False,True,정보부족(infopoor)
J18_S016135,교환반품,환불요청,교환반품,True,True,True,True,정보부족(infopoor)
J18_S016193,서비스이용,불만제기,주문취소,False,True,False,False,정보충분
J18_S016194,교환반품,배송확인,교환반품,True,True,True,True,정보부족(infopoor)
J18_S016263,교환반품,배송확인,배송확인,False,False,True,False,정보충분
J18_S016300,불만제기,서비스이용,배송확인,False,True,False,False,정보충분
J18_S016307,교환반품,배송확인,배송확인,False,False,False,False,정보충분
J18_S016324,서비스이용,불만제기,불만제기,False,False,False,False,정보충분
J18_S016409,교환반품,배송확인,교환반품,True,True,False,True,정보부족(infopoor)
J18_S016418,서비스이용,배송확인,배송확인,False,False,False,False,정보충분
J18_S016420,주문취소,교환반품,환불요청,False,True,False,False,정보충분
J18_S016422,교환반품,환불요청,주문취소,False,True,False,False,정보충분
J18_S016472,교환반품,주문취소,배송확인,False,True,False,False,정보충분
J18_S016498,교환반품,배송확인,교환반품,True,True,False,True,정보부족(infopoor)
J18_S016519,교환반품,환불요청,환불요청,False,False,True,False,정보충분
J18_S016527,교환반품,불만제기,불만제기,False,False,False,False,정보충분
J18_S016541,교환반품,배송확인,교환반품,True,True,False,True,정보부족(infopoor)
J18_S016576,교환반품,주문취소,배송확인,False,True,True,True,정보부족(infopoor)
J18_S016584,서비스이용,환불요청,환불요청,False,False,False,False,정보충분
J18_S016586,서비스이용,배송확인,배송확인,False,False,False,False,정보충분
J18_S016588,교환반품,구매진행,구매진행,False,False,False,False,정보충분
J18_S016624,교환반품,서비스이용,배송확인,False,True,False,False,정보충분
J18_S016652,서비스이용,교환반품,교환반품,False,False,False,False,정보충분
J18_S016655,교환반품,서비스이용,교환반품,True,True,False,True,정보부족(infopoor)
J18_S016658,교환반품,환불요청,교환반품,True,True,True,True,정보부족(infopoor)
J18_S016793,교환반품,배송확인,교환반품,True,True,False,True,정보부족(infopoor)
J18_S016813,교환반품,구매진행,환불요청,False,True,True,True,정보부족(infopoor)
J18_S016837,교환반품,환불요청,교환반품,True,True,True,True,정보부족(infopoor)
J18_S016929,교환반품,불만제기,교환반품,True,True,False,True,정보부족(infopoor)
J18_S016938,교환반품,불만제기,배송확인,False,True,False,False,정보충분
J18_S016963,서비스이용,구매진행,구매진행,False,False,False,False,정보충분
J18_S016972,교환반품,서비스이용,불만제기,False,True,False,False,정보충분
J18_S016980,구매진행,환불요청,환불요청,False,False,False,False,정보충분
J18_S016986,서비스이용,배송확인,배송확인,False,False,False,False,정보충분
J18_S016991,교환반품,배송확인,교환반품,True,True,True,True,정보부족(infopoor)
J18_S016994,교환반품,배송확인,교환반품,True,True,False,True,정보부족(infopoor)
J18_S016999,서비스이용,배송확인,불만제기,False,True,True,True,정보부족(infopoor)
J18_S017018,서비스이용,교환반품,교환반품,False,False,False,False,정보충분
J18_S017041,서비스이용,배송확인,배송확인,False,False,False,False,정보충분
J18_S017095,교환반품,서비스이용,서비스이용,False,False,False,False,정보충분
J18_S017116,교환반품,서비스이용,서비스이용,False,False,True,False,정보충분
J18_S017131,교환반품,배송확인,배송확인,False,False,False,False,정보충분
J18_S017150,서비스이용,불만제기,불만제기,False,False,True,False,정보충분
J18_S017185,교환반품,배송확인,배송확인,False,False,False,False,정보충분
J18_S017256,교환반품,배송확인,배송확인,False,False,False,False,정보충분
J18_S017297,서비스이용,주문취소,배송확인,False,True,False,False,정보충분
J18_S017350,서비스이용,불만제기,불만제기,False,False,False,False,정보충분
J18_S017362,교환반품,배송확인,교환반품,True,True,False,True,정보부족(infopoor)
J18_S017381,교환반품,서비스이용,교환반품,True,True,False,True,정보부족(infopoor)
J18_S017411,교환반품,배송확인,배송확인,False,False,False,False,정보충분
J18_S017433,교환반품,불만제기,불만제기,False,False,False,False,정보충분
J18_S017498,교환반품,배송확인,교환반품,True,True,False,True,정보부족(infopoor)
J18_S017500,서비스이용,배송확인,배송확인,False,False,False,False,정보충분
J18_S017502,교환반품,불만제기,불만제기,False,False,True,False,정보충분
J18_S017509,교환반품,불만제기,교환반품,True,True,True,True,정보부족(infopoor)
J18_S017531,교환반품,서비스이용,서비스이용,False,False,True,False,정보충분
J18_S017533,교환반품,서비스이용,교환반품,True,True,True,True,정보부족(infopoor)
J18_S017561,교환반품,서비스이용,서비스이용,False,False,False,False,정보충분
J18_S017571,교환반품,불만제기,불만제기,False,False,False,False,정보충분
J18_S017593,교환반품,배송확인,교환반품,True,True,False,True,정보부족(infopoor)
J18_S017605,주문취소,배송확인,주문취소,True,True,False,True,정보부족(infopoor)
J18_S017641,교환반품,배송확인,교환반품,True,True,True,True,정보부족(infopoor)
J18_S017654,교환반품,불만제기,불만제기,False,False,True,False,정보충분
J18_S017676,주문취소,환불요청,환불요청,False,False,False,False,정보충분
J18_S017679,교환반품,불만제기,배송확인,False,True,False,False,정보충분
J18_S017705,교환반품,환불요청,교환반품,True,True,True,True,정보부족(infopoor)
J18_S017723,서비스이용,배송확인,배송확인,False,False,False,False,정보충분
J18_S017729,서비스이용,배송확인,배송확인,False,False,False,False,정보충분
J18_S017746,주문취소,구매진행,주문취소,True,True,False,True,정보부족(infopoor)
J18_S017758,교환반품,불만제기,불만제기,False,False,False,False,정보충분
J18_S017862,교환반품,서비스이용,배송확인,False,True,True,True,정보부족(infopoor)
J18_S017863,교환반품,서비스이용,서비스이용,False,False,True,False,정보충분
J18_S017882,교환반품,배송확인,배송확인,False,False,False,False,정보충분
J18_S017890,교환반품,서비스이용,교환반품,True,True,True,True,정보부족(infopoor)
J18_S017903,교환반품,서비스이용,교환반품,True,True,False,True,정보부족(infopoor)
J18_S017909,구매진행,배송확인,환불요청,False,True,False,False,정보충분
J18_S017914,교환반품,배송확인,배송확인,False,False,True,False,정보충분
J18_S017954,교환반품,서비스이용,교환반품,True,True,False,True,정보부족(infopoor)
J18_S017961,교환반품,배송확인,교환반품,True,True,True,True,정보부족(infopoor)
J18_S017994,교환반품,배송확인,배송확인,False,False,False,False,정보충분
J18_S017997,서비스이용,배송확인,배송확인,False,False,False,False,정보충분
J18_S018010,교환반품,주문취소,주문취소,False,False,False,False,정보충분
J18_S018029,교환반품,불만제기,배송확인,False,True,False,False,정보충분
J18_S018077,교환반품,배송확인,환불요청,False,True,False,False,정보충분
J18_S018160,교환반품,불만제기,불만제기,False,False,False,False,정보충분
J18_S018200,교환반품,배송확인,교환반품,True,True,True,True,정보부족(infopoor)
J18_S018201,교환반품,배송확인,교환반품,True,True,False,True,정보부족(infopoor)
J18_S018223,교환반품,배송확인,교환반품,True,True,True,True,정보부족(infopoor)
J18_S018231,서비스이용,배송확인,배송확인,False,False,False,False,정보충분
J18_S018245,교환반품,주문취소,주문취소,False,False,False,False,정보충분
J18_S018259,교환반품,환불요청,교환반품,True,True,False,True,정보부족(infopoor)
J18_S018279,교환반품,배송확인,환불요청,False,True,False,False,정보충분
J18_S018349,교환반품,서비스이용,교환반품,True,True,True,True,정보부족(infopoor)
J18_S018354,서비스이용,배송확인,배송확인,False,False,False,False,정보충분
J18_S018387,교환반품,서비스이용,서비스이용,False,False,False,False,정보충분
J18_S018396,주문취소,환불요청,환불요청,False,False,False,False,정보충분
J18_S018437,교환반품,서비스이용,교환반품,True,True,True,True,정보부족(infopoor)
J18_S018445,교환반품,배송확인,환불요청,False,True,False,False,정보충분
J18_S018478,교환반품,서비스이용,서비스이용,False,False,False,False,정보충분
J18_S018483,교환반품,배송확인,환불요청,False,True,False,False,정보충분
J18_S018609,교환반품,배송확인,교환반품,True,True,False,True,정보부족(infopoor)
J18_S018612,교환반품,배송확인,교환반품,True,True,True,True,정보부족(infopoor)
J18_S018616,서비스이용,교환반품,교환반품,False,False,True,False,정보충분
J18_S018649,교환반품,서비스이용,불만제기,False,True,True,True,정보부족(infopoor)
J18_S018662,교환반품,서비스이용,배송확인,False,True,False,False,정보충분
J18_S018677,교환반품,배송확인,주문취소,False,True,True,True,정보부족(infopoor)
J18_S018693,구매진행,배송확인,배송확인,False,False,True,False,정보충분
J18_S018698,불만제기,교환반품,교환반품,False,False,False,False,정보충분
J18_S018728,교환반품,배송확인,교환반품,True,True,True,True,정보부족(infopoor)
J18_S018752,교환반품,배송확인,교환반품,True,True,True,True,정보부족(infopoor)
J18_S018793,교환반품,서비스이용,서비스이용,False,False,False,False,정보충분
J18_S018919,교환반품,배송확인,배송확인,False,False,False,False,정보충분
J18_S018920,교환반품,환불요청,환불요청,False,False,False,False,정보충분
J18_S019006,교환반품,환불요청,환불요청,False,False,False,False,정보충분
J18_S019040,교환반품,배송확인,배송확인,False,False,False,False,정보충분
J18_S019044,교환반품,불만제기,배송확인,False,True,False,False,정보충분
J18_S019106,교환반품,환불요청,교환반품,True,True,False,True,정보부족(infopoor)
J18_S019109,교환반품,배송확인,배송확인,False,False,False,False,정보충분
J18_S019115,교환반품,배송확인,배송확인,False,False,False,False,정보충분
J18_S019151,서비스이용,불만제기,배송확인,False,True,False,False,정보충분
J18_S019195,서비스이용,배송확인,배송확인,False,False,False,False,정보충분
J18_S019211,주문취소,서비스이용,서비스이용,False,False,False,False,정보충분
J18_S019234,교환반품,불만제기,서비스이용,False,True,False,False,정보충분
J18_S019296,서비스이용,교환반품,교환반품,False,False,True,False,정보충분
J18_S019308,교환반품,배송확인,교환반품,True,True,False,True,정보부족(infopoor)
J18_S019321,교환반품,불만제기,불만제기,False,False,False,False,정보충분
J18_S019345,서비스이용,환불요청,환불요청,False,False,False,False,정보충분
J18_S019375,교환반품,배송확인,배송확인,False,False,False,False,정보충분
J18_S019492,주문취소,환불요청,주문취소,True,True,True,True,정보부족(infopoor)
J18_S019495,교환반품,배송확인,배송확인,False,False,False,False,정보충분
J18_S019528,서비스이용,배송확인,배송확인,False,False,False,False,정보충분
J18_S019571,교환반품,환불요청,교환반품,True,True,False,True,정보부족(infopoor)
J18_S019659,교환반품,환불요청,환불요청,False,False,True,False,정보충분
J18_S019663,교환반품,배송확인,배송확인,False,False,False,False,정보충분
J18_S019675,교환반품,불만제기,불만제기,False,False,False,False,정보충분
J18_S019688,교환반품,배송확인,배송확인,False,False,False,False,정보충분
J18_S019759,교환반품,불만제기,교환반품,True,True,False,True,정보부족(infopoor)
J18_S019818,교환반품,환불요청,교환반품,True,True,False,True,정보부족(infopoor)
J18_S019822,서비스이용,배송확인,교환반품,False,True,False,False,정보충분
J18_S019827,교환반품,배송확인,환불요청,False,True,False,False,정보충분
J18_S019861,교환반품,환불요청,환불요청,False,False,False,False,정보충분
J18_S019895,교환반품,구매진행,배송확인,False,True,True,True,정보부족(infopoor)
J18_S019915,교환반품,환불요청,환불요청,False,False,True,False,정보충분
J18_S019924,교환반품,배송확인,배송확인,False,False,False,False,정보충분
J18_S019931,교환반품,불만제기,불만제기,False,False,False,False,정보충분
J18_S019962,구매진행,서비스이용,서비스이용,False,False,False,False,정보충분
J18_S019963,서비스이용,불만제기,불만제기,False,False,False,False,정보충분
J18_S019971,구매진행,서비스이용,서비스이용,False,False,False,False,정보충분
J18_S020020,서비스이용,구매진행,구매진행,False,False,True,False,정보충분
J18_S020045,교환반품,배송확인,배송확인,False,False,False,False,정보충분
J18_S020068,구매진행,배송확인,배송확인,False,False,True,False,정보충분
J18_S020083,서비스이용,교환반품,배송확인,False,True,True,True,정보부족(infopoor)
J18_S020087,교환반품,환불요청,배송확인,False,True,True,True,정보부족(infopoor)
J18_S020101,불만제기,서비스이용,불만제기,True,True,False,True,정보부족(infopoor)
J18_S020118,교환반품,불만제기,교환반품,True,True,True,True,정보부족(infopoor)
J18_S020147,교환반품,서비스이용,교환반품,True,True,False,True,정보부족(infopoor)
J18_S020190,교환반품,서비스이용,교환반품,True,True,True,True,정보부족(infopoor)
J18_S020203,교환반품,배송확인,불만제기,False,True,False,False,정보충분
J18_S020235,교환반품,서비스이용,교환반품,True,True,False,True,정보부족(infopoor)
J18_S020280,교환반품,배송확인,교환반품,True,True,False,True,정보부족(infopoor)
J18_S020281,교환반품,서비스이용,교환반품,True,True,False,True,정보부족(infopoor)
J18_S020290,교환반품,환불요청,교환반품,True,True,False,True,정보부족(infopoor)
J18_S020348,서비스이용,배송확인,배송확인,False,False,True,False,정보충분
J18_S020353,교환반품,서비스이용,배송확인,False,True,True,True,정보부족(infopoor)
J18_S020391,교환반품,불만제기,교환반품,True,True,True,True,정보부족(infopoor)
J18_S020402,교환반품,배송확인,교환반품,True,True,True,True,정보부족(infopoor)
J18_S020421,교환반품,환불요청,환불요청,False,False,True,False,정보충분
J18_S020432,교환반품,배송확인,환불요청,False,True,True,True,정보부족(infopoor)
J18_S020434,교환반품,배송확인,배송확인,False,False,False,False,정보충분
J18_S020479,교환반품,배송확인,배송확인,False,False,False,False,정보충분
J18_S020487,교환반품,불만제기,불만제기,False,False,False,False,정보충분
J18_S020504,교환반품,구매진행,구매진행,False,False,True,False,정보충분
J18_S020510,서비스이용,불만제기,서비스이용,True,True,False,True,정보부족(infopoor)
J18_S020522,서비스이용,불만제기,불만제기,False,False,True,False,정보충분
J18_S020572,서비스이용,배송확인,배송확인,False,False,False,False,정보충분
J18_S020622,교환반품,배송확인,교환반품,True,True,True,True,정보부족(infopoor)
J18_S020643,서비스이용,불만제기,불만제기,False,False,False,False,정보충분
J18_S020644,교환반품,불만제기,배송확인,False,True,False,False,정보충분
J18_S020666,교환반품,배송확인,교환반품,True,True,True,True,정보부족(infopoor)
J18_S020691,서비스이용,환불요청,환불요청,False,False,False,False,정보충분
J18_S020697,교환반품,배송확인,배송확인,False,False,False,False,정보충분
J18_S020708,교환반품,배송확인,배송확인,False,False,False,False,정보충분
J18_S020719,교환반품,배송확인,환불요청,False,True,False,False,정보충분
J18_S020733,서비스이용,구매진행,서비스이용,True,True,True,True,정보부족(infopoor)
J18_S020745,교환반품,배송확인,배송확인,False,False,True,False,정보충분
J18_S020773,주문취소,서비스이용,구매진행,False,True,False,False,정보충분
J18_S020776,교환반품,환불요청,환불요청,False,False,False,False,정보충분
J18_S020802,서비스이용,배송확인,배송확인,False,False,True,False,정보충분
J18_S020879,서비스이용,배송확인,배송확인,False,False,False,False,정보충분
J18_S020901,구매진행,서비스이용,배송확인,False,True,False,False,정보충분
J18_S020934,교환반품,환불요청,환불요청,False,False,False,False,정보충분
J18_S021016,교환반품,서비스이용,서비스이용,False,False,False,False,정보충분
J18_S021023,교환반품,서비스이용,교환반품,True,True,False,True,정보부족(infopoor)
J18_S021072,교환반품,환불요청,환불요청,False,False,False,False,정보충분
J18_S021074,교환반품,불만제기,불만제기,False,False,False,False,정보충분
J18_S021091,교환반품,서비스이용,서비스이용,False,False,False,False,정보충분
J18_S021135,교환반품,서비스이용,서비스이용,False,False,True,False,정보충분
J18_S021143,교환반품,배송확인,배송확인,False,False,True,False,정보충분
J18_S021164,교환반품,배송확인,배송확인,False,False,False,False,정보충분
J18_S021174,교환반품,배송확인,배송확인,False,False,True,False,정보충분
J18_S021188,교환반품,서비스이용,교환반품,True,True,False,True,정보부족(infopoor)
J18_S021193,교환반품,불만제기,불만제기,False,False,False,False,정보충분
J18_S021209,교환반품,구매진행,배송확인,False,True,False,False,정보충분
J18_S021234,서비스이용,배송확인,배송확인,False,False,True,False,정보충분
J18_S021245,교환반품,서비스이용,교환반품,True,True,False,True,정보부족(infopoor)
J18_S021249,교환반품,배송확인,교환반품,True,True,True,True,정보부족(infopoor)
J18_S021256,서비스이용,배송확인,배송확인,False,False,True,False,정보충분
J18_S021266,구매진행,서비스이용,구매진행,True,True,False,True,정보부족(infopoor)
J18_S021294,교환반품,서비스이용,서비스이용,False,False,False,False,정보충분
J18_S021295,교환반품,서비스이용,배송확인,False,True,False,False,정보충분
J18_S021296,서비스이용,불만제기,배송확인,False,True,True,True,정보부족(infopoor)
J18_S021310,서비스이용,배송확인,배송확인,False,False,False,False,정보충분
J18_S021335,서비스이용,불만제기,서비스이용,True,True,False,True,정보부족(infopoor)
J18_S021357,교환반품,서비스이용,서비스이용,False,False,True,False,정보충분
J18_S021360,교환반품,주문취소,교환반품,True,True,True,True,정보부족(infopoor)
J18_S021381,교환반품,배송확인,교환반품,True,True,True,True,정보부족(infopoor)
J18_S021413,교환반품,배송확인,배송확인,False,False,False,False,정보충분
J18_S021470,서비스이용,불만제기,구매진행,False,True,False,False,정보충분
J18_S021532,교환반품,배송확인,교환반품,True,True,False,True,정보부족(infopoor)
J18_S021540,서비스이용,불만제기,불만제기,False,False,False,False,정보충분
J18_S021567,서비스이용,교환반품,배송확인,False,True,True,True,정보부족(infopoor)
J18_S021626,교환반품,배송확인,교환반품,True,True,True,True,정보부족(infopoor)
J18_S021627,교환반품,서비스이용,불만제기,False,True,True,True,정보부족(infopoor)
J18_S021745,구매진행,배송확인,배송확인,False,False,True,False,정보충분
J18_S021746,교환반품,서비스이용,서비스이용,False,False,False,False,정보충분
J18_S021766,서비스이용,불만제기,서비스이용,True,True,False,True,정보부족(infopoor)
J18_S021775,주문취소,환불요청,교환반품,False,True,True,True,정보부족(infopoor)
J18_S021825,서비스이용,배송확인,배송확인,False,False,True,False,정보충분
J18_S021826,교환반품,구매진행,구매진행,False,False,False,False,정보충분
J18_S021836,교환반품,서비스이용,교환반품,True,True,True,True,정보부족(infopoor)
J18_S021837,교환반품,서비스이용,서비스이용,False,False,True,False,정보충분
J18_S021843,교환반품,배송확인,배송확인,False,False,True,False,정보충분
J18_S021882,구매진행,서비스이용,서비스이용,False,False,False,False,정보충분
J18_S021884,교환반품,구매진행,서비스이용,False,True,True,True,정보부족(infopoor)
J18_S021909,교환반품,배송확인,서비스이용,False,True,False,False,정보충분
J18_S021926,구매진행,배송확인,배송확인,False,False,False,False,정보충분
J18_S021948,교환반품,서비스이용,서비스이용,False,False,True,False,정보충분
J18_S021953,교환반품,배송확인,배송확인,False,False,False,False,정보충분
J18_S021967,서비스이용,교환반품,교환반품,False,False,False,False,정보충분
J18_S022001,교환반품,배송확인,교환반품,True,True,False,True,정보부족(infopoor)
J18_S022023,교환반품,배송확인,배송확인,False,False,False,False,정보충분
J18_S022051,교환반품,구매진행,서비스이용,False,True,True,True,정보부족(infopoor)
J18_S022066,교환반품,배송확인,배송확인,False,False,False,False,정보충분
J18_S022101,교환반품,배송확인,배송확인,False,False,False,False,정보충분
J18_S022124,서비스이용,배송확인,배송확인,False,False,True,False,정보충분
J18_S022161,교환반품,환불요청,불만제기,False,True,True,True,정보부족(infopoor)
J18_S022175,교환반품,환불요청,환불요청,False,False,True,False,정보충분
J18_S022209,교환반품,환불요청,교환반품,True,True,True,True,정보부족(infopoor)
J18_S022251,교환반품,환불요청,교환반품,True,True,False,True,정보부족(infopoor)
J18_S022283,교환반품,서비스이용,서비스이용,False,False,True,False,정보충분
J18_S022307,교환반품,서비스이용,교환반품,True,True,True,True,정보부족(infopoor)
J18_S022331,서비스이용,배송확인,배송확인,False,False,False,False,정보충분
J18_S022344,교환반품,환불요청,서비스이용,False,True,False,False,정보충분
J18_S022434,교환반품,배송확인,배송확인,False,False,True,False,정보충분
J18_S022444,교환반품,서비스이용,배송확인,False,True,False,False,정보충분
J18_S022446,교환반품,불만제기,배송확인,False,True,True,True,정보부족(infopoor)
J18_S022469,서비스이용,배송확인,배송확인,False,False,True,False,정보충분
J18_S022488,교환반품,환불요청,환불요청,False,False,True,False,정보충분
J18_S022521,서비스이용,환불요청,환불요청,False,False,False,False,정보충분
J18_S022524,서비스이용,배송확인,배송확인,False,False,False,False,정보충분
J18_S022557,교환반품,구매진행,서비스이용,False,True,True,True,정보부족(infopoor)
J18_S022599,교환반품,서비스이용,주문취소,False,True,True,True,정보부족(infopoor)
J18_S022603,서비스이용,구매진행,구매진행,False,False,False,False,정보충분
J18_S022606,구매진행,서비스이용,서비스이용,False,False,False,False,정보충분
J18_S022613,구매진행,서비스이용,구매진행,True,True,True,True,정보부족(infopoor)
J18_S022619,구매진행,서비스이용,구매진행,True,True,True,True,정보부족(infopoor)
J18_S022621,서비스이용,배송확인,배송확인,False,False,True,False,정보충분
J18_S022654,서비스이용,구매진행,구매진행,False,False,False,False,정보충분
J18_S022668,서비스이용,배송확인,배송확인,False,False,False,False,정보충분
J18_S022678,교환반품,환불요청,교환반품,True,True,False,True,정보부족(infopoor)
J18_S022685,서비스이용,배송확인,배송확인,False,False,True,False,정보충분
J18_S022730,서비스이용,주문취소,배송확인,False,True,False,False,정보충분
J18_S022737,교환반품,배송확인,배송확인,False,False,False,False,정보충분
J18_S022747,서비스이용,주문취소,주문취소,False,False,True,False,정보충분
J18_S022782,구매진행,서비스이용,배송확인,False,True,True,True,정보부족(infopoor)
J18_S022829,교환반품,배송확인,교환반품,True,True,False,True,정보부족(infopoor)
J18_S022834,구매진행,서비스이용,서비스이용,False,False,False,False,정보충분
J18_S022838,서비스이용,환불요청,환불요청,False,False,False,False,정보충분
J18_S022846,서비스이용,구매진행,구매진행,False,False,False,False,정보충분
J18_S022872,교환반품,배송확인,교환반품,True,True,False,True,정보부족(infopoor)
J18_S022997,교환반품,배송확인,배송확인,False,False,False,False,정보충분
J18_S022999,서비스이용,불만제기,구매진행,False,True,True,True,정보부족(infopoor)
J18_S023003,교환반품,주문취소,주문취소,False,False,False,False,정보충분
J18_S023056,교환반품,환불요청,교환반품,True,True,False,True,정보부족(infopoor)
J18_S023090,서비스이용,구매진행,구매진행,False,False,False,False,정보충분
J18_S023095,서비스이용,배송확인,배송확인,False,False,False,False,정보충분
J18_S023099,서비스이용,구매진행,구매진행,False,False,False,False,정보충분
J18_S023109,서비스이용,불만제기,서비스이용,True,True,False,True,정보부족(infopoor)
J18_S023116,구매진행,서비스이용,구매진행,True,True,True,True,정보부족(infopoor)
J18_S023117,교환반품,환불요청,배송확인,False,True,True,True,정보부족(infopoor)
J18_S023124,교환반품,불만제기,교환반품,True,True,False,True,정보부족(infopoor)
J18_S023130,교환반품,서비스이용,불만제기,False,True,False,False,정보충분
J18_S023146,구매진행,서비스이용,서비스이용,False,False,True,False,정보충분
J18_S023192,서비스이용,배송확인,교환반품,False,True,False,False,정보충분
J18_S023218,구매진행,서비스이용,서비스이용,False,False,False,False,정보충분
J18_S023236,구매진행,서비스이용,서비스이용,False,False,True,False,정보충분
J18_S023251,교환반품,서비스이용,서비스이용,False,False,False,False,정보충분
J18_S023254,주문취소,배송확인,배송확인,False,False,False,False,정보충분
J18_S023272,서비스이용,구매진행,주문취소,False,True,True,True,정보부족(infopoor)
J18_S023281,구매진행,환불요청,환불요청,False,False,False,False,정보충분
J18_S023287,교환반품,환불요청,환불요청,False,False,False,False,정보충분
J18_S023295,서비스이용,배송확인,서비스이용,True,True,True,True,정보부족(infopoor)
J18_S023298,서비스이용,불만제기,구매진행,False,True,True,True,정보부족(infopoor)
J18_S023308,서비스이용,구매진행,구매진행,False,False,False,False,정보충분
J18_S023354,교환반품,환불요청,환불요청,False,False,True,False,정보충분
J19_S000010,구매진행,서비스이용,구매진행,True,True,False,True,정보부족(infopoor)
J19_S000046,서비스이용,환불요청,환불요청,False,False,False,False,정보충분
J19_S000085,서비스이용,구매진행,구매진행,False,False,False,False,정보충분
J19_S000108,구매진행,서비스이용,구매진행,True,True,True,True,정보부족(infopoor)
J19_S000190,서비스이용,주문취소,주문취소,False,False,False,False,정보충분
J19_S000193,교환반품,배송확인,교환반품,True,True,False,True,정보부족(infopoor)
J19_S000223,구매진행,서비스이용,구매진행,True,True,False,True,정보부족(infopoor)
J19_S000275,주문취소,서비스이용,구매진행,False,True,False,False,정보충분
J19_S000345,구매진행,서비스이용,구매진행,True,True,False,True,정보부족(infopoor)
J19_S000402,구매진행,환불요청,구매진행,True,True,False,True,정보부족(infopoor)
J19_S000422,구매진행,서비스이용,서비스이용,False,False,False,False,정보충분
J19_S000508,구매진행,주문취소,교환반품,False,True,False,False,정보충분
J19_S000518,구매진행,서비스이용,서비스이용,False,False,True,False,정보충분
J19_S000544,주문취소,환불요청,주문취소,True,True,True,True,정보부족(infopoor)
J19_S000625,서비스이용,구매진행,구매진행,False,False,False,False,정보충분
J19_S000681,서비스이용,환불요청,환불요청,False,False,False,False,정보충분
J19_S000717,주문취소,배송확인,환불요청,False,True,False,False,정보충분
J19_S000785,주문취소,구매진행,구매진행,False,False,False,False,정보충분
J19_S000840,구매진행,교환반품,교환반품,False,False,False,False,정보충분
J19_S000925,서비스이용,구매진행,구매진행,False,False,False,False,정보충분
J19_S000953,주문취소,구매진행,구매진행,False,False,False,False,정보충분
J19_S000956,주문취소,서비스이용,주문취소,True,True,False,True,정보부족(infopoor)
J19_S000963,구매진행,서비스이용,구매진행,True,True,True,True,정보부족(infopoor)
J19_S001040,교환반품,배송확인,배송확인,False,False,False,False,정보충분
J19_S001144,주문취소,환불요청,환불요청,False,False,True,False,정보충분
J19_S001256,구매진행,교환반품,교환반품,False,False,False,False,정보충분
J19_S001278,주문취소,환불요청,환불요청,False,False,False,False,정보충분
J19_S001281,서비스이용,주문취소,환불요청,False,True,False,False,정보충분
J19_S001337,구매진행,배송확인,환불요청,False,True,False,False,정보충분
J19_S001368,서비스이용,환불요청,배송확인,False,True,False,False,정보충분
J19_S001371,서비스이용,구매진행,구매진행,False,False,False,False,정보충분
J19_S001388,서비스이용,환불요청,환불요청,False,False,False,False,정보충분
J19_S001408,서비스이용,구매진행,서비스이용,True,True,False,True,정보부족(infopoor)
J19_S001435,주문취소,불만제기,불만제기,False,False,False,False,정보충분
J19_S001442,서비스이용,배송확인,서비스이용,True,True,False,True,정보부족(infopoor)
J19_S001481,서비스이용,환불요청,환불요청,False,False,False,False,정보충분
J19_S001488,구매진행,서비스이용,서비스이용,False,False,True,False,정보충분
J19_S001504,서비스이용,환불요청,환불요청,False,False,False,False,정보충분
J19_S001654,구매진행,환불요청,구매진행,True,True,False,True,정보부족(infopoor)
J19_S001701,구매진행,불만제기,구매진행,True,True,False,True,정보부족(infopoor)
J19_S001708,주문취소,환불요청,환불요청,False,False,False,False,정보충분
J19_S001714,구매진행,교환반품,주문취소,False,True,True,True,정보부족(infopoor)
J19_S001716,주문취소,구매진행,서비스이용,False,True,False,False,정보충분
J19_S001752,서비스이용,구매진행,구매진행,False,False,False,False,정보충분
J19_S001776,서비스이용,구매진행,구매진행,False,False,False,False,정보충분
J19_S001786,주문취소,불만제기,환불요청,False,True,True,True,정보부족(infopoor)
J19_S001818,주문취소,구매진행,구매진행,False,False,False,False,정보충분
J19_S001861,주문취소,서비스이용,주문취소,True,True,False,True,정보부족(infopoor)
J19_S001903,서비스이용,환불요청,서비스이용,True,True,True,True,정보부족(infopoor)
J19_S001908,서비스이용,구매진행,구매진행,False,False,False,False,정보충분
J19_S001917,구매진행,서비스이용,구매진행,True,True,False,True,정보부족(infopoor)
J19_S001939,서비스이용,구매진행,구매진행,False,False,False,False,정보충분
J19_S001999,구매진행,서비스이용,구매진행,True,True,False,True,정보부족(infopoor)
J19_S002013,주문취소,구매진행,환불요청,False,True,False,False,정보충분
J19_S002077,구매진행,서비스이용,구매진행,True,True,False,True,정보부족(infopoor)
J19_S002091,서비스이용,환불요청,환불요청,False,False,True,False,정보충분
J19_S002094,구매진행,서비스이용,구매진행,True,True,False,True,정보부족(infopoor)
J19_S002145,서비스이용,구매진행,구매진행,False,False,False,False,정보충분
J19_S002151,서비스이용,불만제기,구매진행,False,True,True,True,정보부족(infopoor)
J19_S002166,구매진행,서비스이용,구매진행,True,True,True,True,정보부족(infopoor)
J19_S002184,서비스이용,구매진행,구매진행,False,False,False,False,정보충분
J19_S002228,구매진행,교환반품,교환반품,False,False,False,False,정보충분
J19_S002258,주문취소,서비스이용,서비스이용,False,False,False,False,정보충분
J19_S002276,주문취소,구매진행,구매진행,False,False,False,False,정보충분
J19_S002278,구매진행,배송확인,서비스이용,False,True,False,False,정보충분
J19_S002338,서비스이용,구매진행,서비스이용,True,True,False,True,정보부족(infopoor)
J19_S002356,구매진행,서비스이용,서비스이용,False,False,False,False,정보충분
J19_S002398,서비스이용,주문취소,주문취소,False,False,False,False,정보충분
J19_S002403,서비스이용,환불요청,환불요청,False,False,False,False,정보충분
J19_S002408,서비스이용,구매진행,서비스이용,True,True,True,True,정보부족(infopoor)
J19_S002501,주문취소,구매진행,주문취소,True,True,False,True,정보부족(infopoor)
J19_S002560,주문취소,서비스이용,주문취소,True,True,False,True,정보부족(infopoor)
J19_S002577,주문취소,구매진행,구매진행,False,False,False,False,정보충분
J19_S002624,주문취소,구매진행,주문취소,True,True,True,True,정보부족(infopoor)
J19_S002627,주문취소,배송확인,주문취소,True,True,False,True,정보부족(infopoor)
J19_S002639,구매진행,서비스이용,구매진행,True,True,False,True,정보부족(infopoor)
J19_S002649,구매진행,서비스이용,서비스이용,False,False,False,False,정보충분
J19_S002653,구매진행,배송확인,배송확인,False,False,False,False,정보충분
J19_S002666,서비스이용,구매진행,구매진행,False,False,False,False,정보충분
J19_S002692,서비스이용,구매진행,구매진행,False,False,False,False,정보충분
J19_S002755,구매진행,서비스이용,구매진행,True,True,False,True,정보부족(infopoor)
J19_S002803,서비스이용,불만제기,서비스이용,True,True,False,True,정보부족(infopoor)
J19_S002807,주문취소,구매진행,주문취소,True,True,False,True,정보부족(infopoor)
J19_S002897,구매진행,서비스이용,서비스이용,False,False,True,False,정보충분
J19_S002905,서비스이용,환불요청,서비스이용,True,True,True,True,정보부족(infopoor)
J19_S002910,주문취소,배송확인,주문취소,True,True,False,True,정보부족(infopoor)
J19_S002923,서비스이용,구매진행,서비스이용,True,True,True,True,정보부족(infopoor)
J19_S002990,서비스이용,배송확인,배송확인,False,False,False,False,정보충분
J19_S003058,서비스이용,배송확인,배송확인,False,False,True,False,정보충분
J19_S003102,주문취소,서비스이용,주문취소,True,True,False,True,정보부족(infopoor)
J19_S003104,구매진행,서비스이용,구매진행,True,True,False,True,정보부족(infopoor)
J19_S003172,주문취소,구매진행,주문취소,True,True,True,True,정보부족(infopoor)
J19_S003210,서비스이용,환불요청,환불요청,False,False,False,False,정보충분
J19_S003227,서비스이용,구매진행,구매진행,False,False,False,False,정보충분
J19_S003268,서비스이용,구매진행,구매진행,False,False,False,False,정보충분
J19_S003333,서비스이용,불만제기,불만제기,False,False,False,False,정보충분
J19_S003342,구매진행,교환반품,구매진행,True,True,False,True,정보부족(infopoor)
J19_S003349,구매진행,서비스이용,구매진행,True,True,True,True,정보부족(infopoor)
J19_S003384,구매진행,배송확인,구매진행,True,True,False,True,정보부족(infopoor)
J19_S003406,서비스이용,환불요청,서비스이용,True,True,True,True,정보부족(infopoor)
J19_S003410,서비스이용,구매진행,서비스이용,True,True,True,True,정보부족(infopoor)
J19_S003430,구매진행,배송확인,배송확인,False,False,True,False,정보충분
J19_S003436,서비스이용,배송확인,배송확인,False,False,False,False,정보충분
J19_S003469,주문취소,구매진행,구매진행,False,False,False,False,정보충분
J19_S003489,주문취소,구매진행,주문취소,True,True,False,True,정보부족(infopoor)
J19_S003538,서비스이용,구매진행,구매진행,False,False,False,False,정보충분
J19_S003637,구매진행,배송확인,배송확인,False,False,False,False,정보충분
J19_S003649,주문취소,환불요청,주문취소,True,True,False,True,정보부족(infopoor)
J19_S003663,서비스이용,구매진행,구매진행,False,False,False,False,정보충분
J19_S003687,구매진행,교환반품,구매진행,True,True,False,True,정보부족(infopoor)
J19_S003694,주문취소,서비스이용,서비스이용,False,False,False,False,정보충분
J19_S003715,주문취소,배송확인,주문취소,True,True,False,True,정보부족(infopoor)
J19_S003772,구매진행,환불요청,구매진행,True,True,False,True,정보부족(infopoor)
J19_S003890,서비스이용,구매진행,구매진행,False,False,False,False,정보충분
J19_S003969,구매진행,환불요청,구매진행,True,True,False,True,정보부족(infopoor)
J19_S003980,구매진행,서비스이용,서비스이용,False,False,False,False,정보충분
J19_S003993,구매진행,서비스이용,구매진행,True,True,False,True,정보부족(infopoor)
J19_S004079,구매진행,서비스이용,주문취소,False,True,False,False,정보충분
J19_S004085,서비스이용,구매진행,서비스이용,True,True,False,True,정보부족(infopoor)
J19_S004092,구매진행,주문취소,주문취소,False,False,False,False,정보충분
J19_S004212,서비스이용,배송확인,구매진행,False,True,False,False,정보충분
J19_S004259,교환반품,배송확인,배송확인,False,False,False,False,정보충분
J19_S004277,주문취소,구매진행,주문취소,True,True,False,True,정보부족(infopoor)
J19_S004280,구매진행,서비스이용,환불요청,False,True,True,True,정보부족(infopoor)
J19_S004322,구매진행,불만제기,불만제기,False,False,False,False,정보충분
J19_S004385,서비스이용,구매진행,구매진행,False,False,False,False,정보충분
J19_S004422,구매진행,배송확인,구매진행,True,True,False,True,정보부족(infopoor)
J19_S004507,구매진행,서비스이용,서비스이용,False,False,True,False,정보충분
J19_S004518,구매진행,서비스이용,서비스이용,False,False,False,False,정보충분
J19_S004525,주문취소,구매진행,구매진행,False,False,True,False,정보충분
J19_S004534,주문취소,환불요청,환불요청,False,False,False,False,정보충분
J19_S004577,구매진행,교환반품,구매진행,True,True,False,True,정보부족(infopoor)
J19_S004710,서비스이용,구매진행,구매진행,False,False,False,False,정보충분
J19_S004732,구매진행,환불요청,구매진행,True,True,False,True,정보부족(infopoor)
J19_S004756,서비스이용,배송확인,배송확인,False,False,False,False,정보충분
J19_S004789,서비스이용,구매진행,구매진행,False,False,False,False,정보충분
J19_S004859,구매진행,배송확인,주문취소,False,True,False,False,정보충분
J19_S004970,서비스이용,구매진행,구매진행,False,False,False,False,정보충분
J19_S004989,구매진행,서비스이용,서비스이용,False,False,False,False,정보충분
J19_S005014,서비스이용,배송확인,배송확인,False,False,False,False,정보충분
J19_S005037,구매진행,서비스이용,서비스이용,False,False,False,False,정보충분
J19_S005065,주문취소,구매진행,주문취소,True,True,False,True,정보부족(infopoor)
J19_S005094,구매진행,배송확인,구매진행,True,True,False,True,정보부족(infopoor)
J19_S005113,서비스이용,구매진행,구매진행,False,False,True,False,정보충분
J19_S005174,서비스이용,환불요청,환불요청,False,False,False,False,정보충분
J19_S005177,서비스이용,배송확인,배송확인,False,False,True,False,정보충분
J19_S005184,주문취소,교환반품,배송확인,False,True,True,True,정보부족(infopoor)
J19_S005313,주문취소,배송확인,배송확인,False,False,False,False,정보충분
J19_S005334,주문취소,환불요청,환불요청,False,False,False,False,정보충분
J19_S005340,서비스이용,불만제기,서비스이용,True,True,False,True,정보부족(infopoor)
J19_S005351,구매진행,교환반품,교환반품,False,False,False,False,정보충분
J19_S005364,주문취소,구매진행,주문취소,True,True,True,True,정보부족(infopoor)
J19_S005432,서비스이용,구매진행,구매진행,False,False,False,False,정보충분
J19_S005456,구매진행,서비스이용,서비스이용,False,False,False,False,정보충분
J19_S005481,구매진행,환불요청,서비스이용,False,True,False,False,정보충분
J19_S005493,서비스이용,구매진행,서비스이용,True,True,False,True,정보부족(infopoor)
J19_S005499,구매진행,서비스이용,서비스이용,False,False,False,False,정보충분
J19_S005624,주문취소,구매진행,구매진행,False,False,False,False,정보충분
J19_S005732,서비스이용,환불요청,환불요청,False,False,False,False,정보충분
J19_S005764,주문취소,구매진행,주문취소,True,True,True,True,정보부족(infopoor)
J19_S005783,주문취소,환불요청,주문취소,True,True,True,True,정보부족(infopoor)
J19_S005806,주문취소,구매진행,구매진행,False,False,False,False,정보충분
J19_S005924,서비스이용,배송확인,배송확인,False,False,True,False,정보충분
J19_S005936,주문취소,환불요청,환불요청,False,False,False,False,정보충분
J19_S005954,서비스이용,구매진행,구매진행,False,False,False,False,정보충분
J19_S005999,서비스이용,구매진행,구매진행,False,False,False,False,정보충분
J19_S006007,구매진행,서비스이용,구매진행,True,True,False,True,정보부족(infopoor)
J19_S006058,주문취소,구매진행,주문취소,True,True,False,True,정보부족(infopoor)
J19_S006079,주문취소,구매진행,주문취소,True,True,True,True,정보부족(infopoor)
J19_S006088,서비스이용,구매진행,서비스이용,True,True,False,True,정보부족(infopoor)
J19_S006181,구매진행,교환반품,배송확인,False,True,False,False,정보충분
J19_S006282,주문취소,서비스이용,서비스이용,False,False,False,False,정보충분
J19_S006339,주문취소,환불요청,주문취소,True,True,False,True,정보부족(infopoor)
J19_S006477,주문취소,구매진행,환불요청,False,True,False,False,정보충분
J19_S006479,구매진행,환불요청,구매진행,True,True,False,True,정보부족(infopoor)
J19_S006495,서비스이용,구매진행,구매진행,False,False,False,False,정보충분
J19_S006562,서비스이용,교환반품,교환반품,False,False,False,False,정보충분
J19_S006602,서비스이용,환불요청,서비스이용,True,True,False,True,정보부족(infopoor)
J19_S006613,구매진행,주문취소,배송확인,False,True,False,False,정보충분
J19_S006661,서비스이용,환불요청,구매진행,False,True,False,False,정보충분
J19_S006683,서비스이용,불만제기,불만제기,False,False,False,False,정보충분
J19_S006782,구매진행,서비스이용,구매진행,True,True,False,True,정보부족(infopoor)
J19_S006871,구매진행,배송확인,배송확인,False,False,True,False,정보충분
J19_S007007,서비스이용,구매진행,구매진행,False,False,False,False,정보충분
J19_S007119,서비스이용,환불요청,환불요청,False,False,True,False,정보충분
J19_S007178,서비스이용,구매진행,구매진행,False,False,False,False,정보충분
J19_S007243,서비스이용,환불요청,환불요청,False,False,False,False,정보충분
J19_S007291,주문취소,환불요청,주문취소,True,True,False,True,정보부족(infopoor)
J19_S007324,서비스이용,환불요청,환불요청,False,False,False,False,정보충분
J19_S007348,서비스이용,배송확인,배송확인,False,False,False,False,정보충분
J19_S007351,주문취소,배송확인,서비스이용,False,True,True,True,정보부족(infopoor)
J19_S007396,구매진행,서비스이용,서비스이용,False,False,False,False,정보충분
J19_S007405,서비스이용,구매진행,서비스이용,True,True,False,True,정보부족(infopoor)
J19_S007441,서비스이용,구매진행,구매진행,False,False,True,False,정보충분
J19_S007447,구매진행,환불요청,구매진행,True,True,False,True,정보부족(infopoor)
J19_S007474,서비스이용,배송확인,배송확인,False,False,False,False,정보충분
J19_S007498,구매진행,환불요청,구매진행,True,True,False,True,정보부족(infopoor)
J19_S007604,구매진행,서비스이용,서비스이용,False,False,False,False,정보충분
J19_S007673,서비스이용,배송확인,배송확인,False,False,False,False,정보충분
J19_S007765,주문취소,환불요청,환불요청,False,False,False,False,정보충분
J19_S007818,서비스이용,환불요청,환불요청,False,False,False,False,정보충분
J19_S007820,서비스이용,교환반품,교환반품,False,False,False,False,정보충분
J19_S007828,교환반품,서비스이용,서비스이용,False,False,False,False,정보충분
J19_S007842,주문취소,환불요청,환불요청,False,False,False,False,정보충분
J19_S007860,주문취소,구매진행,구매진행,False,False,False,False,정보충분
J19_S007880,교환반품,배송확인,배송확인,False,False,False,False,정보충분
J19_S007904,서비스이용,구매진행,배송확인,False,True,False,False,정보충분
J19_S007942,서비스이용,구매진행,구매진행,False,False,True,False,정보충분
J19_S007967,서비스이용,배송확인,배송확인,False,False,True,False,정보충분
J19_S007973,주문취소,배송확인,배송확인,False,False,False,False,정보충분
J19_S007988,구매진행,서비스이용,서비스이용,False,False,False,False,정보충분
J19_S007997,서비스이용,배송확인,구매진행,False,True,False,False,정보충분
J19_S008046,주문취소,환불요청,주문취소,True,True,False,True,정보부족(infopoor)
J19_S008051,교환반품,환불요청,교환반품,True,True,False,True,정보부족(infopoor)
J19_S008053,구매진행,서비스이용,서비스이용,False,False,False,False,정보충분
J19_S008073,주문취소,서비스이용,서비스이용,False,False,False,False,정보충분
J19_S008074,구매진행,환불요청,구매진행,True,True,False,True,정보부족(infopoor)
J19_S008105,서비스이용,구매진행,구매진행,False,False,False,False,정보충분
J19_S008109,교환반품,환불요청,교환반품,True,True,True,True,정보부족(infopoor)
J19_S008121,서비스이용,구매진행,구매진행,False,False,True,False,정보충분
J19_S008157,주문취소,구매진행,배송확인,False,True,False,False,정보충분
J19_S008268,서비스이용,배송확인,환불요청,False,True,False,False,정보충분
J19_S008515,구매진행,서비스이용,구매진행,True,True,False,True,정보부족(infopoor)
J19_S008518,서비스이용,배송확인,서비스이용,True,True,False,True,정보부족(infopoor)
J19_S008522,서비스이용,배송확인,배송확인,False,False,False,False,정보충분
J19_S008624,구매진행,환불요청,환불요청,False,False,True,False,정보충분
J19_S008672,주문취소,서비스이용,서비스이용,False,False,False,False,정보충분
J19_S008703,서비스이용,구매진행,서비스이용,True,True,False,True,정보부족(infopoor)
J19_S008720,서비스이용,구매진행,서비스이용,True,True,False,True,정보부족(infopoor)
J19_S008723,주문취소,구매진행,구매진행,False,False,False,False,정보충분
J19_S008734,주문취소,구매진행,구매진행,False,False,False,False,정보충분
J19_S008755,서비스이용,구매진행,구매진행,False,False,False,False,정보충분
J19_S008794,주문취소,서비스이용,서비스이용,False,False,False,False,정보충분
J19_S008810,구매진행,주문취소,주문취소,False,False,False,False,정보충분
J19_S008812,구매진행,서비스이용,구매진행,True,True,False,True,정보부족(infopoor)
J19_S008879,주문취소,배송확인,주문취소,True,True,False,True,정보부족(infopoor)
J19_S008890,구매진행,배송확인,구매진행,True,True,False,True,정보부족(infopoor)
J19_S008922,주문취소,구매진행,구매진행,False,False,True,False,정보충분
J19_S008989,교환반품,주문취소,환불요청,False,True,False,False,정보충분
J19_S009081,주문취소,불만제기,불만제기,False,False,False,False,정보충분
J19_S009137,구매진행,환불요청,환불요청,False,False,False,False,정보충분
J19_S009146,서비스이용,구매진행,구매진행,False,False,False,False,정보충분
J19_S009155,주문취소,서비스이용,주문취소,True,True,False,True,정보부족(infopoor)
J19_S009160,구매진행,환불요청,교환반품,False,True,False,False,정보충분
J19_S009165,서비스이용,구매진행,주문취소,False,True,False,False,정보충분
J19_S009182,구매진행,환불요청,환불요청,False,False,False,False,정보충분
J19_S009255,서비스이용,불만제기,불만제기,False,False,False,False,정보충분
J19_S009292,주문취소,서비스이용,서비스이용,False,False,False,False,정보충분
J19_S009393,서비스이용,구매진행,구매진행,False,False,False,False,정보충분
J19_S009395,구매진행,배송확인,구매진행,True,True,True,True,정보부족(infopoor)
J19_S009397,구매진행,주문취소,주문취소,False,False,False,False,정보충분
J19_S009417,서비스이용,환불요청,환불요청,False,False,False,False,정보충분
J19_S009437,구매진행,배송확인,배송확인,False,False,False,False,정보충분
J19_S009556,주문취소,구매진행,주문취소,True,True,False,True,정보부족(infopoor)
J19_S009582,서비스이용,배송확인,배송확인,False,False,True,False,정보충분
J19_S009654,서비스이용,구매진행,구매진행,False,False,False,False,정보충분
J19_S009658,서비스이용,구매진행,구매진행,False,False,False,False,정보충분
J19_S009676,서비스이용,구매진행,구매진행,False,False,True,False,정보충분
J19_S009746,구매진행,배송확인,배송확인,False,False,False,False,정보충분
J19_S009763,주문취소,구매진행,구매진행,False,False,False,False,정보충분
J19_S009772,구매진행,서비스이용,서비스이용,False,False,True,False,정보충분
J19_S009792,주문취소,구매진행,구매진행,False,False,False,False,정보충분
J19_S009821,서비스이용,환불요청,구매진행,False,True,True,True,정보부족(infopoor)
J19_S009824,서비스이용,환불요청,서비스이용,True,True,False,True,정보부족(infopoor)
J19_S009904,구매진행,배송확인,서비스이용,False,True,False,False,정보충분
J19_S009908,구매진행,서비스이용,구매진행,True,True,True,True,정보부족(infopoor)
J19_S009911,구매진행,환불요청,주문취소,False,True,False,False,정보충분
J19_S009969,주문취소,서비스이용,서비스이용,False,False,True,False,정보충분
J19_S010116,서비스이용,구매진행,구매진행,False,False,False,False,정보충분
J19_S010125,구매진행,교환반품,교환반품,False,False,False,False,정보충분
J19_S010165,주문취소,구매진행,주문취소,True,True,True,True,정보부족(infopoor)
J19_S010207,구매진행,교환반품,구매진행,True,True,False,True,정보부족(infopoor)
J19_S010316,구매진행,환불요청,구매진행,True,True,False,True,정보부족(infopoor)
J19_S010332,구매진행,서비스이용,서비스이용,False,False,False,False,정보충분
J19_S010350,구매진행,교환반품,교환반품,False,False,False,False,정보충분
J19_S010401,주문취소,배송확인,주문취소,True,True,True,True,정보부족(infopoor)
J19_S010422,서비스이용,불만제기,배송확인,False,True,False,False,정보충분
J19_S010423,주문취소,서비스이용,서비스이용,False,False,False,False,정보충분
J19_S010468,서비스이용,구매진행,서비스이용,True,True,False,True,정보부족(infopoor)
J19_S010491,주문취소,구매진행,환불요청,False,True,True,True,정보부족(infopoor)
J19_S010507,구매진행,서비스이용,서비스이용,False,False,False,False,정보충분
J19_S010558,서비스이용,구매진행,구매진행,False,False,False,False,정보충분
J19_S010608,구매진행,서비스이용,구매진행,True,True,False,True,정보부족(infopoor)
J19_S010640,구매진행,서비스이용,구매진행,True,True,True,True,정보부족(infopoor)
J19_S010647,서비스이용,배송확인,서비스이용,True,True,False,True,정보부족(infopoor)
J19_S010657,구매진행,서비스이용,구매진행,True,True,True,True,정보부족(infopoor)
J19_S010704,구매진행,서비스이용,환불요청,False,True,True,True,정보부족(infopoor)
J19_S010724,주문취소,서비스이용,주문취소,True,True,False,True,정보부족(infopoor)
J19_S010726,주문취소,교환반품,주문취소,True,True,False,True,정보부족(infopoor)
J19_S010733,주문취소,환불요청,주문취소,True,True,True,True,정보부족(infopoor)
J19_S010746,주문취소,배송확인,배송확인,False,False,False,False,정보충분
J19_S010785,주문취소,서비스이용,서비스이용,False,False,False,False,정보충분
J19_S010852,주문취소,환불요청,배송확인,False,True,False,False,정보충분
J19_S010865,교환반품,서비스이용,배송확인,False,True,True,True,정보부족(infopoor)
J19_S010887,구매진행,서비스이용,구매진행,True,True,False,True,정보부족(infopoor)
J19_S010889,서비스이용,구매진행,구매진행,False,False,False,False,정보충분
J19_S010928,구매진행,환불요청,구매진행,True,True,False,True,정보부족(infopoor)
J19_S010953,주문취소,환불요청,환불요청,False,False,False,False,정보충분
J19_S010969,서비스이용,배송확인,배송확인,False,False,True,False,정보충분
J19_S011032,서비스이용,구매진행,구매진행,False,False,False,False,정보충분
J19_S011054,서비스이용,구매진행,서비스이용,True,True,False,True,정보부족(infopoor)
J19_S011136,서비스이용,구매진행,구매진행,False,False,False,False,정보충분
J19_S011153,구매진행,서비스이용,서비스이용,False,False,True,False,정보충분
J19_S011165,서비스이용,구매진행,구매진행,False,False,False,False,정보충분
J19_S011170,서비스이용,구매진행,구매진행,False,False,False,False,정보충분
J19_S011194,주문취소,구매진행,구매진행,False,False,False,False,정보충분
J19_S011231,서비스이용,환불요청,환불요청,False,False,False,False,정보충분
J19_S011247,서비스이용,구매진행,구매진행,False,False,False,False,정보충분
J19_S011252,구매진행,서비스이용,서비스이용,False,False,False,False,정보충분
J19_S011270,주문취소,환불요청,환불요청,False,False,False,False,정보충분
J19_S011329,서비스이용,불만제기,불만제기,False,False,True,False,정보충분
J19_S011339,교환반품,환불요청,환불요청,False,False,False,False,정보충분
J19_S011349,서비스이용,구매진행,서비스이용,True,True,False,True,정보부족(infopoor)
J19_S011359,구매진행,서비스이용,서비스이용,False,False,False,False,정보충분
J19_S011363,주문취소,구매진행,주문취소,True,True,True,True,정보부족(infopoor)
J19_S011538,주문취소,환불요청,환불요청,False,False,False,False,정보충분
J19_S011545,구매진행,서비스이용,서비스이용,False,False,False,False,정보충분
J19_S011576,서비스이용,배송확인,배송확인,False,False,False,False,정보충분
J19_S011610,구매진행,배송확인,배송확인,False,False,False,False,정보충분
J19_S011613,서비스이용,구매진행,구매진행,False,False,True,False,정보충분
J19_S011742,서비스이용,구매진행,구매진행,False,False,False,False,정보충분
J19_S011743,구매진행,서비스이용,구매진행,True,True,True,True,정보부족(infopoor)
J19_S011749,서비스이용,구매진행,서비스이용,True,True,False,True,정보부족(infopoor)
J19_S011776,구매진행,주문취소,서비스이용,False,True,False,False,정보충분
J19_S011864,주문취소,구매진행,환불요청,False,True,False,False,정보충분
J19_S011909,서비스이용,구매진행,구매진행,False,False,False,False,정보충분
J19_S012072,주문취소,환불요청,환불요청,False,False,False,False,정보충분
J19_S012101,구매진행,서비스이용,구매진행,True,True,False,True,정보부족(infopoor)
J19_S012237,주문취소,구매진행,서비스이용,False,True,False,False,정보충분
J19_S012256,서비스이용,구매진행,구매진행,False,False,False,False,정보충분
J19_S012384,주문취소,서비스이용,서비스이용,False,False,False,False,정보충분
J19_S012400,구매진행,배송확인,구매진행,True,True,True,True,정보부족(infopoor)
J19_S012472,서비스이용,배송확인,배송확인,False,False,False,False,정보충분
J19_S012499,주문취소,서비스이용,서비스이용,False,False,True,False,정보충분
J19_S012574,서비스이용,환불요청,환불요청,False,False,False,False,정보충분
J19_S012576,주문취소,구매진행,주문취소,True,True,False,True,정보부족(infopoor)
J19_S012583,주문취소,배송확인,배송확인,False,False,False,False,정보충분
J19_S012598,서비스이용,구매진행,구매진행,False,False,False,False,정보충분
J19_S012631,주문취소,서비스이용,서비스이용,False,False,False,False,정보충분
J19_S012666,주문취소,구매진행,배송확인,False,True,True,True,정보부족(infopoor)
J19_S012671,구매진행,환불요청,환불요청,False,False,False,False,정보충분
J19_S012677,서비스이용,구매진행,배송확인,False,True,False,False,정보충분
J19_S012735,서비스이용,구매진행,구매진행,False,False,False,False,정보충분
J19_S012739,서비스이용,환불요청,구매진행,False,True,True,True,정보부족(infopoor)
J19_S012886,서비스이용,교환반품,교환반품,False,False,False,False,정보충분
J19_S012980,주문취소,구매진행,환불요청,False,True,True,True,정보부족(infopoor)
J19_S013022,구매진행,서비스이용,서비스이용,False,False,False,False,정보충분
J19_S013071,구매진행,주문취소,주문취소,False,False,False,False,정보충분
J19_S013073,서비스이용,구매진행,주문취소,False,True,False,False,정보충분
J19_S013131,서비스이용,구매진행,구매진행,False,False,False,False,정보충분
J19_S013182,구매진행,서비스이용,구매진행,True,True,True,True,정보부족(infopoor)
J19_S013219,서비스이용,환불요청,환불요청,False,False,False,False,정보충분
J19_S013281,서비스이용,구매진행,구매진행,False,False,False,False,정보충분
J19_S013372,주문취소,구매진행,구매진행,False,False,False,False,정보충분
J19_S013378,주문취소,배송확인,배송확인,False,False,False,False,정보충분
J19_S013395,구매진행,주문취소,환불요청,False,True,False,False,정보충분
J19_S013482,서비스이용,구매진행,구매진행,False,False,False,False,정보충분
J19_S013510,서비스이용,구매진행,구매진행,False,False,False,False,정보충분
J19_S013515,구매진행,불만제기,배송확인,False,True,False,False,정보충분
J19_S013556,주문취소,구매진행,주문취소,True,True,False,True,정보부족(infopoor)
J19_S013644,구매진행,서비스이용,서비스이용,False,False,False,False,정보충분
J19_S013653,서비스이용,구매진행,구매진행,False,False,False,False,정보충분
J19_S013694,구매진행,환불요청,서비스이용,False,True,False,False,정보충분
J19_S013746,구매진행,서비스이용,서비스이용,False,False,False,False,정보충분
J19_S013748,구매진행,서비스이용,서비스이용,False,False,False,False,정보충분
J19_S013793,주문취소,구매진행,구매진행,False,False,False,False,정보충분
J19_S013799,주문취소,구매진행,구매진행,False,False,False,False,정보충분
J19_S013819,구매진행,배송확인,배송확인,False,False,True,False,정보충분
J19_S013837,구매진행,환불요청,환불요청,False,False,False,False,정보충분
J19_S013857,서비스이용,불만제기,불만제기,False,False,True,False,정보충분
J19_S013866,서비스이용,불만제기,서비스이용,True,True,False,True,정보부족(infopoor)
J19_S013970,구매진행,서비스이용,서비스이용,False,False,False,False,정보충분
J19_S013982,주문취소,환불요청,환불요청,False,False,False,False,정보충분
J19_S014002,서비스이용,구매진행,구매진행,False,False,False,False,정보충분
J19_S014075,구매진행,서비스이용,서비스이용,False,False,False,False,정보충분
J19_S014097,주문취소,서비스이용,서비스이용,False,False,True,False,정보충분
J19_S014159,구매진행,주문취소,구매진행,True,True,False,True,정보부족(infopoor)
J19_S014160,서비스이용,구매진행,서비스이용,True,True,False,True,정보부족(infopoor)
J19_S014172,주문취소,배송확인,배송확인,False,False,True,False,정보충분
J19_S014181,주문취소,구매진행,주문취소,True,True,False,True,정보부족(infopoor)
J19_S014213,서비스이용,구매진행,배송확인,False,True,False,False,정보충분
J19_S014233,서비스이용,환불요청,구매진행,False,True,True,True,정보부족(infopoor)
J19_S014275,서비스이용,환불요청,환불요청,False,False,False,False,정보충분
J19_S014294,구매진행,서비스이용,서비스이용,False,False,False,False,정보충분
J19_S014408,구매진행,배송확인,구매진행,True,True,False,True,정보부족(infopoor)
J19_S014557,구매진행,교환반품,구매진행,True,True,False,True,정보부족(infopoor)
J19_S014560,구매진행,서비스이용,구매진행,True,True,False,True,정보부족(infopoor)
J19_S014638,구매진행,서비스이용,서비스이용,False,False,False,False,정보충분
J19_S014640,서비스이용,불만제기,불만제기,False,False,False,False,정보충분
J19_S014646,주문취소,서비스이용,환불요청,False,True,True,True,정보부족(infopoor)
J19_S014655,구매진행,서비스이용,서비스이용,False,False,False,False,정보충분
J19_S014657,주문취소,환불요청,주문취소,True,True,False,True,정보부족(infopoor)
J19_S014703,구매진행,환불요청,환불요청,False,False,False,False,정보충분
J19_S014709,주문취소,서비스이용,서비스이용,False,False,False,False,정보충분
J19_S014730,서비스이용,구매진행,구매진행,False,False,False,False,정보충분
J19_S014736,서비스이용,배송확인,배송확인,False,False,True,False,정보충분
J19_S014773,구매진행,교환반품,환불요청,False,True,False,False,정보충분
J19_S014814,서비스이용,구매진행,구매진행,False,False,True,False,정보충분
J19_S014833,서비스이용,구매진행,구매진행,False,False,False,False,정보충분
J19_S014836,구매진행,서비스이용,환불요청,False,True,True,True,정보부족(infopoor)
J19_S014872,구매진행,서비스이용,구매진행,True,True,True,True,정보부족(infopoor)
J19_S014906,서비스이용,구매진행,서비스이용,True,True,False,True,정보부족(infopoor)
J19_S014948,구매진행,환불요청,구매진행,True,True,True,True,정보부족(infopoor)
J19_S015007,구매진행,환불요청,환불요청,False,False,False,False,정보충분
J19_S015040,주문취소,서비스이용,배송확인,False,True,False,False,정보충분
J19_S015074,구매진행,서비스이용,구매진행,True,True,True,True,정보부족(infopoor)
J19_S015083,구매진행,서비스이용,구매진행,True,True,True,True,정보부족(infopoor)
J19_S015179,서비스이용,구매진행,구매진행,False,False,False,False,정보충분
J19_S015188,구매진행,배송확인,구매진행,True,True,False,True,정보부족(infopoor)
J19_S015251,주문취소,배송확인,주문취소,True,True,False,True,정보부족(infopoor)
J19_S015266,구매진행,서비스이용,서비스이용,False,False,False,False,정보충분
J19_S015332,구매진행,배송확인,배송확인,False,False,False,False,정보충분
J19_S015365,주문취소,불만제기,구매진행,False,True,True,True,정보부족(infopoor)
J19_S015484,서비스이용,구매진행,구매진행,False,False,True,False,정보충분
J19_S015505,주문취소,환불요청,주문취소,True,True,False,True,정보부족(infopoor)
J19_S015507,서비스이용,환불요청,서비스이용,True,True,False,True,정보부족(infopoor)
J19_S015525,서비스이용,구매진행,구매진행,False,False,False,False,정보충분
J19_S015586,서비스이용,환불요청,환불요청,False,False,True,False,정보충분
J19_S015646,서비스이용,구매진행,구매진행,False,False,True,False,정보충분
J19_S015652,주문취소,환불요청,환불요청,False,False,False,False,정보충분
J19_S015718,서비스이용,구매진행,구매진행,False,False,False,False,정보충분
J19_S015729,주문취소,환불요청,주문취소,True,True,False,True,정보부족(infopoor)
J19_S015775,서비스이용,환불요청,환불요청,False,False,False,False,정보충분
J19_S015782,주문취소,서비스이용,주문취소,True,True,False,True,정보부족(infopoor)
J19_S015819,서비스이용,환불요청,환불요청,False,False,False,False,정보충분
J19_S015947,구매진행,서비스이용,서비스이용,False,False,False,False,정보충분
J19_S015959,주문취소,환불요청,환불요청,False,False,False,False,정보충분
J19_S015960,주문취소,환불요청,환불요청,False,False,False,False,정보충분
J19_S016000,서비스이용,구매진행,구매진행,False,False,False,False,정보충분
J19_S016021,구매진행,배송확인,배송확인,False,False,False,False,정보충분
J19_S016070,구매진행,교환반품,구매진행,True,True,True,True,정보부족(infopoor)
J19_S016096,주문취소,구매진행,구매진행,False,False,True,False,정보충분
J19_S016111,구매진행,주문취소,구매진행,True,True,False,True,정보부족(infopoor)
J19_S016136,구매진행,서비스이용,구매진행,True,True,False,True,정보부족(infopoor)
J19_S016220,서비스이용,배송확인,구매진행,False,True,False,False,정보충분
J19_S016248,구매진행,환불요청,구매진행,True,True,False,True,정보부족(infopoor)
J19_S016303,서비스이용,구매진행,구매진행,False,False,False,False,정보충분
J19_S016314,주문취소,환불요청,주문취소,True,True,False,True,정보부족(infopoor)
J19_S016341,주문취소,구매진행,배송확인,False,True,False,False,정보충분
J19_S016385,서비스이용,구매진행,구매진행,False,False,False,False,정보충분
J19_S016481,구매진행,주문취소,주문취소,False,False,False,False,정보충분
J19_S016493,구매진행,서비스이용,서비스이용,False,False,False,False,정보충분
J19_S016514,구매진행,서비스이용,서비스이용,False,False,True,False,정보충분
J19_S016616,구매진행,서비스이용,환불요청,False,True,False,False,정보충분
J19_S016695,서비스이용,불만제기,서비스이용,True,True,True,True,정보부족(infopoor)
J19_S016741,주문취소,배송확인,주문취소,True,True,False,True,정보부족(infopoor)
J19_S016789,주문취소,구매진행,서비스이용,False,True,False,False,정보충분
J19_S016820,주문취소,서비스이용,서비스이용,False,False,True,False,정보충분
J19_S016881,구매진행,서비스이용,구매진행,True,True,True,True,정보부족(infopoor)
J19_S016910,서비스이용,환불요청,환불요청,False,False,False,False,정보충분
J19_S017018,서비스이용,환불요청,환불요청,False,False,False,False,정보충분
J19_S017179,서비스이용,환불요청,환불요청,False,False,True,False,정보충분
J19_S017261,서비스이용,구매진행,구매진행,False,False,True,False,정보충분
J19_S017345,주문취소,배송확인,배송확인,False,False,False,False,정보충분
J19_S017357,서비스이용,구매진행,구매진행,False,False,False,False,정보충분
J19_S017373,서비스이용,구매진행,환불요청,False,True,False,False,정보충분
J19_S017441,구매진행,환불요청,환불요청,False,False,False,False,정보충분
J19_S017460,서비스이용,구매진행,구매진행,False,False,False,False,정보충분
J19_S017554,서비스이용,구매진행,구매진행,False,False,False,False,정보충분
J19_S017581,주문취소,환불요청,주문취소,True,True,False,True,정보부족(infopoor)
J19_S017607,구매진행,서비스이용,서비스이용,False,False,False,False,정보충분
J19_S017611,구매진행,주문취소,주문취소,False,False,False,False,정보충분
J19_S017620,서비스이용,환불요청,서비스이용,True,True,False,True,정보부족(infopoor)
J19_S017661,구매진행,서비스이용,서비스이용,False,False,False,False,정보충분
J19_S017681,구매진행,서비스이용,서비스이용,False,False,False,False,정보충분
J19_S017754,구매진행,서비스이용,서비스이용,False,False,False,False,정보충분
J19_S017800,주문취소,환불요청,환불요청,False,False,False,False,정보충분
J19_S017832,구매진행,서비스이용,서비스이용,False,False,False,False,정보충분
J19_S017967,구매진행,서비스이용,서비스이용,False,False,False,False,정보충분
J19_S018052,주문취소,환불요청,환불요청,False,False,False,False,정보충분
J19_S018120,구매진행,서비스이용,서비스이용,False,False,False,False,정보충분
J19_S018140,서비스이용,구매진행,서비스이용,True,True,False,True,정보부족(infopoor)
J19_S018206,구매진행,환불요청,환불요청,False,False,False,False,정보충분
J19_S018207,구매진행,서비스이용,구매진행,True,True,False,True,정보부족(infopoor)
J19_S018211,주문취소,교환반품,주문취소,True,True,False,True,정보부족(infopoor)
J19_S018244,주문취소,환불요청,구매진행,False,True,False,False,정보충분
J19_S018265,주문취소,배송확인,주문취소,True,True,False,True,정보부족(infopoor)
J19_S018284,구매진행,배송확인,주문취소,False,True,False,False,정보충분
J19_S018332,서비스이용,환불요청,서비스이용,True,True,False,True,정보부족(infopoor)
J19_S018365,구매진행,서비스이용,구매진행,True,True,False,True,정보부족(infopoor)
J19_S018385,서비스이용,불만제기,불만제기,False,False,False,False,정보충분
J19_S018513,구매진행,서비스이용,구매진행,True,True,False,True,정보부족(infopoor)
J19_S018539,주문취소,서비스이용,구매진행,False,True,True,True,정보부족(infopoor)
J19_S018561,구매진행,서비스이용,구매진행,True,True,False,True,정보부족(infopoor)
J19_S018631,주문취소,배송확인,배송확인,False,False,False,False,정보충분
J19_S018671,주문취소,구매진행,주문취소,True,True,False,True,정보부족(infopoor)
J19_S018704,구매진행,배송확인,배송확인,False,False,True,False,정보충분
J19_S018710,서비스이용,불만제기,불만제기,False,False,True,False,정보충분
J19_S018726,서비스이용,구매진행,구매진행,False,False,True,False,정보충분
J19_S018784,주문취소,구매진행,배송확인,False,True,False,False,정보충분
J19_S018793,서비스이용,구매진행,서비스이용,True,True,False,True,정보부족(infopoor)
J19_S018796,주문취소,구매진행,주문취소,True,True,False,True,정보부족(infopoor)
J19_S018798,주문취소,서비스이용,주문취소,True,True,True,True,정보부족(infopoor)
J19_S018864,서비스이용,불만제기,불만제기,False,False,False,False,정보충분
J19_S018883,서비스이용,구매진행,구매진행,False,False,False,False,정보충분
J19_S018929,주문취소,환불요청,환불요청,False,False,False,False,정보충분
J19_S018930,주문취소,구매진행,주문취소,True,True,False,True,정보부족(infopoor)
J19_S018952,주문취소,교환반품,교환반품,False,False,False,False,정보충분
J19_S018971,구매진행,서비스이용,구매진행,True,True,False,True,정보부족(infopoor)
J19_S018984,주문취소,환불요청,환불요청,False,False,True,False,정보충분
J19_S018991,서비스이용,구매진행,구매진행,False,False,False,False,정보충분
J19_S018996,서비스이용,불만제기,환불요청,False,True,False,False,정보충분
J19_S019171,주문취소,환불요청,주문취소,True,True,False,True,정보부족(infopoor)
J19_S019219,서비스이용,구매진행,서비스이용,True,True,False,True,정보부족(infopoor)
J19_S019280,주문취소,환불요청,환불요청,False,False,False,False,정보충분
J19_S019421,서비스이용,구매진행,구매진행,False,False,True,False,정보충분
J19_S019429,서비스이용,구매진행,서비스이용,True,True,False,True,정보부족(infopoor)
J19_S019580,서비스이용,구매진행,구매진행,False,False,False,False,정보충분
J19_S019667,서비스이용,구매진행,서비스이용,True,True,False,True,정보부족(infopoor)
J19_S019668,서비스이용,배송확인,서비스이용,True,True,False,True,정보부족(infopoor)
J19_S019672,주문취소,배송확인,배송확인,False,False,True,False,정보충분
J19_S019678,주문취소,불만제기,주문취소,True,True,False,True,정보부족(infopoor)
J19_S019732,구매진행,불만제기,환불요청,False,True,True,True,정보부족(infopoor)
J19_S019764,구매진행,서비스이용,구매진행,True,True,True,True,정보부족(infopoor)
J19_S019780,서비스이용,구매진행,환불요청,False,True,False,False,정보충분
J19_S019798,구매진행,서비스이용,서비스이용,False,False,False,False,정보충분
J19_S019850,구매진행,서비스이용,서비스이용,False,False,True,False,정보충분
J19_S019899,서비스이용,구매진행,구매진행,False,False,False,False,정보충분
J19_S019907,구매진행,교환반품,환불요청,False,True,False,False,정보충분
J19_S019911,서비스이용,주문취소,서비스이용,True,True,False,True,정보부족(infopoor)
J19_S020006,주문취소,구매진행,주문취소,True,True,False,True,정보부족(infopoor)
J19_S020039,서비스이용,환불요청,환불요청,False,False,False,False,정보충분
J19_S020087,서비스이용,구매진행,서비스이용,True,True,False,True,정보부족(infopoor)
J19_S020089,서비스이용,환불요청,서비스이용,True,True,False,True,정보부족(infopoor)
J19_S020090,서비스이용,구매진행,구매진행,False,False,False,False,정보충분
J19_S020100,서비스이용,구매진행,구매진행,False,False,True,False,정보충분
J19_S020211,서비스이용,구매진행,구매진행,False,False,False,False,정보충분
J19_S020351,주문취소,환불요청,환불요청,False,False,False,False,정보충분
J19_S020534,주문취소,구매진행,구매진행,False,False,False,False,정보충분
J19_S020557,서비스이용,구매진행,구매진행,False,False,False,False,정보충분
J19_S020614,주문취소,환불요청,환불요청,False,False,False,False,정보충분
J19_S020631,주문취소,구매진행,구매진행,False,False,False,False,정보충분
J19_S020677,구매진행,불만제기,환불요청,False,True,False,False,정보충분
J19_S020684,서비스이용,구매진행,구매진행,False,False,True,False,정보충분
J19_S020702,서비스이용,배송확인,배송확인,False,False,False,False,정보충분
J19_S020724,서비스이용,불만제기,구매진행,False,True,True,True,정보부족(infopoor)
J19_S020772,서비스이용,구매진행,구매진행,False,False,False,False,정보충분
J19_S020773,주문취소,구매진행,주문취소,True,True,False,True,정보부족(infopoor)
J19_S020882,서비스이용,불만제기,서비스이용,True,True,True,True,정보부족(infopoor)
J19_S020905,서비스이용,구매진행,서비스이용,True,True,False,True,정보부족(infopoor)
J19_S021085,서비스이용,구매진행,구매진행,False,False,False,False,정보충분
J19_S021127,서비스이용,주문취소,주문취소,False,False,False,False,정보충분
J19_S021149,주문취소,구매진행,구매진행,False,False,False,False,정보충분
J19_S021160,구매진행,불만제기,서비스이용,False,True,True,True,정보부족(infopoor)
J19_S021222,주문취소,교환반품,교환반품,False,False,False,False,정보충분
J19_S021235,주문취소,서비스이용,서비스이용,False,False,False,False,정보충분
J19_S021249,서비스이용,구매진행,서비스이용,True,True,False,True,정보부족(infopoor)
J19_S021279,서비스이용,환불요청,환불요청,False,False,True,False,정보충분
J19_S021379,서비스이용,구매진행,구매진행,False,False,False,False,정보충분
J19_S021467,서비스이용,불만제기,구매진행,False,True,True,True,정보부족(infopoor)
J19_S021505,서비스이용,구매진행,구매진행,False,False,False,False,정보충분
J19_S021509,서비스이용,구매진행,구매진행,False,False,False,False,정보충분
J19_S021521,구매진행,서비스이용,구매진행,True,True,False,True,정보부족(infopoor)
J19_S021529,구매진행,서비스이용,서비스이용,False,False,False,False,정보충분
J19_S021543,서비스이용,불만제기,서비스이용,True,True,True,True,정보부족(infopoor)
J19_S021648,서비스이용,환불요청,구매진행,False,True,False,False,정보충분
J19_S021665,서비스이용,구매진행,구매진행,False,False,False,False,정보충분
J19_S021760,구매진행,서비스이용,구매진행,True,True,False,True,정보부족(infopoor)
J19_S021765,서비스이용,구매진행,구매진행,False,False,False,False,정보충분
J19_S021771,서비스이용,구매진행,구매진행,False,False,False,False,정보충분
J19_S021815,주문취소,불만제기,환불요청,False,True,False,False,정보충분
J19_S021868,서비스이용,구매진행,구매진행,False,False,False,False,정보충분
J19_S021888,서비스이용,배송확인,배송확인,False,False,False,False,정보충분
J19_S022108,구매진행,서비스이용,구매진행,True,True,False,True,정보부족(infopoor)
J19_S022159,구매진행,서비스이용,서비스이용,False,False,False,False,정보충분
J19_S022164,서비스이용,불만제기,불만제기,False,False,True,False,정보충분
J19_S022168,서비스이용,구매진행,구매진행,False,False,False,False,정보충분
J19_S022179,서비스이용,구매진행,구매진행,False,False,False,False,정보충분
J19_S022196,구매진행,서비스이용,서비스이용,False,False,False,False,정보충분
J19_S022227,서비스이용,구매진행,구매진행,False,False,False,False,정보충분
J19_S022248,서비스이용,구매진행,서비스이용,True,True,False,True,정보부족(infopoor)
J19_S022250,서비스이용,환불요청,서비스이용,True,True,False,True,정보부족(infopoor)
J19_S022266,서비스이용,구매진행,구매진행,False,False,False,False,정보충분
J19_S022280,서비스이용,구매진행,구매진행,False,False,True,False,정보충분
J19_S022300,주문취소,환불요청,환불요청,False,False,False,False,정보충분
J19_S022316,서비스이용,구매진행,구매진행,False,False,False,False,정보충분
J19_S022323,교환반품,구매진행,교환반품,True,True,False,True,정보부족(infopoor)
J19_S022343,구매진행,서비스이용,구매진행,True,True,False,True,정보부족(infopoor)
J19_S022390,구매진행,서비스이용,교환반품,False,True,False,False,정보충분
J19_S022437,서비스이용,불만제기,구매진행,False,True,False,False,정보충분
J19_S022454,서비스이용,구매진행,구매진행,False,False,False,False,정보충분
J19_S022468,서비스이용,구매진행,서비스이용,True,True,False,True,정보부족(infopoor)
J19_S022484,구매진행,서비스이용,구매진행,True,True,True,True,정보부족(infopoor)
J19_S022517,구매진행,주문취소,주문취소,False,False,False,False,정보충분
J19_S022524,서비스이용,주문취소,배송확인,False,True,False,False,정보충분
J19_S022568,구매진행,서비스이용,구매진행,True,True,False,True,정보부족(infopoor)
J19_S022613,서비스이용,배송확인,서비스이용,True,True,False,True,정보부족(infopoor)
J19_S022614,구매진행,환불요청,환불요청,False,False,True,False,정보충분
J19_S022619,서비스이용,배송확인,배송확인,False,False,False,False,정보충분
J19_S022641,구매진행,서비스이용,구매진행,True,True,False,True,정보부족(infopoor)
J19_S022644,구매진행,서비스이용,구매진행,True,True,False,True,정보부족(infopoor)
J19_S022664,구매진행,주문취소,환불요청,False,True,False,False,정보충분
J19_S022707,서비스이용,구매진행,구매진행,False,False,False,False,정보충분
J19_S022719,서비스이용,구매진행,서비스이용,True,True,False,True,정보부족(infopoor)
J19_S022790,구매진행,환불요청,환불요청,False,False,False,False,정보충분
J19_S022811,서비스이용,구매진행,배송확인,False,True,False,False,정보충분
J19_S022866,서비스이용,구매진행,서비스이용,True,True,True,True,정보부족(infopoor)
J19_S022988,주문취소,환불요청,환불요청,False,False,True,False,정보충분
J19_S023001,구매진행,환불요청,구매진행,True,True,False,True,정보부족(infopoor)
J19_S023023,구매진행,서비스이용,구매진행,True,True,False,True,정보부족(infopoor)
J19_S023029,주문취소,서비스이용,서비스이용,False,False,False,False,정보충분
J19_S023046,서비스이용,구매진행,구매진행,False,False,False,False,정보충분
J19_S023055,주문취소,구매진행,구매진행,False,False,False,False,정보충분
J19_S023080,서비스이용,구매진행,배송확인,False,True,True,True,정보부족(infopoor)
J19_S023173,서비스이용,구매진행,서비스이용,True,True,False,True,정보부족(infopoor)
J19_S023176,서비스이용,배송확인,환불요청,False,True,False,False,정보충분
J19_S023182,서비스이용,환불요청,서비스이용,True,True,False,True,정보부족(infopoor)
J19_S023239,서비스이용,환불요청,환불요청,False,False,False,False,정보충분
J19_S023261,서비스이용,환불요청,환불요청,False,False,False,False,정보충분
J19_S023273,구매진행,주문취소,구매진행,True,True,False,True,정보부족(infopoor)
J19_S023313,구매진행,환불요청,구매진행,True,True,True,True,정보부족(infopoor)
J19_S023329,서비스이용,구매진행,구매진행,False,False,False,False,정보충분
J19_S023348,구매진행,서비스이용,서비스이용,False,False,False,False,정보충분
J19_S023349,구매진행,환불요청,구매진행,True,True,False,True,정보부족(infopoor)
J19_S023401,구매진행,서비스이용,서비스이용,False,False,True,False,정보충분
J19_S023428,구매진행,환불요청,배송확인,False,True,False,False,정보충분
J19_S023454,서비스이용,환불요청,환불요청,False,False,True,False,정보충분
J19_S023480,주문취소,구매진행,주문취소,True,True,False,True,정보부족(infopoor)
J19_S023488,주문취소,구매진행,환불요청,False,True,False,False,정보충분
J19_S023519,서비스이용,구매진행,구매진행,False,False,False,False,정보충분
J19_S023547,구매진행,서비스이용,서비스이용,False,False,False,False,정보충분
J19_S023569,서비스이용,구매진행,서비스이용,True,True,False,True,정보부족(infopoor)
J19_S023574,서비스이용,구매진행,구매진행,False,False,False,False,정보충분
J19_S023642,구매진행,서비스이용,구매진행,True,True,False,True,정보부족(infopoor)
J19_S023742,구매진행,서비스이용,서비스이용,False,False,False,False,정보충분
J19_S023751,구매진행,서비스이용,구매진행,True,True,True,True,정보부족(infopoor)
J19_S023823,주문취소,구매진행,주문취소,True,True,False,True,정보부족(infopoor)
J19_S023861,구매진행,서비스이용,구매진행,True,True,False,True,정보부족(infopoor)
J19_S023934,서비스이용,구매진행,구매진행,False,False,False,False,정보충분
J19_S023939,구매진행,서비스이용,서비스이용,False,False,False,False,정보충분
J19_S024054,주문취소,구매진행,주문취소,True,True,False,True,정보부족(infopoor)
J19_S024059,서비스이용,불만제기,환불요청,False,True,False,False,정보충분
J19_S024074,구매진행,서비스이용,배송확인,False,True,False,False,정보충분
J19_S024095,서비스이용,구매진행,구매진행,False,False,False,False,정보충분
J19_S024134,서비스이용,구매진행,환불요청,False,True,False,False,정보충분
J19_S024206,서비스이용,환불요청,서비스이용,True,True,True,True,정보부족(infopoor)
J19_S024222,구매진행,환불요청,구매진행,True,True,True,True,정보부족(infopoor)
J19_S024249,구매진행,교환반품,교환반품,False,False,False,False,정보충분
J19_S024256,구매진행,서비스이용,구매진행,True,True,False,True,정보부족(infopoor)
J19_S024313,주문취소,구매진행,주문취소,True,True,False,True,정보부족(infopoor)
J19_S024324,주문취소,배송확인,주문취소,True,True,True,True,정보부족(infopoor)
J19_S024330,서비스이용,구매진행,서비스이용,True,True,False,True,정보부족(infopoor)
J19_S024357,구매진행,불만제기,구매진행,True,True,False,True,정보부족(infopoor)
J19_S024378,구매진행,서비스이용,구매진행,True,True,False,True,정보부족(infopoor)
J19_S024384,구매진행,환불요청,구매진행,True,True,False,True,정보부족(infopoor)
J19_S024414,주문취소,서비스이용,주문취소,True,True,True,True,정보부족(infopoor)
J19_S024423,구매진행,서비스이용,환불요청,False,True,False,False,정보충분
J19_S024451,구매진행,교환반품,교환반품,False,False,True,False,정보충분
J19_S024478,서비스이용,구매진행,환불요청,False,True,False,False,정보충분
J19_S024539,주문취소,구매진행,주문취소,True,True,False,True,정보부족(infopoor)
J19_S024623,구매진행,환불요청,구매진행,True,True,True,True,정보부족(infopoor)
J19_S024646,구매진행,환불요청,환불요청,False,False,False,False,정보충분
J19_S024670,서비스이용,구매진행,서비스이용,True,True,False,True,정보부족(infopoor)
J19_S024718,구매진행,서비스이용,구매진행,True,True,False,True,정보부족(infopoor)
J19_S024780,주문취소,불만제기,배송확인,False,True,True,True,정보부족(infopoor)
J19_S024822,서비스이용,구매진행,구매진행,False,False,False,False,정보충분
J19_S024836,구매진행,서비스이용,구매진행,True,True,True,True,정보부족(infopoor)
J19_S024950,서비스이용,구매진행,서비스이용,True,True,False,True,정보부족(infopoor)
J19_S024967,서비스이용,구매진행,구매진행,False,False,False,False,정보충분
J19_S024999,주문취소,구매진행,주문취소,True,True,False,True,정보부족(infopoor)
J19_S025029,구매진행,서비스이용,서비스이용,False,False,False,False,정보충분
J19_S025049,서비스이용,구매진행,구매진행,False,False,True,False,정보충분
J19_S025220,서비스이용,주문취소,배송확인,False,True,False,False,정보충분
J19_S025236,서비스이용,구매진행,구매진행,False,False,True,False,정보충분
J19_S025290,주문취소,배송확인,주문취소,True,True,False,True,정보부족(infopoor)
J19_S025299,구매진행,서비스이용,구매진행,True,True,False,True,정보부족(infopoor)
J19_S025303,주문취소,구매진행,구매진행,False,False,False,False,정보충분
J19_S025337,구매진행,환불요청,환불요청,False,False,False,False,정보충분
J19_S025338,구매진행,환불요청,환불요청,False,False,False,False,정보충분
J19_S025403,구매진행,환불요청,구매진행,True,True,False,True,정보부족(infopoor)
J19_S025434,주문취소,환불요청,환불요청,False,False,False,False,정보충분
J19_S025458,서비스이용,불만제기,불만제기,False,False,False,False,정보충분
J19_S025499,서비스이용,주문취소,주문취소,False,False,False,False,정보충분
J19_S025523,서비스이용,교환반품,환불요청,False,True,True,True,정보부족(infopoor)
J19_S025563,서비스이용,배송확인,배송확인,False,False,False,False,정보충분
J19_S025587,서비스이용,불만제기,불만제기,False,False,True,False,정보충분
J19_S025671,구매진행,배송확인,배송확인,False,False,True,False,정보충분
J19_S025729,서비스이용,불만제기,구매진행,False,True,False,False,정보충분
J19_S025760,구매진행,주문취소,주문취소,False,False,False,False,정보충분
J19_S025771,주문취소,배송확인,구매진행,False,True,False,False,정보충분
J19_S025801,서비스이용,환불요청,환불요청,False,False,False,False,정보충분
J19_S025839,서비스이용,구매진행,구매진행,False,False,False,False,정보충분
J19_S025855,서비스이용,구매진행,구매진행,False,False,False,False,정보충분
J19_S025875,서비스이용,구매진행,구매진행,False,False,False,False,정보충분
J19_S025882,구매진행,환불요청,환불요청,False,False,True,False,정보충분
J19_S025890,구매진행,서비스이용,구매진행,True,True,False,True,정보부족(infopoor)
J19_S025893,서비스이용,환불요청,서비스이용,True,True,False,True,정보부족(infopoor)
J19_S026003,구매진행,서비스이용,구매진행,True,True,False,True,정보부족(infopoor)
J19_S026018,구매진행,서비스이용,구매진행,True,True,False,True,정보부족(infopoor)
J19_S026027,서비스이용,배송확인,구매진행,False,True,False,False,정보충분
J19_S026080,주문취소,서비스이용,구매진행,False,True,False,False,정보충분
J19_S026081,서비스이용,배송확인,배송확인,False,False,False,False,정보충분
J19_S026118,구매진행,주문취소,구매진행,True,True,False,True,정보부족(infopoor)
J19_S026138,주문취소,구매진행,주문취소,True,True,True,True,정보부족(infopoor)
J19_S026146,구매진행,서비스이용,서비스이용,False,False,True,False,정보충분
J19_S026206,주문취소,서비스이용,주문취소,True,True,False,True,정보부족(infopoor)
J19_S026216,교환반품,배송확인,교환반품,True,True,True,True,정보부족(infopoor)
J19_S026305,주문취소,배송확인,배송확인,False,False,False,False,정보충분
J19_S026351,서비스이용,불만제기,불만제기,False,False,False,False,정보충분
J19_S026360,구매진행,서비스이용,구매진행,True,True,True,True,정보부족(infopoor)
J19_S026372,구매진행,서비스이용,서비스이용,False,False,False,False,정보충분
J19_S026427,서비스이용,구매진행,구매진행,False,False,False,False,정보충분
J19_S026477,서비스이용,환불요청,환불요청,False,False,False,False,정보충분
J19_S026501,서비스이용,구매진행,구매진행,False,False,False,False,정보충분
J19_S026509,서비스이용,불만제기,불만제기,False,False,False,False,정보충분
J19_S026526,서비스이용,교환반품,교환반품,False,False,False,False,정보충분
J19_S026557,주문취소,서비스이용,서비스이용,False,False,False,False,정보충분
J19_S026572,서비스이용,환불요청,환불요청,False,False,False,False,정보충분
J19_S026601,서비스이용,환불요청,환불요청,False,False,False,False,정보충분
J19_S026613,서비스이용,구매진행,배송확인,False,True,False,False,정보충분
J19_S026621,구매진행,주문취소,주문취소,False,False,False,False,정보충분
J19_S026627,서비스이용,구매진행,구매진행,False,False,False,False,정보충분
J19_S026667,주문취소,배송확인,주문취소,True,True,False,True,정보부족(infopoor)
J19_S026764,주문취소,구매진행,주문취소,True,True,False,True,정보부족(infopoor)
J19_S026774,서비스이용,구매진행,구매진행,False,False,False,False,정보충분
J19_S026814,서비스이용,구매진행,환불요청,False,True,True,True,정보부족(infopoor)
J19_S026900,주문취소,서비스이용,주문취소,True,True,False,True,정보부족(infopoor)
J19_S026928,주문취소,구매진행,환불요청,False,True,False,False,정보충분
J19_S026990,서비스이용,구매진행,구매진행,False,False,False,False,정보충분
J19_S027012,교환반품,구매진행,구매진행,False,False,False,False,정보충분
J19_S027059,구매진행,서비스이용,서비스이용,False,False,False,False,정보충분
J19_S027066,서비스이용,구매진행,구매진행,False,False,False,False,정보충분
J19_S027123,구매진행,교환반품,교환반품,False,False,False,False,정보충분
J19_S027129,구매진행,서비스이용,서비스이용,False,False,False,False,정보충분
J19_S027140,주문취소,환불요청,배송확인,False,True,False,False,정보충분
J19_S027161,주문취소,환불요청,환불요청,False,False,False,False,정보충분
J19_S027215,구매진행,서비스이용,구매진행,True,True,False,True,정보부족(infopoor)
J19_S027279,주문취소,배송확인,주문취소,True,True,True,True,정보부족(infopoor)
J19_S027330,구매진행,환불요청,구매진행,True,True,True,True,정보부족(infopoor)
J19_S027638,구매진행,환불요청,구매진행,True,True,False,True,정보부족(infopoor)
J19_S027669,구매진행,서비스이용,구매진행,True,True,True,True,정보부족(infopoor)
J19_S027718,구매진행,서비스이용,구매진행,True,True,False,True,정보부족(infopoor)
J19_S027736,서비스이용,구매진행,구매진행,False,False,False,False,정보충분
J19_S027835,서비스이용,배송확인,서비스이용,True,True,False,True,정보부족(infopoor)
J19_S027908,서비스이용,배송확인,배송확인,False,False,False,False,정보충분
J19_S027985,구매진행,서비스이용,환불요청,False,True,True,True,정보부족(infopoor)
J19_S027991,구매진행,배송확인,배송확인,False,False,False,False,정보충분
J19_S028006,서비스이용,환불요청,서비스이용,True,True,False,True,정보부족(infopoor)
J19_S028030,서비스이용,배송확인,배송확인,False,False,False,False,정보충분
J19_S028092,서비스이용,구매진행,구매진행,False,False,True,False,정보충분
J19_S028111,서비스이용,불만제기,불만제기,False,False,False,False,정보충분
J19_S028158,구매진행,서비스이용,구매진행,True,True,False,True,정보부족(infopoor)
J19_S028183,구매진행,서비스이용,구매진행,True,True,False,True,정보부족(infopoor)
J19_S028186,구매진행,교환반품,환불요청,False,True,False,False,정보충분
J19_S028216,서비스이용,구매진행,구매진행,False,False,False,False,정보충분
J19_S028231,구매진행,서비스이용,서비스이용,False,False,False,False,정보충분
J19_S028237,구매진행,서비스이용,서비스이용,False,False,False,False,정보충분
J19_S028245,주문취소,구매진행,배송확인,False,True,False,False,정보충분
J19_S028285,주문취소,구매진행,주문취소,True,True,False,True,정보부족(infopoor)
J19_S028422,구매진행,주문취소,주문취소,False,False,True,False,정보충분
J19_S028427,교환반품,불만제기,교환반품,True,True,True,True,정보부족(infopoor)
J19_S028472,구매진행,서비스이용,구매진행,True,True,False,True,정보부족(infopoor)
J19_S028473,구매진행,서비스이용,구매진행,True,True,False,True,정보부족(infopoor)
J19_S028551,주문취소,환불요청,주문취소,True,True,False,True,정보부족(infopoor)
J19_S028599,서비스이용,구매진행,구매진행,False,False,False,False,정보충분
J19_S028606,구매진행,배송확인,구매진행,True,True,False,True,정보부족(infopoor)
J19_S028669,서비스이용,구매진행,구매진행,False,False,True,False,정보충분
J19_S028708,구매진행,환불요청,교환반품,False,True,False,False,정보충분
J19_S028899,주문취소,구매진행,구매진행,False,False,False,False,정보충분
J19_S028914,서비스이용,구매진행,배송확인,False,True,True,True,정보부족(infopoor)
J19_S028924,구매진행,환불요청,환불요청,False,False,False,False,정보충분
J19_S028982,서비스이용,구매진행,환불요청,False,True,False,False,정보충분
J19_S029065,서비스이용,주문취소,주문취소,False,False,False,False,정보충분
J19_S029077,서비스이용,구매진행,구매진행,False,False,False,False,정보충분
J19_S029090,서비스이용,환불요청,서비스이용,True,True,False,True,정보부족(infopoor)
J19_S029182,주문취소,구매진행,주문취소,True,True,True,True,정보부족(infopoor)
J19_S029186,주문취소,서비스이용,구매진행,False,True,True,True,정보부족(infopoor)
J19_S029226,주문취소,서비스이용,구매진행,False,True,False,False,정보충분
J19_S029229,주문취소,교환반품,주문취소,True,True,True,True,정보부족(infopoor)
J19_S029332,서비스이용,구매진행,구매진행,False,False,False,False,정보충분
J19_S029344,교환반품,배송확인,배송확인,False,False,False,False,정보충분
J19_S029351,구매진행,서비스이용,서비스이용,False,False,False,False,정보충분
J19_S029368,서비스이용,구매진행,환불요청,False,True,False,False,정보충분
J19_S029381,서비스이용,환불요청,구매진행,False,True,False,False,정보충분
J19_S029466,교환반품,배송확인,배송확인,False,False,False,False,정보충분
J19_S029467,교환반품,서비스이용,교환반품,True,True,True,True,정보부족(infopoor)
J19_S029497,주문취소,구매진행,주문취소,True,True,False,True,정보부족(infopoor)
J19_S029504,불만제기,교환반품,교환반품,False,False,True,False,정보충분
J19_S029519,교환반품,배송확인,배송확인,False,False,False,False,정보충분
J19_S029531,서비스이용,구매진행,서비스이용,True,True,False,True,정보부족(infopoor)
J19_S029549,서비스이용,구매진행,구매진행,False,False,False,False,정보충분
J19_S029576,구매진행,서비스이용,구매진행,True,True,False,True,정보부족(infopoor)
J19_S029639,서비스이용,구매진행,구매진행,False,False,False,False,정보충분
J19_S029725,서비스이용,환불요청,서비스이용,True,True,False,True,정보부족(infopoor)
J19_S029737,주문취소,환불요청,주문취소,True,True,False,True,정보부족(infopoor)
J19_S029770,교환반품,환불요청,배송확인,False,True,True,True,정보부족(infopoor)
J19_S029773,교환반품,환불요청,환불요청,False,False,False,False,정보충분
J19_S029795,서비스이용,배송확인,서비스이용,True,True,False,True,정보부족(infopoor)
J19_S029801,서비스이용,환불요청,환불요청,False,False,False,False,정보충분
J19_S029813,서비스이용,구매진행,구매진행,False,False,False,False,정보충분
J19_S029822,교환반품,서비스이용,서비스이용,False,False,False,False,정보충분
J19_S029913,교환반품,주문취소,주문취소,False,False,False,False,정보충분
J19_S029921,서비스이용,불만제기,서비스이용,True,True,False,True,정보부족(infopoor)
J19_S029928,교환반품,서비스이용,배송확인,False,True,False,False,정보충분
J19_S029973,교환반품,환불요청,환불요청,False,False,False,False,정보충분
J19_S030006,교환반품,배송확인,배송확인,False,False,False,False,정보충분
J19_S030212,교환반품,배송확인,교환반품,True,True,True,True,정보부족(infopoor)
J19_S030338,교환반품,구매진행,배송확인,False,True,False,False,정보충분
J19_S030345,서비스이용,배송확인,교환반품,False,True,False,False,정보충분
J19_S030431,서비스이용,배송확인,배송확인,False,False,True,False,정보충분
J19_S030447,주문취소,배송확인,주문취소,True,True,True,True,정보부족(infopoor)
J19_S030450,주문취소,교환반품,교환반품,False,False,False,False,정보충분
J19_S030548,교환반품,서비스이용,서비스이용,False,False,False,False,정보충분
J19_S030559,서비스이용,구매진행,구매진행,False,False,True,False,정보충분
J19_S030573,구매진행,서비스이용,환불요청,False,True,False,False,정보충분
J19_S030589,주문취소,구매진행,주문취소,True,True,False,True,정보부족(infopoor)
J19_S030656,교환반품,서비스이용,교환반품,True,True,True,True,정보부족(infopoor)
J19_S030658,교환반품,서비스이용,배송확인,False,True,True,True,정보부족(infopoor)
J19_S030698,주문취소,환불요청,환불요청,False,False,False,False,정보충분
J19_S030706,서비스이용,환불요청,환불요청,False,False,False,False,정보충분
J19_S030797,서비스이용,구매진행,환불요청,False,True,False,False,정보충분
J19_S030820,교환반품,배송확인,교환반품,True,True,False,True,정보부족(infopoor)
J19_S030846,서비스이용,불만제기,불만제기,False,False,False,False,정보충분
J19_S030878,교환반품,불만제기,불만제기,False,False,False,False,정보충분
J19_S030894,교환반품,서비스이용,서비스이용,False,False,False,False,정보충분
J19_S030911,구매진행,배송확인,배송확인,False,False,False,False,정보충분
J19_S030931,주문취소,환불요청,환불요청,False,False,False,False,정보충분
J19_S030959,교환반품,배송확인,교환반품,True,True,True,True,정보부족(infopoor)
J19_S030962,교환반품,배송확인,교환반품,True,True,False,True,정보부족(infopoor)
J19_S031014,주문취소,구매진행,주문취소,True,True,False,True,정보부족(infopoor)
J19_S031071,주문취소,구매진행,서비스이용,False,True,False,False,정보충분
J19_S031076,서비스이용,교환반품,서비스이용,True,True,True,True,정보부족(infopoor)
J19_S031083,주문취소,서비스이용,환불요청,False,True,True,True,정보부족(infopoor)
J19_S031085,교환반품,서비스이용,교환반품,True,True,False,True,정보부족(infopoor)
J19_S031123,교환반품,불만제기,불만제기,False,False,False,False,정보충분
J19_S031135,교환반품,배송확인,배송확인,False,False,False,False,정보충분
J19_S031162,주문취소,구매진행,환불요청,False,True,False,False,정보충분
J19_S031205,주문취소,배송확인,구매진행,False,True,False,False,정보충분
J19_S031321,교환반품,배송확인,배송확인,False,False,False,False,정보충분
J19_S031324,서비스이용,배송확인,배송확인,False,False,False,False,정보충분
J19_S031337,서비스이용,불만제기,서비스이용,True,True,True,True,정보부족(infopoor)
J19_S031340,교환반품,배송확인,교환반품,True,True,False,True,정보부족(infopoor)
J19_S031342,구매진행,불만제기,구매진행,True,True,False,True,정보부족(infopoor)
J19_S031383,교환반품,구매진행,교환반품,True,True,False,True,정보부족(infopoor)
J19_S031444,서비스이용,교환반품,서비스이용,True,True,False,True,정보부족(infopoor)
J19_S031447,주문취소,구매진행,구매진행,False,False,False,False,정보충분
J19_S031527,구매진행,서비스이용,서비스이용,False,False,False,False,정보충분
J19_S031562,구매진행,배송확인,배송확인,False,False,False,False,정보충분
J19_S031564,교환반품,서비스이용,배송확인,False,True,False,False,정보충분
J19_S031565,교환반품,배송확인,배송확인,False,False,True,False,정보충분
J19_S031575,서비스이용,배송확인,배송확인,False,False,False,False,정보충분
J19_S031615,서비스이용,배송확인,배송확인,False,False,False,False,정보충분
J19_S031649,교환반품,환불요청,주문취소,False,True,True,True,정보부족(infopoor)
J19_S031745,교환반품,서비스이용,서비스이용,False,False,False,False,정보충분
J19_S031754,구매진행,환불요청,환불요청,False,False,False,False,정보충분
J19_S031757,주문취소,환불요청,환불요청,False,False,False,False,정보충분
J19_S031764,주문취소,환불요청,환불요청,False,False,False,False,정보충분
J19_S031786,구매진행,서비스이용,서비스이용,False,False,True,False,정보충분
J19_S031798,서비스이용,구매진행,구매진행,False,False,True,False,정보충분
J19_S031867,주문취소,구매진행,구매진행,False,False,False,False,정보충분
J19_S031920,교환반품,배송확인,배송확인,False,False,False,False,정보충분
J19_S031934,서비스이용,구매진행,구매진행,False,False,False,False,정보충분
J19_S031974,서비스이용,구매진행,구매진행,False,False,False,False,정보충분
J19_S031978,주문취소,환불요청,환불요청,False,False,False,False,정보충분
J19_S032024,교환반품,서비스이용,서비스이용,False,False,False,False,정보충분
J19_S032030,주문취소,교환반품,교환반품,False,False,False,False,정보충분
J19_S032033,교환반품,배송확인,교환반품,True,True,False,True,정보부족(infopoor)
J19_S032075,교환반품,서비스이용,서비스이용,False,False,False,False,정보충분
J19_S032109,주문취소,배송확인,주문취소,True,True,False,True,정보부족(infopoor)
J19_S032129,주문취소,서비스이용,서비스이용,False,False,True,False,정보충분
J19_S032131,교환반품,배송확인,배송확인,False,False,False,False,정보충분
J19_S032132,주문취소,배송확인,배송확인,False,False,True,False,정보충분
J19_S032138,서비스이용,환불요청,환불요청,False,False,True,False,정보충분
J19_S032145,교환반품,서비스이용,교환반품,True,True,False,True,정보부족(infopoor)
J19_S032149,주문취소,환불요청,환불요청,False,False,True,False,정보충분
J19_S032156,주문취소,배송확인,주문취소,True,True,False,True,정보부족(infopoor)
J19_S032212,서비스이용,교환반품,배송확인,False,True,False,False,정보충분
J19_S032258,교환반품,배송확인,배송확인,False,False,False,False,정보충분
J19_S032365,서비스이용,배송확인,배송확인,False,False,False,False,정보충분
J19_S032380,불만제기,환불요청,환불요청,False,False,False,False,정보충분
J19_S032432,주문취소,구매진행,주문취소,True,True,False,True,정보부족(infopoor)
J19_S032437,주문취소,환불요청,환불요청,False,False,False,False,정보충분
J19_S032465,주문취소,교환반품,주문취소,True,True,False,True,정보부족(infopoor)
J19_S032490,주문취소,구매진행,구매진행,False,False,False,False,정보충분
J19_S032502,서비스이용,구매진행,구매진행,False,False,False,False,정보충분
J19_S032527,주문취소,환불요청,환불요청,False,False,False,False,정보충분
J19_S032550,교환반품,서비스이용,교환반품,True,True,True,True,정보부족(infopoor)
J19_S032582,주문취소,배송확인,배송확인,False,False,True,False,정보충분
J19_S032604,교환반품,서비스이용,서비스이용,False,False,False,False,정보충분
J19_S032641,주문취소,불만제기,주문취소,True,True,True,True,정보부족(infopoor)
J19_S032643,교환반품,구매진행,배송확인,False,True,False,False,정보충분
J19_S032650,교환반품,배송확인,구매진행,False,True,False,False,정보충분
J19_S032741,교환반품,환불요청,교환반품,True,True,False,True,정보부족(infopoor)
J19_S032767,서비스이용,구매진행,구매진행,False,False,False,False,정보충분
J19_S032848,주문취소,서비스이용,서비스이용,False,False,False,False,정보충분
J19_S032850,주문취소,교환반품,주문취소,True,True,False,True,정보부족(infopoor)
J19_S032888,구매진행,환불요청,서비스이용,False,True,False,False,정보충분
J19_S032889,서비스이용,구매진행,구매진행,False,False,False,False,정보충분
J19_S032991,교환반품,불만제기,불만제기,False,False,False,False,정보충분
J19_S033137,서비스이용,주문취소,서비스이용,True,True,False,True,정보부족(infopoor)
J19_S033171,교환반품,배송확인,배송확인,False,False,False,False,정보충분
J19_S033172,교환반품,불만제기,불만제기,False,False,False,False,정보충분
J19_S033176,서비스이용,불만제기,배송확인,False,True,False,False,정보충분
J19_S033221,교환반품,배송확인,교환반품,True,True,False,True,정보부족(infopoor)
J19_S033229,교환반품,서비스이용,서비스이용,False,False,True,False,정보충분
J19_S033230,교환반품,환불요청,환불요청,False,False,False,False,정보충분
J19_S033236,구매진행,서비스이용,환불요청,False,True,True,True,정보부족(infopoor)
J19_S033284,교환반품,배송확인,교환반품,True,True,False,True,정보부족(infopoor)
J19_S033340,교환반품,배송확인,서비스이용,False,True,False,False,정보충분
J19_S033349,서비스이용,구매진행,구매진행,False,False,False,False,정보충분
J19_S033377,교환반품,배송확인,교환반품,True,True,False,True,정보부족(infopoor)
J19_S033384,주문취소,배송확인,주문취소,True,True,True,True,정보부족(infopoor)
J19_S033392,교환반품,환불요청,환불요청,False,False,False,False,정보충분
J19_S033416,주문취소,구매진행,서비스이용,False,True,False,False,정보충분
J19_S033489,교환반품,불만제기,교환반품,True,True,False,True,정보부족(infopoor)
J19_S033497,주문취소,구매진행,구매진행,False,False,False,False,정보충분
J19_S033502,구매진행,배송확인,구매진행,True,True,False,True,정보부족(infopoor)
J19_S033510,교환반품,배송확인,교환반품,True,True,False,True,정보부족(infopoor)
J19_S033528,구매진행,서비스이용,구매진행,True,True,False,True,정보부족(infopoor)
J19_S033531,구매진행,서비스이용,서비스이용,False,False,False,False,정보충분
J19_S033539,교환반품,배송확인,배송확인,False,False,True,False,정보충분
J19_S033541,서비스이용,구매진행,구매진행,False,False,False,False,정보충분
J19_S033547,불만제기,서비스이용,불만제기,True,True,True,True,정보부족(infopoor)
J19_S033558,서비스이용,환불요청,환불요청,False,False,False,False,정보충분
J19_S033571,교환반품,배송확인,배송확인,False,False,True,False,정보충분
J19_S033581,주문취소,구매진행,주문취소,True,True,False,True,정보부족(infopoor)
J19_S033591,교환반품,서비스이용,서비스이용,False,False,False,False,정보충분
J19_S033595,서비스이용,불만제기,서비스이용,True,True,False,True,정보부족(infopoor)
J19_S033632,교환반품,구매진행,배송확인,False,True,True,True,정보부족(infopoor)
J19_S033635,교환반품,배송확인,배송확인,False,False,False,False,정보충분
J19_S033637,구매진행,서비스이용,서비스이용,False,False,False,False,정보충분
J19_S033692,서비스이용,불만제기,불만제기,False,False,False,False,정보충분
J19_S033694,교환반품,불만제기,배송확인,False,True,False,False,정보충분
J19_S033812,교환반품,서비스이용,서비스이용,False,False,True,False,정보충분
J19_S033825,교환반품,배송확인,교환반품,True,True,True,True,정보부족(infopoor)
J19_S033886,서비스이용,배송확인,배송확인,False,False,False,False,정보충분
J19_S033910,교환반품,구매진행,교환반품,True,True,True,True,정보부족(infopoor)
J19_S033912,교환반품,불만제기,교환반품,True,True,False,True,정보부족(infopoor)
J19_S033979,서비스이용,구매진행,서비스이용,True,True,True,True,정보부족(infopoor)
J19_S033980,주문취소,구매진행,주문취소,True,True,True,True,정보부족(infopoor)
J19_S034016,서비스이용,구매진행,서비스이용,True,True,False,True,정보부족(infopoor)
J19_S034040,교환반품,배송확인,교환반품,True,True,False,True,정보부족(infopoor)
J19_S034105,교환반품,불만제기,불만제기,False,False,True,False,정보충분
J19_S034112,교환반품,서비스이용,서비스이용,False,False,True,False,정보충분
J19_S034140,주문취소,불만제기,불만제기,False,False,True,False,정보충분
J19_S034142,구매진행,불만제기,구매진행,True,True,False,True,정보부족(infopoor)
J19_S034151,서비스이용,구매진행,구매진행,False,False,False,False,정보충분
J19_S034160,주문취소,서비스이용,구매진행,False,True,False,False,정보충분
J19_S034230,교환반품,환불요청,교환반품,True,True,False,True,정보부족(infopoor)
J19_S034239,교환반품,서비스이용,서비스이용,False,False,True,False,정보충분
J19_S034248,교환반품,불만제기,교환반품,True,True,True,True,정보부족(infopoor)
J19_S034259,교환반품,환불요청,교환반품,True,True,False,True,정보부족(infopoor)
J19_S034266,서비스이용,구매진행,구매진행,False,False,True,False,정보충분
J19_S034309,교환반품,배송확인,교환반품,True,True,False,True,정보부족(infopoor)
J19_S034334,교환반품,배송확인,배송확인,False,False,False,False,정보충분
J19_S034391,교환반품,서비스이용,서비스이용,False,False,False,False,정보충분
J19_S034397,서비스이용,환불요청,환불요청,False,False,False,False,정보충분
J19_S034416,구매진행,환불요청,주문취소,False,True,False,False,정보충분
J19_S034492,구매진행,서비스이용,구매진행,True,True,False,True,정보부족(infopoor)
J19_S034509,주문취소,서비스이용,서비스이용,False,False,False,False,정보충분
J19_S034575,구매진행,환불요청,교환반품,False,True,False,False,정보충분
J19_S034608,교환반품,배송확인,배송확인,False,False,False,False,정보충분
J19_S034695,교환반품,배송확인,배송확인,False,False,False,False,정보충분
J19_S034702,교환반품,배송확인,배송확인,False,False,True,False,정보충분
J19_S034704,서비스이용,구매진행,구매진행,False,False,False,False,정보충분
J19_S034717,교환반품,환불요청,환불요청,False,False,False,False,정보충분
J19_S034727,교환반품,환불요청,교환반품,True,True,False,True,정보부족(infopoor)
J19_S034728,교환반품,배송확인,배송확인,False,False,False,False,정보충분
J19_S034781,교환반품,불만제기,불만제기,False,False,True,False,정보충분
J19_S034788,구매진행,서비스이용,환불요청,False,True,False,False,정보충분
J19_S034869,주문취소,환불요청,주문취소,True,True,False,True,정보부족(infopoor)
J19_S034903,교환반품,서비스이용,서비스이용,False,False,False,False,정보충분
J19_S034922,구매진행,서비스이용,구매진행,True,True,True,True,정보부족(infopoor)
J19_S034925,교환반품,배송확인,배송확인,False,False,False,False,정보충분
J19_S034942,주문취소,구매진행,구매진행,False,False,False,False,정보충분
J19_S034954,교환반품,서비스이용,환불요청,False,True,True,True,정보부족(infopoor)
J19_S034958,서비스이용,환불요청,환불요청,False,False,False,False,정보충분
J19_S035018,교환반품,배송확인,배송확인,False,False,False,False,정보충분
J19_S035021,서비스이용,구매진행,구매진행,False,False,False,False,정보충분
J19_S035061,교환반품,환불요청,교환반품,True,True,True,True,정보부족(infopoor)
J19_S035075,서비스이용,배송확인,배송확인,False,False,True,False,정보충분
J19_S035087,교환반품,배송확인,교환반품,True,True,True,True,정보부족(infopoor)
J19_S035113,교환반품,배송확인,배송확인,False,False,False,False,정보충분
J19_S035131,주문취소,배송확인,배송확인,False,False,False,False,정보충분
J19_S035158,서비스이용,불만제기,환불요청,False,True,False,False,정보충분
J19_S035217,서비스이용,환불요청,서비스이용,True,True,False,True,정보부족(infopoor)
J19_S035221,주문취소,서비스이용,구매진행,False,True,True,True,정보부족(infopoor)
J19_S035239,구매진행,서비스이용,구매진행,True,True,False,True,정보부족(infopoor)
J19_S035267,교환반품,서비스이용,주문취소,False,True,True,True,정보부족(infopoor)
J19_S035279,주문취소,구매진행,구매진행,False,False,False,False,정보충분
J19_S035290,주문취소,구매진행,구매진행,False,False,False,False,정보충분
J19_S035298,교환반품,서비스이용,배송확인,False,True,False,False,정보충분
J19_S035322,주문취소,서비스이용,서비스이용,False,False,True,False,정보충분
J19_S035360,서비스이용,배송확인,서비스이용,True,True,True,True,정보부족(infopoor)
J19_S035379,서비스이용,구매진행,구매진행,False,False,True,False,정보충분
J19_S035453,서비스이용,환불요청,환불요청,False,False,True,False,정보충분
J19_S035466,주문취소,환불요청,주문취소,True,True,False,True,정보부족(infopoor)
J19_S035491,서비스이용,구매진행,배송확인,False,True,False,False,정보충분
J19_S035524,구매진행,교환반품,환불요청,False,True,False,False,정보충분
J19_S035542,교환반품,서비스이용,서비스이용,False,False,False,False,정보충분
J19_S035584,구매진행,환불요청,환불요청,False,False,False,False,정보충분
J19_S035677,주문취소,교환반품,배송확인,False,True,False,False,정보충분
J19_S035679,교환반품,배송확인,배송확인,False,False,False,False,정보충분
J19_S035711,주문취소,구매진행,서비스이용,False,True,True,True,정보부족(infopoor)
J19_S035713,교환반품,배송확인,배송확인,False,False,False,False,정보충분
J19_S035734,서비스이용,구매진행,서비스이용,True,True,False,True,정보부족(infopoor)
J19_S035756,교환반품,서비스이용,서비스이용,False,False,False,False,정보충분
J19_S035770,주문취소,배송확인,배송확인,False,False,True,False,정보충분
J19_S035863,주문취소,환불요청,환불요청,False,False,False,False,정보충분
J19_S035872,서비스이용,교환반품,불만제기,False,True,True,True,정보부족(infopoor)
J19_S035902,교환반품,환불요청,교환반품,True,True,False,True,정보부족(infopoor)
J19_S035923,교환반품,구매진행,환불요청,False,True,True,True,정보부족(infopoor)
J19_S035968,구매진행,환불요청,구매진행,True,True,True,True,정보부족(infopoor)
J19_S036000,주문취소,서비스이용,서비스이용,False,False,False,False,정보충분
J19_S036029,교환반품,환불요청,불만제기,False,True,False,False,정보충분
J19_S036031,구매진행,서비스이용,서비스이용,False,False,False,False,정보충분
J19_S036049,서비스이용,구매진행,구매진행,False,False,True,False,정보충분
J19_S036061,서비스이용,불만제기,불만제기,False,False,False,False,정보충분
J19_S036118,교환반품,배송확인,배송확인,False,False,False,False,정보충분
J19_S036123,주문취소,환불요청,주문취소,True,True,True,True,정보부족(infopoor)
J19_S036125,교환반품,서비스이용,서비스이용,False,False,False,False,정보충분
J19_S036138,교환반품,배송확인,교환반품,True,True,False,True,정보부족(infopoor)
J19_S036143,교환반품,서비스이용,서비스이용,False,False,False,False,정보충분
J19_S036180,서비스이용,구매진행,구매진행,False,False,True,False,정보충분
J19_S036244,교환반품,배송확인,교환반품,True,True,False,True,정보부족(infopoor)
J19_S036315,구매진행,주문취소,주문취소,False,False,False,False,정보충분
J19_S036319,교환반품,배송확인,교환반품,True,True,False,True,정보부족(infopoor)
J19_S036323,주문취소,불만제기,불만제기,False,False,False,False,정보충분
J19_S036349,주문취소,배송확인,배송확인,False,False,False,False,정보충분
J19_S036355,구매진행,서비스이용,구매진행,True,True,False,True,정보부족(infopoor)
J19_S036370,주문취소,구매진행,구매진행,False,False,False,False,정보충분
J19_S036373,구매진행,배송확인,구매진행,True,True,True,True,정보부족(infopoor)
J19_S036402,주문취소,환불요청,환불요청,False,False,False,False,정보충분
J19_S036519,서비스이용,교환반품,교환반품,False,False,True,False,정보충분
J19_S036527,구매진행,교환반품,교환반품,False,False,False,False,정보충분
J19_S036573,주문취소,환불요청,서비스이용,False,True,True,True,정보부족(infopoor)
J19_S036588,교환반품,서비스이용,서비스이용,False,False,False,False,정보충분
J19_S036643,주문취소,구매진행,주문취소,True,True,True,True,정보부족(infopoor)
J19_S036646,교환반품,서비스이용,환불요청,False,True,False,False,정보충분
J19_S036669,교환반품,배송확인,배송확인,False,False,False,False,정보충분
J19_S036687,교환반품,불만제기,서비스이용,False,True,True,True,정보부족(infopoor)
J19_S036698,교환반품,환불요청,환불요청,False,False,True,False,정보충분
J19_S036753,서비스이용,불만제기,배송확인,False,True,False,False,정보충분
J19_S036754,주문취소,구매진행,주문취소,True,True,True,True,정보부족(infopoor)
J19_S036824,서비스이용,환불요청,환불요청,False,False,False,False,정보충분
J19_S036835,교환반품,환불요청,교환반품,True,True,False,True,정보부족(infopoor)
J19_S036844,교환반품,서비스이용,서비스이용,False,False,True,False,정보충분
J19_S036858,교환반품,환불요청,환불요청,False,False,False,False,정보충분
J19_S036861,교환반품,배송확인,교환반품,True,True,False,True,정보부족(infopoor)
J19_S036883,주문취소,서비스이용,구매진행,False,True,True,True,정보부족(infopoor)
J19_S036916,서비스이용,환불요청,환불요청,False,False,True,False,정보충분
J19_S036930,교환반품,환불요청,환불요청,False,False,False,False,정보충분
J19_S037014,서비스이용,환불요청,환불요청,False,False,True,False,정보충분
J19_S037029,교환반품,배송확인,교환반품,True,True,False,True,정보부족(infopoor)
J19_S037056,주문취소,구매진행,주문취소,True,True,False,True,정보부족(infopoor)
J19_S037116,교환반품,배송확인,배송확인,False,False,False,False,정보충분
J19_S037126,서비스이용,배송확인,서비스이용,True,True,True,True,정보부족(infopoor)
J19_S037138,서비스이용,배송확인,구매진행,False,True,True,True,정보부족(infopoor)
J19_S037141,서비스이용,구매진행,주문취소,False,True,True,True,정보부족(infopoor)
J19_S037178,서비스이용,환불요청,환불요청,False,False,True,False,정보충분
J19_S037182,서비스이용,구매진행,구매진행,False,False,True,False,정보충분
J19_S037234,교환반품,환불요청,환불요청,False,False,False,False,정보충분
J19_S037264,주문취소,서비스이용,주문취소,True,True,False,True,정보부족(infopoor)
J19_S037265,서비스이용,구매진행,구매진행,False,False,False,False,정보충분
J19_S037296,서비스이용,구매진행,구매진행,False,False,False,False,정보충분
J19_S037355,주문취소,환불요청,환불요청,False,False,False,False,정보충분
J19_S037369,구매진행,서비스이용,구매진행,True,True,True,True,정보부족(infopoor)
J19_S037398,구매진행,불만제기,서비스이용,False,True,False,False,정보충분
J19_S037404,구매진행,서비스이용,구매진행,True,True,True,True,정보부족(infopoor)
J19_S037441,구매진행,서비스이용,환불요청,False,True,False,False,정보충분
J19_S037462,교환반품,배송확인,배송확인,False,False,True,False,정보충분
J19_S037495,서비스이용,불만제기,불만제기,False,False,False,False,정보충분
J19_S037507,서비스이용,구매진행,구매진행,False,False,False,False,정보충분
J19_S037519,교환반품,배송확인,배송확인,False,False,False,False,정보충분
J19_S037539,교환반품,배송확인,배송확인,False,False,False,False,정보충분
J19_S037543,주문취소,구매진행,주문취소,True,True,False,True,정보부족(infopoor)
J19_S037561,서비스이용,불만제기,서비스이용,True,True,False,True,정보부족(infopoor)
J19_S037578,주문취소,환불요청,구매진행,False,True,False,False,정보충분
J19_S037609,주문취소,서비스이용,서비스이용,False,False,False,False,정보충분
J19_S037620,교환반품,배송확인,배송확인,False,False,True,False,정보충분
J19_S037622,교환반품,배송확인,배송확인,False,False,False,False,정보충분
J19_S037636,주문취소,구매진행,주문취소,True,True,True,True,정보부족(infopoor)
J19_S037676,구매진행,환불요청,환불요청,False,False,False,False,정보충분
J19_S037680,교환반품,배송확인,배송확인,False,False,False,False,정보충분
J19_S037734,교환반품,배송확인,배송확인,False,False,False,False,정보충분
J19_S037757,서비스이용,교환반품,교환반품,False,False,False,False,정보충분
J19_S037807,교환반품,서비스이용,서비스이용,False,False,True,False,정보충분
J19_S037848,교환반품,서비스이용,교환반품,True,True,False,True,정보부족(infopoor)
J19_S037854,주문취소,구매진행,구매진행,False,False,False,False,정보충분
J19_S037859,구매진행,서비스이용,불만제기,False,True,False,False,정보충분
J19_S037928,서비스이용,불만제기,서비스이용,True,True,False,True,정보부족(infopoor)
J19_S037929,교환반품,환불요청,환불요청,False,False,True,False,정보충분
J19_S037955,서비스이용,불만제기,서비스이용,True,True,False,True,정보부족(infopoor)
J19_S037981,교환반품,배송확인,교환반품,True,True,False,True,정보부족(infopoor)
J19_S037995,교환반품,배송확인,배송확인,False,False,False,False,정보충분
J19_S037998,구매진행,서비스이용,서비스이용,False,False,True,False,정보충분
J19_S038017,서비스이용,배송확인,배송확인,False,False,True,False,정보충분
J19_S038019,구매진행,주문취소,주문취소,False,False,False,False,정보충분
J19_S038029,교환반품,구매진행,구매진행,False,False,False,False,정보충분
J19_S038091,주문취소,배송확인,주문취소,True,True,True,True,정보부족(infopoor)
J19_S038160,주문취소,서비스이용,구매진행,False,True,True,True,정보부족(infopoor)
J19_S038178,교환반품,구매진행,교환반품,True,True,True,True,정보부족(infopoor)
J19_S038183,교환반품,서비스이용,서비스이용,False,False,True,False,정보충분
J19_S038186,서비스이용,불만제기,배송확인,False,True,True,True,정보부족(infopoor)
J19_S038244,주문취소,배송확인,배송확인,False,False,False,False,정보충분
J19_S038256,서비스이용,구매진행,구매진행,False,False,False,False,정보충분
J19_S038295,서비스이용,배송확인,환불요청,False,True,True,True,정보부족(infopoor)
J16_S003875,불만제기,환불요청,교환반품,False,True,False,False,정보충분
J16_S004872,불만제기,서비스이용,구매진행,False,True,True,True,정보부족(infopoor)
J16_S006082,불만제기,배송확인,배송확인,False,False,True,False,정보충분
J16_S006703,불만제기,서비스이용,교환반품,False,True,True,True,정보부족(infopoor)
J17_S000067,불만제기,배송확인,배송확인,False,False,False,False,정보충분
J17_S000177,불만제기,환불요청,환불요청,False,False,False,False,정보충분
J17_S001384,불만제기,서비스이용,서비스이용,False,False,False,False,정보충분
J17_S003029,불만제기,환불요청,환불요청,False,False,False,False,정보충분
J17_S003071,불만제기,서비스이용,배송확인,False,True,True,True,정보부족(infopoor)
J17_S003845,불만제기,서비스이용,환불요청,False,True,False,False,정보충분
J17_S006413,불만제기,구매진행,주문취소,False,True,False,False,정보충분
J18_S000124,불만제기,배송확인,배송확인,False,False,False,False,정보충분
J18_S000309,불만제기,서비스이용,배송확인,False,True,True,True,정보부족(infopoor)
J18_S000421,불만제기,배송확인,배송확인,False,False,False,False,정보충분
J18_S000455,불만제기,환불요청,환불요청,False,False,False,False,정보충분
J18_S000562,불만제기,배송확인,배송확인,False,False,False,False,정보충분
J18_S000628,불만제기,주문취소,주문취소,False,False,False,False,정보충분
J18_S000702,불만제기,배송확인,배송확인,False,False,True,False,정보충분
J18_S000715,불만제기,배송확인,배송확인,False,False,True,False,정보충분
J18_S000754,불만제기,배송확인,환불요청,False,True,False,False,정보충분
J18_S001124,불만제기,배송확인,배송확인,False,False,False,False,정보충분
J18_S001213,불만제기,배송확인,환불요청,False,True,False,False,정보충분
J18_S001234,불만제기,서비스이용,배송확인,False,True,True,True,정보부족(infopoor)
J18_S001273,불만제기,배송확인,배송확인,False,False,True,False,정보충분
J18_S001300,불만제기,배송확인,배송확인,False,False,False,False,정보충분
J18_S001379,불만제기,배송확인,배송확인,False,False,False,False,정보충분
J18_S001404,불만제기,배송확인,배송확인,False,False,True,False,정보충분
J18_S001443,불만제기,환불요청,환불요청,False,False,False,False,정보충분
J18_S001493,불만제기,환불요청,환불요청,False,False,False,False,정보충분
J18_S001519,불만제기,배송확인,배송확인,False,False,True,False,정보충분
J18_S001558,불만제기,배송확인,배송확인,False,False,False,False,정보충분
J18_S001626,불만제기,배송확인,배송확인,False,False,False,False,정보충분
J18_S001641,불만제기,배송확인,불만제기,True,True,True,True,정보부족(infopoor)
J18_S001651,불만제기,배송확인,배송확인,False,False,False,False,정보충분
J18_S001710,불만제기,배송확인,배송확인,False,False,False,False,정보충분
J18_S001757,불만제기,환불요청,환불요청,False,False,False,False,정보충분
J18_S001918,불만제기,교환반품,교환반품,False,False,True,False,정보충분
J18_S001939,불만제기,배송확인,배송확인,False,False,True,False,정보충분
J18_S001949,불만제기,서비스이용,환불요청,False,True,False,False,정보충분
J18_S002033,불만제기,주문취소,주문취소,False,False,False,False,정보충분
J18_S002099,불만제기,구매진행,배송확인,False,True,False,False,정보충분
J18_S002121,불만제기,구매진행,주문취소,False,True,False,False,정보충분
J18_S002194,불만제기,배송확인,배송확인,False,False,True,False,정보충분
J18_S002226,불만제기,배송확인,배송확인,False,False,False,False,정보충분
J18_S002384,불만제기,배송확인,배송확인,False,False,True,False,정보충분
J18_S002515,불만제기,교환반품,배송확인,False,True,True,True,정보부족(infopoor)
J18_S002649,불만제기,배송확인,배송확인,False,False,False,False,정보충분
J18_S002705,불만제기,배송확인,배송확인,False,False,True,False,정보충분
J18_S003088,불만제기,배송확인,불만제기,True,True,False,True,정보부족(infopoor)
J18_S003272,불만제기,배송확인,배송확인,False,False,False,False,정보충분
J18_S003278,불만제기,배송확인,배송확인,False,False,False,False,정보충분
J18_S003365,불만제기,배송확인,교환반품,False,True,False,False,정보충분
J18_S003559,불만제기,배송확인,불만제기,True,True,False,True,정보부족(infopoor)
J18_S003582,불만제기,배송확인,배송확인,False,False,False,False,정보충분
J18_S003729,불만제기,배송확인,배송확인,False,False,True,False,정보충분
J18_S003814,불만제기,배송확인,배송확인,False,False,False,False,정보충분
J18_S003826,불만제기,서비스이용,불만제기,True,True,False,True,정보부족(infopoor)
J18_S003891,불만제기,배송확인,배송확인,False,False,True,False,정보충분
J18_S003995,불만제기,배송확인,배송확인,False,False,False,False,정보충분
J18_S004053,불만제기,배송확인,배송확인,False,False,True,False,정보충분
J18_S004084,불만제기,배송확인,배송확인,False,False,False,False,정보충분
J18_S004090,불만제기,배송확인,배송확인,False,False,False,False,정보충분
J18_S004155,불만제기,환불요청,환불요청,False,False,False,False,정보충분
J18_S004290,불만제기,서비스이용,서비스이용,False,False,False,False,정보충분
J18_S004296,불만제기,배송확인,배송확인,False,False,False,False,정보충분
J18_S004379,불만제기,배송확인,배송확인,False,False,False,False,정보충분
J18_S004500,불만제기,배송확인,배송확인,False,False,False,False,정보충분
J18_S004632,불만제기,교환반품,환불요청,False,True,True,True,정보부족(infopoor)
J18_S004634,불만제기,환불요청,교환반품,False,True,True,True,정보부족(infopoor)
J18_S004653,불만제기,배송확인,배송확인,False,False,False,False,정보충분
J18_S004683,불만제기,교환반품,배송확인,False,True,False,False,정보충분
J18_S004761,불만제기,환불요청,환불요청,False,False,False,False,정보충분
J18_S004803,불만제기,교환반품,교환반품,False,False,True,False,정보충분
J18_S004872,불만제기,배송확인,배송확인,False,False,False,False,정보충분
J18_S005053,불만제기,배송확인,배송확인,False,False,False,False,정보충분
J18_S005123,불만제기,배송확인,배송확인,False,False,False,False,정보충분
J18_S005269,불만제기,배송확인,배송확인,False,False,False,False,정보충분
J18_S005280,불만제기,환불요청,주문취소,False,True,False,False,정보충분
J18_S005502,불만제기,배송확인,배송확인,False,False,False,False,정보충분
J18_S005530,불만제기,배송확인,배송확인,False,False,False,False,정보충분
J18_S005541,불만제기,환불요청,환불요청,False,False,False,False,정보충분
J18_S005740,불만제기,배송확인,배송확인,False,False,False,False,정보충분
J18_S006037,불만제기,환불요청,배송확인,False,True,False,False,정보충분
J18_S006100,불만제기,교환반품,환불요청,False,True,False,False,정보충분
J18_S006104,불만제기,교환반품,교환반품,False,False,False,False,정보충분
J18_S006153,불만제기,배송확인,배송확인,False,False,False,False,정보충분
J18_S006231,불만제기,서비스이용,배송확인,False,True,True,True,정보부족(infopoor)
J18_S006247,불만제기,환불요청,환불요청,False,False,True,False,정보충분
J18_S006308,불만제기,배송확인,배송확인,False,False,False,False,정보충분
J18_S006335,불만제기,배송확인,배송확인,False,False,True,False,정보충분
J18_S006474,불만제기,배송확인,서비스이용,False,True,False,False,정보충분
J18_S006495,불만제기,배송확인,환불요청,False,True,True,True,정보부족(infopoor)
J18_S006546,불만제기,환불요청,환불요청,False,False,False,False,정보충분
J18_S006725,불만제기,배송확인,배송확인,False,False,False,False,정보충분
J18_S006985,불만제기,환불요청,환불요청,False,False,False,False,정보충분
J18_S007106,불만제기,환불요청,환불요청,False,False,False,False,정보충분
J18_S007231,불만제기,환불요청,환불요청,False,False,True,False,정보충분
J18_S007308,불만제기,환불요청,환불요청,False,False,True,False,정보충분
J18_S007428,불만제기,교환반품,환불요청,False,True,False,False,정보충분
J18_S007438,불만제기,구매진행,주문취소,False,True,True,True,정보부족(infopoor)
J18_S007540,불만제기,환불요청,교환반품,False,True,True,True,정보부족(infopoor)
J18_S007640,불만제기,배송확인,배송확인,False,False,False,False,정보충분
J18_S007703,불만제기,배송확인,배송확인,False,False,True,False,정보충분
J18_S007723,불만제기,환불요청,환불요청,False,False,False,False,정보충분
J18_S007817,불만제기,환불요청,환불요청,False,False,False,False,정보충분
J18_S007945,불만제기,서비스이용,배송확인,False,True,True,True,정보부족(infopoor)
J18_S007988,불만제기,환불요청,환불요청,False,False,True,False,정보충분
J18_S008036,불만제기,교환반품,교환반품,False,False,False,False,정보충분
J18_S008480,불만제기,배송확인,배송확인,False,False,False,False,정보충분
J18_S008823,불만제기,서비스이용,배송확인,False,True,True,True,정보부족(infopoor)
J18_S009091,불만제기,배송확인,배송확인,False,False,False,False,정보충분
J18_S009173,불만제기,배송확인,배송확인,False,False,False,False,정보충분
J18_S009267,불만제기,배송확인,배송확인,False,False,False,False,정보충분
J18_S009346,불만제기,배송확인,배송확인,False,False,True,False,정보충분
J18_S009562,불만제기,배송확인,배송확인,False,False,False,False,정보충분
J18_S009866,불만제기,배송확인,배송확인,False,False,False,False,정보충분
J18_S010047,불만제기,배송확인,배송확인,False,False,True,False,정보충분
J18_S010188,불만제기,배송확인,배송확인,False,False,False,False,정보충분
J18_S010362,불만제기,배송확인,배송확인,False,False,False,False,정보충분
J18_S010833,불만제기,배송확인,환불요청,False,True,False,False,정보충분
J18_S011040,불만제기,주문취소,환불요청,False,True,False,False,정보충분
J18_S011504,불만제기,구매진행,배송확인,False,True,False,False,정보충분
J18_S011696,불만제기,환불요청,환불요청,False,False,False,False,정보충분
J18_S011832,불만제기,환불요청,환불요청,False,False,False,False,정보충분
J18_S012016,불만제기,배송확인,배송확인,False,False,False,False,정보충분
J18_S012148,불만제기,환불요청,환불요청,False,False,False,False,정보충분
J18_S012269,불만제기,환불요청,환불요청,False,False,False,False,정보충분
J18_S012277,불만제기,교환반품,교환반품,False,False,False,False,정보충분
J18_S012309,불만제기,배송확인,불만제기,True,True,False,True,정보부족(infopoor)
J18_S012433,불만제기,배송확인,배송확인,False,False,False,False,정보충분
J18_S012583,불만제기,배송확인,배송확인,False,False,False,False,정보충분
J18_S012661,불만제기,환불요청,환불요청,False,False,False,False,정보충분
J18_S012717,불만제기,환불요청,환불요청,False,False,True,False,정보충분
J18_S012954,불만제기,배송확인,배송확인,False,False,False,False,정보충분
J18_S012980,불만제기,배송확인,배송확인,False,False,True,False,정보충분
J18_S013267,불만제기,환불요청,환불요청,False,False,False,False,정보충분
J18_S013307,불만제기,환불요청,환불요청,False,False,False,False,정보충분
J18_S013356,불만제기,환불요청,교환반품,False,True,False,False,정보충분
J18_S013371,불만제기,배송확인,배송확인,False,False,True,False,정보충분
J18_S013479,불만제기,배송확인,배송확인,False,False,False,False,정보충분
J18_S013594,불만제기,주문취소,배송확인,False,True,False,False,정보충분
J18_S013762,불만제기,서비스이용,배송확인,False,True,True,True,정보부족(infopoor)
J18_S013825,불만제기,서비스이용,주문취소,False,True,True,True,정보부족(infopoor)
J18_S013837,불만제기,환불요청,환불요청,False,False,False,False,정보충분
J18_S013850,불만제기,교환반품,배송확인,False,True,True,True,정보부족(infopoor)
J18_S013910,불만제기,환불요청,환불요청,False,False,False,False,정보충분
J18_S014095,불만제기,배송확인,배송확인,False,False,False,False,정보충분
J18_S014160,불만제기,환불요청,환불요청,False,False,False,False,정보충분
J18_S014172,불만제기,배송확인,배송확인,False,False,False,False,정보충분
J18_S014181,불만제기,환불요청,환불요청,False,False,False,False,정보충분
J18_S014404,불만제기,환불요청,환불요청,False,False,False,False,정보충분
J18_S014416,불만제기,교환반품,환불요청,False,True,False,False,정보충분
J18_S014553,불만제기,배송확인,배송확인,False,False,True,False,정보충분
J18_S014582,불만제기,배송확인,배송확인,False,False,True,False,정보충분
J18_S014606,불만제기,교환반품,교환반품,False,False,True,False,정보충분
J18_S014663,불만제기,배송확인,배송확인,False,False,False,False,정보충분
J18_S014684,불만제기,서비스이용,배송확인,False,True,False,False,정보충분
J18_S014785,불만제기,환불요청,환불요청,False,False,True,False,정보충분
J18_S014929,불만제기,환불요청,주문취소,False,True,True,True,정보부족(infopoor)
J18_S014946,불만제기,교환반품,교환반품,False,False,False,False,정보충분
J18_S015134,불만제기,환불요청,환불요청,False,False,False,False,정보충분
J18_S015177,불만제기,배송확인,배송확인,False,False,False,False,정보충분
J18_S015241,불만제기,환불요청,환불요청,False,False,True,False,정보충분
J18_S015318,불만제기,교환반품,배송확인,False,True,False,False,정보충분
J18_S015434,불만제기,환불요청,환불요청,False,False,False,False,정보충분
J18_S015483,불만제기,환불요청,환불요청,False,False,True,False,정보충분
J18_S015488,불만제기,환불요청,교환반품,False,True,False,False,정보충분
J18_S015529,불만제기,주문취소,환불요청,False,True,False,False,정보충분
J18_S015534,불만제기,환불요청,환불요청,False,False,True,False,정보충분
J18_S015620,불만제기,배송확인,배송확인,False,False,True,False,정보충분
J18_S016028,불만제기,배송확인,배송확인,False,False,True,False,정보충분
J18_S016128,불만제기,환불요청,환불요청,False,False,False,False,정보충분
J18_S016183,불만제기,배송확인,배송확인,False,False,False,False,정보충분
J18_S016495,불만제기,환불요청,서비스이용,False,True,False,False,정보충분
J18_S016542,불만제기,배송확인,배송확인,False,False,False,False,정보충분
J18_S016601,불만제기,서비스이용,배송확인,False,True,True,True,정보부족(infopoor)
J18_S016660,불만제기,교환반품,교환반품,False,False,False,False,정보충분
J18_S016726,불만제기,환불요청,환불요청,False,False,False,False,정보충분
J18_S016948,불만제기,주문취소,환불요청,False,True,False,False,정보충분
J18_S017025,불만제기,배송확인,배송확인,False,False,False,False,정보충분
J18_S017276,불만제기,환불요청,환불요청,False,False,False,False,정보충분
J18_S017452,불만제기,배송확인,배송확인,False,False,False,False,정보충분
J18_S017471,불만제기,배송확인,배송확인,False,False,False,False,정보충분
J18_S017596,불만제기,배송확인,배송확인,False,False,False,False,정보충분
J18_S017611,불만제기,배송확인,배송확인,False,False,False,False,정보충분
J18_S017957,불만제기,교환반품,교환반품,False,False,False,False,정보충분
J18_S018111,불만제기,주문취소,환불요청,False,True,False,False,정보충분
J18_S018151,불만제기,서비스이용,환불요청,False,True,True,True,정보부족(infopoor)
J18_S018323,불만제기,배송확인,불만제기,True,True,False,True,정보부족(infopoor)
J18_S018353,불만제기,배송확인,배송확인,False,False,False,False,정보충분
J18_S018435,불만제기,환불요청,환불요청,False,False,True,False,정보충분
J18_S018501,불만제기,배송확인,배송확인,False,False,False,False,정보충분
J18_S018545,불만제기,배송확인,배송확인,False,False,False,False,정보충분
J18_S018587,불만제기,배송확인,배송확인,False,False,False,False,정보충분
J18_S018804,불만제기,환불요청,환불요청,False,False,True,False,정보충분
J18_S019003,불만제기,배송확인,배송확인,False,False,True,False,정보충분
J18_S019096,불만제기,환불요청,환불요청,False,False,False,False,정보충분
J18_S019216,불만제기,배송확인,배송확인,False,False,False,False,정보충분
J18_S019349,불만제기,배송확인,배송확인,False,False,True,False,정보충분
J18_S019451,불만제기,배송확인,배송확인,False,False,False,False,정보충분
J18_S019704,불만제기,환불요청,환불요청,False,False,False,False,정보충분
J18_S019729,불만제기,환불요청,환불요청,False,False,False,False,정보충분
J18_S019730,불만제기,환불요청,환불요청,False,False,False,False,정보충분
J18_S019771,불만제기,배송확인,환불요청,False,True,False,False,정보충분
J18_S019956,불만제기,배송확인,배송확인,False,False,False,False,정보충분
J18_S019987,불만제기,환불요청,환불요청,False,False,True,False,정보충분
J18_S020062,불만제기,환불요청,교환반품,False,True,True,True,정보부족(infopoor)
J18_S020143,불만제기,환불요청,환불요청,False,False,False,False,정보충분
J18_S020444,불만제기,배송확인,배송확인,False,False,False,False,정보충분
J18_S020556,불만제기,배송확인,배송확인,False,False,True,False,정보충분
J18_S020904,불만제기,배송확인,배송확인,False,False,False,False,정보충분
J18_S020931,불만제기,배송확인,배송확인,False,False,False,False,정보충분
J18_S021058,불만제기,배송확인,배송확인,False,False,False,False,정보충분
J18_S021153,불만제기,환불요청,환불요청,False,False,False,False,정보충분
J18_S021184,불만제기,배송확인,배송확인,False,False,False,False,정보충분
J18_S021444,불만제기,배송확인,배송확인,False,False,False,False,정보충분
J18_S021510,불만제기,교환반품,교환반품,False,False,False,False,정보충분
J18_S021541,불만제기,서비스이용,배송확인,False,True,False,False,정보충분
J18_S021891,불만제기,환불요청,환불요청,False,False,True,False,정보충분
J18_S022112,불만제기,환불요청,환불요청,False,False,False,False,정보충분
J18_S022195,불만제기,배송확인,서비스이용,False,True,False,False,정보충분
J18_S022271,불만제기,배송확인,환불요청,False,True,False,False,정보충분
J18_S022429,불만제기,배송확인,배송확인,False,False,False,False,정보충분
J18_S022461,불만제기,배송확인,배송확인,False,False,False,False,정보충분
J18_S022484,불만제기,서비스이용,환불요청,False,True,False,False,정보충분
J18_S022896,불만제기,배송확인,배송확인,False,False,False,False,정보충분
J18_S023050,불만제기,환불요청,배송확인,False,True,False,False,정보충분
J18_S023290,불만제기,배송확인,배송확인,False,False,True,False,정보충분
J19_S000116,불만제기,환불요청,환불요청,False,False,False,False,정보충분
J19_S000240,불만제기,환불요청,환불요청,False,False,False,False,정보충분
J19_S000492,불만제기,환불요청,환불요청,False,False,False,False,정보충분
J19_S000910,불만제기,환불요청,환불요청,False,False,True,False,정보충분
J19_S001205,불만제기,환불요청,환불요청,False,False,True,False,정보충분
J19_S001267,불만제기,환불요청,환불요청,False,False,False,False,정보충분
J19_S002511,불만제기,배송확인,환불요청,False,True,False,False,정보충분
J19_S002553,불만제기,주문취소,교환반품,False,True,False,False,정보충분
J19_S003033,불만제기,환불요청,서비스이용,False,True,False,False,정보충분
J19_S003216,불만제기,환불요청,주문취소,False,True,False,False,정보충분
J19_S003294,불만제기,환불요청,환불요청,False,False,False,False,정보충분
J19_S003370,불만제기,환불요청,환불요청,False,False,False,False,정보충분
J19_S004278,불만제기,환불요청,환불요청,False,False,False,False,정보충분
J19_S004851,불만제기,환불요청,환불요청,False,False,False,False,정보충분
J19_S004900,불만제기,환불요청,환불요청,False,False,False,False,정보충분
J19_S005486,불만제기,환불요청,환불요청,False,False,False,False,정보충분
J19_S005522,불만제기,환불요청,환불요청,False,False,False,False,정보충분
J19_S005915,불만제기,환불요청,환불요청,False,False,True,False,정보충분
J19_S006685,불만제기,환불요청,환불요청,False,False,False,False,정보충분
J19_S007884,불만제기,서비스이용,환불요청,False,True,False,False,정보충분
J19_S008260,불만제기,주문취소,배송확인,False,True,True,True,정보부족(infopoor)
J19_S008516,불만제기,주문취소,환불요청,False,True,False,False,정보충분
J19_S008616,불만제기,환불요청,환불요청,False,False,True,False,정보충분
J19_S008710,불만제기,주문취소,교환반품,False,True,False,False,정보충분
J19_S008840,불만제기,서비스이용,배송확인,False,True,True,True,정보부족(infopoor)
J19_S009364,불만제기,주문취소,주문취소,False,False,False,False,정보충분
J19_S009930,불만제기,환불요청,환불요청,False,False,False,False,정보충분
J19_S009968,불만제기,환불요청,환불요청,False,False,False,False,정보충분
J19_S010559,불만제기,환불요청,환불요청,False,False,False,False,정보충분
J19_S011293,불만제기,환불요청,환불요청,False,False,False,False,정보충분
J19_S011331,불만제기,환불요청,환불요청,False,False,False,False,정보충분
J19_S012401,불만제기,환불요청,주문취소,False,True,False,False,정보충분
J19_S012443,불만제기,환불요청,교환반품,False,True,True,True,정보부족(infopoor)
J19_S012586,불만제기,환불요청,환불요청,False,False,False,False,정보충분
J19_S012706,불만제기,환불요청,불만제기,True,True,False,True,정보부족(infopoor)
J19_S012762,불만제기,환불요청,환불요청,False,False,False,False,정보충분
J19_S012998,불만제기,배송확인,배송확인,False,False,False,False,정보충분
J19_S013117,불만제기,환불요청,환불요청,False,False,False,False,정보충분
J19_S013178,불만제기,환불요청,환불요청,False,False,True,False,정보충분
J19_S013249,불만제기,구매진행,환불요청,False,True,False,False,정보충분
J19_S013452,불만제기,환불요청,환불요청,False,False,True,False,정보충분
J19_S013526,불만제기,구매진행,구매진행,False,False,False,False,정보충분
J19_S013884,불만제기,서비스이용,서비스이용,False,False,False,False,정보충분
J19_S014009,불만제기,주문취소,주문취소,False,False,False,False,정보충분
J19_S014354,불만제기,환불요청,환불요청,False,False,False,False,정보충분
J19_S014358,불만제기,환불요청,환불요청,False,False,False,False,정보충분
J19_S014379,불만제기,환불요청,환불요청,False,False,False,False,정보충분
J19_S014977,불만제기,교환반품,교환반품,False,False,True,False,정보충분
J19_S015195,불만제기,환불요청,환불요청,False,False,True,False,정보충분
J19_S015223,불만제기,주문취소,구매진행,False,True,False,False,정보충분
J19_S015252,불만제기,구매진행,주문취소,False,True,True,True,정보부족(infopoor)
J19_S016319,불만제기,환불요청,환불요청,False,False,False,False,정보충분
J19_S016360,불만제기,환불요청,환불요청,False,False,True,False,정보충분
J19_S016365,불만제기,환불요청,환불요청,False,False,True,False,정보충분
J19_S017159,불만제기,환불요청,환불요청,False,False,False,False,정보충분
J19_S017238,불만제기,환불요청,환불요청,False,False,False,False,정보충분
J19_S017367,불만제기,환불요청,환불요청,False,False,False,False,정보충분
J19_S017573,불만제기,서비스이용,환불요청,False,True,True,True,정보부족(infopoor)
J19_S017748,불만제기,구매진행,구매진행,False,False,True,False,정보충분
J19_S017833,불만제기,환불요청,교환반품,False,True,False,False,정보충분
J19_S018223,불만제기,구매진행,환불요청,False,True,True,True,정보부족(infopoor)
J19_S018399,불만제기,환불요청,환불요청,False,False,False,False,정보충분
J19_S018463,불만제기,환불요청,환불요청,False,False,False,False,정보충분
J19_S018658,불만제기,환불요청,환불요청,False,False,False,False,정보충분
J19_S019114,불만제기,환불요청,환불요청,False,False,True,False,정보충분
J19_S019216,불만제기,환불요청,환불요청,False,False,False,False,정보충분
J19_S019224,불만제기,서비스이용,환불요청,False,True,False,False,정보충분
J19_S019254,불만제기,환불요청,주문취소,False,True,False,False,정보충분
J19_S019525,불만제기,환불요청,환불요청,False,False,False,False,정보충분
J19_S019566,불만제기,주문취소,환불요청,False,True,False,False,정보충분
J19_S019583,불만제기,환불요청,환불요청,False,False,False,False,정보충분
J19_S019759,불만제기,환불요청,환불요청,False,False,False,False,정보충분
J19_S020070,불만제기,환불요청,환불요청,False,False,False,False,정보충분
J19_S020198,불만제기,환불요청,환불요청,False,False,False,False,정보충분
J19_S020315,불만제기,환불요청,환불요청,False,False,False,False,정보충분
J19_S020317,불만제기,서비스이용,환불요청,False,True,False,False,정보충분
J19_S020348,불만제기,환불요청,환불요청,False,False,False,False,정보충분
J19_S020588,불만제기,환불요청,환불요청,False,False,False,False,정보충분
J19_S020762,불만제기,구매진행,환불요청,False,True,False,False,정보충분
J19_S021065,불만제기,배송확인,주문취소,False,True,False,False,정보충분
J19_S021373,불만제기,환불요청,환불요청,False,False,False,False,정보충분
J19_S021380,불만제기,환불요청,환불요청,False,False,False,False,정보충분
J19_S021835,불만제기,환불요청,환불요청,False,False,False,False,정보충분
J19_S021900,불만제기,배송확인,배송확인,False,False,False,False,정보충분
J19_S021944,불만제기,환불요청,환불요청,False,False,False,False,정보충분
J19_S022521,불만제기,서비스이용,구매진행,False,True,False,False,정보충분
J19_S022881,불만제기,환불요청,환불요청,False,False,False,False,정보충분
J19_S023435,불만제기,배송확인,배송확인,False,False,True,False,정보충분
J19_S023497,불만제기,주문취소,환불요청,False,True,False,False,정보충분
J19_S023782,불만제기,환불요청,환불요청,False,False,False,False,정보충분
J19_S024097,불만제기,환불요청,환불요청,False,False,False,False,정보충분
J19_S024194,불만제기,환불요청,환불요청,False,False,False,False,정보충분
J19_S024279,불만제기,환불요청,환불요청,False,False,False,False,정보충분
J19_S024582,불만제기,환불요청,환불요청,False,False,False,False,정보충분
J19_S024990,불만제기,주문취소,주문취소,False,False,False,False,정보충분
J19_S024992,불만제기,주문취소,주문취소,False,False,False,False,정보충분
J19_S025006,불만제기,환불요청,환불요청,False,False,False,False,정보충분
J19_S025212,불만제기,환불요청,환불요청,False,False,True,False,정보충분
J19_S025276,불만제기,구매진행,구매진행,False,False,False,False,정보충분
J19_S025748,불만제기,환불요청,환불요청,False,False,False,False,정보충분
J19_S025993,불만제기,환불요청,환불요청,False,False,False,False,정보충분
J19_S026038,불만제기,구매진행,배송확인,False,True,False,False,정보충분
J19_S026410,불만제기,환불요청,환불요청,False,False,False,False,정보충분
J19_S026825,불만제기,환불요청,환불요청,False,False,False,False,정보충분
J19_S026926,불만제기,구매진행,구매진행,False,False,False,False,정보충분
J19_S026989,불만제기,환불요청,환불요청,False,False,False,False,정보충분
J19_S027343,불만제기,주문취소,주문취소,False,False,False,False,정보충분
J19_S028015,불만제기,환불요청,환불요청,False,False,False,False,정보충분
J19_S028167,불만제기,서비스이용,서비스이용,False,False,False,False,정보충분
J19_S028434,불만제기,환불요청,환불요청,False,False,False,False,정보충분
J19_S028529,불만제기,환불요청,환불요청,False,False,False,False,정보충분
J19_S028731,불만제기,배송확인,배송확인,False,False,False,False,정보충분
J19_S029105,불만제기,환불요청,서비스이용,False,True,False,False,정보충분
J19_S029272,불만제기,환불요청,불만제기,True,True,False,True,정보부족(infopoor)
J19_S029282,불만제기,배송확인,배송확인,False,False,False,False,정보충분
J19_S029307,불만제기,서비스이용,환불요청,False,True,False,False,정보충분
J19_S029345,불만제기,환불요청,환불요청,False,False,True,False,정보충분
J19_S029581,불만제기,환불요청,환불요청,False,False,False,False,정보충분
J19_S029583,불만제기,환불요청,환불요청,False,False,True,False,정보충분
J19_S029693,불만제기,서비스이용,구매진행,False,True,False,False,정보충분
J19_S029736,불만제기,환불요청,환불요청,False,False,False,False,정보충분
J19_S029839,불만제기,환불요청,환불요청,False,False,False,False,정보충분
J19_S029876,불만제기,환불요청,환불요청,False,False,False,False,정보충분
J19_S030042,불만제기,환불요청,환불요청,False,False,False,False,정보충분
J19_S030066,불만제기,환불요청,환불요청,False,False,True,False,정보충분
J19_S030126,불만제기,서비스이용,교환반품,False,True,False,False,정보충분
J19_S030195,불만제기,주문취소,환불요청,False,True,False,False,정보충분
J19_S030229,불만제기,환불요청,환불요청,False,False,False,False,정보충분
J19_S030350,불만제기,환불요청,환불요청,False,False,False,False,정보충분
J19_S030552,불만제기,환불요청,구매진행,False,True,False,False,정보충분
J19_S031043,불만제기,환불요청,환불요청,False,False,False,False,정보충분
J19_S031079,불만제기,환불요청,환불요청,False,False,False,False,정보충분
J19_S031367,불만제기,환불요청,환불요청,False,False,False,False,정보충분
J19_S031419,불만제기,환불요청,환불요청,False,False,False,False,정보충분
J19_S031493,불만제기,환불요청,환불요청,False,False,False,False,정보충분
J19_S031536,불만제기,환불요청,환불요청,False,False,False,False,정보충분
J19_S031629,불만제기,서비스이용,주문취소,False,True,True,True,정보부족(infopoor)
J19_S031630,불만제기,환불요청,환불요청,False,False,False,False,정보충분
J19_S031796,불만제기,구매진행,구매진행,False,False,True,False,정보충분
J19_S031817,불만제기,배송확인,배송확인,False,False,True,False,정보충분
J19_S031987,불만제기,환불요청,환불요청,False,False,False,False,정보충분
J19_S032439,불만제기,배송확인,배송확인,False,False,False,False,정보충분
J19_S032468,불만제기,환불요청,환불요청,False,False,False,False,정보충분
J19_S032531,불만제기,환불요청,교환반품,False,True,False,False,정보충분
J19_S032561,불만제기,배송확인,배송확인,False,False,False,False,정보충분
J19_S032614,불만제기,환불요청,배송확인,False,True,False,False,정보충분
J19_S032621,불만제기,서비스이용,구매진행,False,True,False,False,정보충분
J19_S032693,불만제기,환불요청,환불요청,False,False,False,False,정보충분
J19_S032800,불만제기,배송확인,배송확인,False,False,False,False,정보충분
J19_S032808,불만제기,서비스이용,환불요청,False,True,True,True,정보부족(infopoor)
J19_S033310,불만제기,환불요청,교환반품,False,True,False,False,정보충분
J19_S033335,불만제기,환불요청,환불요청,False,False,True,False,정보충분
J19_S033535,불만제기,환불요청,환불요청,False,False,False,False,정보충분
J19_S033856,불만제기,환불요청,환불요청,False,False,False,False,정보충분
J19_S033927,불만제기,배송확인,배송확인,False,False,True,False,정보충분
J19_S034190,불만제기,주문취소,환불요청,False,True,True,True,정보부족(infopoor)
J19_S034278,불만제기,교환반품,환불요청,False,True,True,True,정보부족(infopoor)
J19_S034354,불만제기,환불요청,환불요청,False,False,False,False,정보충분
J19_S034502,불만제기,배송확인,배송확인,False,False,False,False,정보충분
J19_S034637,불만제기,환불요청,환불요청,False,False,False,False,정보충분
J19_S034901,불만제기,환불요청,환불요청,False,False,False,False,정보충분
J19_S035051,불만제기,환불요청,환불요청,False,False,False,False,정보충분
J19_S035058,불만제기,배송확인,교환반품,False,True,False,False,정보충분
J19_S035077,불만제기,주문취소,배송확인,False,True,False,False,정보충분
J19_S035170,불만제기,배송확인,배송확인,False,False,False,False,정보충분
J19_S035212,불만제기,서비스이용,구매진행,False,True,False,False,정보충분
J19_S035242,불만제기,주문취소,교환반품,False,True,True,True,정보부족(infopoor)
J19_S035383,불만제기,배송확인,환불요청,False,True,False,False,정보충분
J19_S035479,불만제기,배송확인,배송확인,False,False,False,False,정보충분
J19_S035497,불만제기,배송확인,배송확인,False,False,False,False,정보충분
J19_S035509,불만제기,환불요청,환불요청,False,False,False,False,정보충분
J19_S035540,불만제기,주문취소,환불요청,False,True,True,True,정보부족(infopoor)
J19_S035698,불만제기,환불요청,환불요청,False,False,False,False,정보충분
J19_S035815,불만제기,배송확인,배송확인,False,False,False,False,정보충분
J19_S035954,불만제기,배송확인,배송확인,False,False,False,False,정보충분
J19_S035972,불만제기,배송확인,배송확인,False,False,False,False,정보충분
J19_S036041,불만제기,배송확인,불만제기,True,True,True,True,정보부족(infopoor)
J19_S036334,불만제기,배송확인,배송확인,False,False,False,False,정보충분
J19_S036628,불만제기,환불요청,교환반품,False,True,False,False,정보충분
J19_S036894,불만제기,환불요청,교환반품,False,True,False,False,정보충분
J19_S037285,불만제기,주문취소,주문취소,False,False,False,False,정보충분
J19_S037439,불만제기,환불요청,환불요청,False,False,False,False,정보충분
J19_S037534,불만제기,배송확인,배송확인,False,False,False,False,정보충분
J19_S037651,불만제기,환불요청,환불요청,False,False,False,False,정보충분
J19_S037696,불만제기,구매진행,환불요청,False,True,False,False,정보충분
J19_S037719,불만제기,배송확인,배송확인,False,False,True,False,정보충분
J19_S037787,불만제기,환불요청,환불요청,False,False,False,False,정보충분
J19_S037801,불만제기,환불요청,환불요청,False,False,False,False,정보충분
J16_S000274,환불요청,주문취소,주문취소,False,False,True,False,정보충분
J16_S000853,배송확인,서비스이용,서비스이용,False,False,False,False,정보충분
J16_S000897,배송확인,서비스이용,서비스이용,False,False,False,False,정보충분
J16_S000915,환불요청,서비스이용,환불요청,True,True,False,True,정보부족(infopoor)
J16_S001576,배송확인,서비스이용,배송확인,True,True,False,True,정보부족(infopoor)
J16_S001584,서비스이용,구매진행,배송확인,False,True,True,True,정보부족(infopoor)
J16_S001619,환불요청,서비스이용,교환반품,False,True,False,False,정보충분
J16_S001622,환불요청,배송확인,불만제기,False,True,True,True,정보부족(infopoor)
J16_S002323,환불요청,구매진행,주문취소,False,True,True,True,정보부족(infopoor)
J16_S002491,배송확인,구매진행,배송확인,True,True,True,True,정보부족(infopoor)
J16_S002623,환불요청,구매진행,환불요청,True,True,True,True,정보부족(infopoor)
J16_S003724,환불요청,구매진행,구매진행,False,False,True,False,정보충분
J16_S004080,환불요청,서비스이용,서비스이용,False,False,True,False,정보충분
J16_S004392,배송확인,서비스이용,배송확인,True,True,True,True,정보부족(infopoor)
J16_S004492,환불요청,서비스이용,서비스이용,False,False,False,False,정보충분
J16_S005149,환불요청,구매진행,환불요청,True,True,True,True,정보부족(infopoor)
J16_S005263,환불요청,구매진행,구매진행,False,False,False,False,정보충분
J16_S005450,환불요청,서비스이용,환불요청,True,True,True,True,정보부족(infopoor)
J16_S005599,배송확인,서비스이용,서비스이용,False,False,False,False,정보충분
J16_S006166,주문취소,환불요청,환불요청,False,False,False,False,정보충분
J17_S000244,배송확인,구매진행,배송확인,True,True,False,True,정보부족(infopoor)
J17_S000470,환불요청,구매진행,환불요청,True,True,False,True,정보부족(infopoor)
J17_S000584,환불요청,서비스이용,서비스이용,False,False,False,False,정보충분
J17_S000786,환불요청,서비스이용,환불요청,True,True,False,True,정보부족(infopoor)
J17_S000920,환불요청,서비스이용,주문취소,False,True,True,True,정보부족(infopoor)
J17_S000927,배송확인,서비스이용,서비스이용,False,False,False,False,정보충분
J17_S001278,환불요청,불만제기,불만제기,False,False,False,False,정보충분
J17_S001375,환불요청,서비스이용,서비스이용,False,False,False,False,정보충분
J17_S001463,환불요청,서비스이용,환불요청,True,True,True,True,정보부족(infopoor)
J17_S001663,환불요청,서비스이용,환불요청,True,True,False,True,정보부족(infopoor)
J17_S002013,주문취소,서비스이용,서비스이용,False,False,True,False,정보충분
J17_S002169,배송확인,서비스이용,서비스이용,False,False,True,False,정보충분
J17_S002177,배송확인,교환반품,교환반품,False,False,True,False,정보충분
J17_S002247,환불요청,구매진행,서비스이용,False,True,False,False,정보충분
J17_S002327,배송확인,서비스이용,서비스이용,False,False,True,False,정보충분
J17_S002730,환불요청,서비스이용,서비스이용,False,False,True,False,정보충분
J17_S003135,환불요청,서비스이용,서비스이용,False,False,False,False,정보충분
J17_S003166,배송확인,서비스이용,배송확인,True,True,False,True,정보부족(infopoor)
J17_S003184,환불요청,서비스이용,서비스이용,False,False,True,False,정보충분
J17_S003394,환불요청,배송확인,환불요청,True,True,False,True,정보부족(infopoor)
J17_S003886,주문취소,서비스이용,주문취소,True,True,True,True,정보부족(infopoor)
J17_S003891,배송확인,주문취소,배송확인,True,True,False,True,정보부족(infopoor)
J17_S003892,배송확인,주문취소,배송확인,True,True,False,True,정보부족(infopoor)
J17_S004653,배송확인,구매진행,배송확인,True,True,False,True,정보부족(infopoor)
J17_S004754,배송확인,구매진행,구매진행,False,False,True,False,정보충분
J17_S005914,환불요청,서비스이용,환불요청,True,True,False,True,정보부족(infopoor)
J17_S005939,구매진행,서비스이용,구매진행,True,True,False,True,정보부족(infopoor)
J17_S005988,환불요청,서비스이용,환불요청,True,True,False,True,정보부족(infopoor)
J17_S006366,환불요청,구매진행,구매진행,False,False,False,False,정보충분
J17_S006554,환불요청,서비스이용,서비스이용,False,False,True,False,정보충분
J17_S006562,환불요청,서비스이용,교환반품,False,True,False,False,정보충분
J18_S000010,환불요청,배송확인,배송확인,False,False,False,False,정보충분
J18_S000014,배송확인,서비스이용,서비스이용,False,False,False,False,정보충분
J18_S000023,환불요청,주문취소,주문취소,False,False,False,False,정보충분
J18_S000025,교환반품,주문취소,주문취소,False,False,False,False,정보충분
J18_S000040,환불요청,서비스이용,환불요청,True,True,False,True,정보부족(infopoor)
J18_S000059,배송확인,서비스이용,배송확인,True,True,False,True,정보부족(infopoor)
J18_S000063,배송확인,교환반품,배송확인,True,True,False,True,정보부족(infopoor)
J18_S000078,환불요청,배송확인,교환반품,False,True,True,True,정보부족(infopoor)
J18_S000084,환불요청,서비스이용,환불요청,True,True,True,True,정보부족(infopoor)
J18_S000129,환불요청,주문취소,주문취소,False,False,False,False,정보충분
J18_S000155,환불요청,교환반품,환불요청,True,True,False,True,정보부족(infopoor)
J18_S000163,환불요청,배송확인,환불요청,True,True,True,True,정보부족(infopoor)
J18_S000171,환불요청,교환반품,환불요청,True,True,False,True,정보부족(infopoor)
J18_S000177,환불요청,서비스이용,주문취소,False,True,True,True,정보부족(infopoor)
J18_S000193,환불요청,교환반품,교환반품,False,False,False,False,정보충분
J18_S000209,환불요청,배송확인,교환반품,False,True,False,False,정보충분
J18_S000211,환불요청,불만제기,서비스이용,False,True,False,False,정보충분
J18_S000220,환불요청,배송확인,배송확인,False,False,False,False,정보충분
J18_S000225,환불요청,교환반품,교환반품,False,False,False,False,정보충분
J18_S000232,배송확인,서비스이용,서비스이용,False,False,True,False,정보충분
J18_S000238,배송확인,서비스이용,배송확인,True,True,True,True,정보부족(infopoor)
J18_S000308,환불요청,주문취소,환불요청,True,True,False,True,정보부족(infopoor)
J18_S000314,환불요청,주문취소,주문취소,False,False,False,False,정보충분
J18_S000316,배송확인,서비스이용,서비스이용,False,False,False,False,정보충분
J18_S000328,환불요청,주문취소,교환반품,False,True,False,False,정보충분
J18_S000351,환불요청,배송확인,환불요청,True,True,False,True,정보부족(infopoor)
J18_S000381,환불요청,배송확인,환불요청,True,True,False,True,정보부족(infopoor)
J18_S000388,환불요청,주문취소,환불요청,True,True,True,True,정보부족(infopoor)
J18_S000406,환불요청,구매진행,배송확인,False,True,False,False,정보충분
J18_S000409,구매진행,배송확인,배송확인,False,False,False,False,정보충분
J18_S000415,배송확인,환불요청,배송확인,True,True,True,True,정보부족(infopoor)
J18_S000431,배송확인,구매진행,서비스이용,False,True,True,True,정보부족(infopoor)
J18_S000432,환불요청,서비스이용,서비스이용,False,False,True,False,정보충분
J18_S000437,배송확인,서비스이용,서비스이용,False,False,False,False,정보충분
J18_S000447,배송확인,서비스이용,배송확인,True,True,True,True,정보부족(infopoor)
J18_S000471,환불요청,배송확인,환불요청,True,True,False,True,정보부족(infopoor)
J18_S000475,배송확인,서비스이용,서비스이용,False,False,False,False,정보충분
J18_S000482,배송확인,서비스이용,서비스이용,False,False,False,False,정보충분
J18_S000496,환불요청,주문취소,주문취소,False,False,False,False,정보충분
J18_S000507,환불요청,교환반품,교환반품,False,False,False,False,정보충분
J18_S000570,배송확인,교환반품,배송확인,True,True,False,True,정보부족(infopoor)
J18_S000603,환불요청,주문취소,환불요청,True,True,True,True,정보부족(infopoor)
J18_S000610,배송확인,구매진행,배송확인,True,True,False,True,정보부족(infopoor)
J18_S000636,환불요청,배송확인,배송확인,False,False,False,False,정보충분
J18_S000661,환불요청,주문취소,주문취소,False,False,False,False,정보충분
J18_S000688,환불요청,서비스이용,환불요청,True,True,True,True,정보부족(infopoor)
J18_S000691,환불요청,주문취소,주문취소,False,False,False,False,정보충분
J18_S000725,환불요청,배송확인,교환반품,False,True,True,True,정보부족(infopoor)
J18_S000726,배송확인,환불요청,배송확인,True,True,False,True,정보부족(infopoor)
J18_S000763,환불요청,주문취소,주문취소,False,False,False,False,정보충분
J18_S000766,배송확인,서비스이용,서비스이용,False,False,False,False,정보충분
J18_S000769,배송확인,교환반품,배송확인,True,True,False,True,정보부족(infopoor)
J18_S000777,배송확인,교환반품,교환반품,False,False,False,False,정보충분
J18_S000790,환불요청,배송확인,배송확인,False,False,False,False,정보충분
J18_S000794,환불요청,주문취소,주문취소,False,False,False,False,정보충분
J18_S000795,환불요청,주문취소,주문취소,False,False,False,False,정보충분
J18_S000811,배송확인,환불요청,배송확인,True,True,True,True,정보부족(infopoor)
J18_S000819,환불요청,주문취소,환불요청,True,True,True,True,정보부족(infopoor)
J18_S000829,배송확인,교환반품,배송확인,True,True,False,True,정보부족(infopoor)
J18_S000860,배송확인,구매진행,배송확인,True,True,False,True,정보부족(infopoor)
J18_S000870,환불요청,주문취소,주문취소,False,False,False,False,정보충분
J18_S000882,배송확인,주문취소,배송확인,True,True,False,True,정보부족(infopoor)
J18_S000891,환불요청,서비스이용,서비스이용,False,False,True,False,정보충분
J18_S000904,주문취소,서비스이용,구매진행,False,True,False,False,정보충분
J18_S000911,환불요청,교환반품,교환반품,False,False,False,False,정보충분
J18_S000949,환불요청,서비스이용,서비스이용,False,False,False,False,정보충분
J18_S000964,환불요청,교환반품,교환반품,False,False,False,False,정보충분
J18_S000977,환불요청,교환반품,교환반품,False,False,False,False,정보충분
J18_S000988,환불요청,배송확인,환불요청,True,True,False,True,정보부족(infopoor)
J18_S001000,환불요청,서비스이용,환불요청,True,True,False,True,정보부족(infopoor)
J18_S001024,배송확인,서비스이용,서비스이용,False,False,False,False,정보충분
J18_S001080,배송확인,서비스이용,서비스이용,False,False,False,False,정보충분
J18_S001123,환불요청,주문취소,교환반품,False,True,False,False,정보충분
J18_S001139,환불요청,배송확인,배송확인,False,False,False,False,정보충분
J18_S001169,환불요청,배송확인,배송확인,False,False,False,False,정보충분
J18_S001188,환불요청,주문취소,주문취소,False,False,False,False,정보충분
J18_S001201,배송확인,구매진행,배송확인,True,True,True,True,정보부족(infopoor)
J18_S001215,환불요청,교환반품,교환반품,False,False,True,False,정보충분
J18_S001218,구매진행,배송확인,주문취소,False,True,False,False,정보충분
J18_S001231,배송확인,구매진행,배송확인,True,True,False,True,정보부족(infopoor)
J18_S001233,배송확인,구매진행,배송확인,True,True,True,True,정보부족(infopoor)
J18_S001235,환불요청,교환반품,교환반품,False,False,True,False,정보충분
J18_S001236,환불요청,주문취소,환불요청,True,True,True,True,정보부족(infopoor)
J18_S001271,교환반품,구매진행,환불요청,False,True,False,False,정보충분
J18_S001323,환불요청,구매진행,환불요청,True,True,True,True,정보부족(infopoor)
J18_S001342,환불요청,서비스이용,환불요청,True,True,True,True,정보부족(infopoor)
J18_S001354,환불요청,주문취소,주문취소,False,False,False,False,정보충분
J18_S001391,환불요청,배송확인,환불요청,True,True,True,True,정보부족(infopoor)
J18_S001396,배송확인,서비스이용,서비스이용,False,False,False,False,정보충분
J18_S001397,환불요청,교환반품,교환반품,False,False,False,False,정보충분
J18_S001444,환불요청,교환반품,환불요청,True,True,False,True,정보부족(infopoor)
J18_S001446,환불요청,구매진행,교환반품,False,True,False,False,정보충분
J18_S001466,배송확인,환불요청,환불요청,False,False,True,False,정보충분
J18_S001475,환불요청,주문취소,주문취소,False,False,False,False,정보충분
J18_S001497,환불요청,배송확인,환불요청,True,True,True,True,정보부족(infopoor)
J18_S001563,배송확인,서비스이용,서비스이용,False,False,False,False,정보충분
J18_S001601,배송확인,교환반품,교환반품,False,False,False,False,정보충분
J18_S001631,배송확인,주문취소,배송확인,True,True,False,True,정보부족(infopoor)
J18_S001635,환불요청,주문취소,주문취소,False,False,True,False,정보충분
J18_S001670,환불요청,주문취소,환불요청,True,True,False,True,정보부족(infopoor)
J18_S001749,배송확인,환불요청,배송확인,True,True,False,True,정보부족(infopoor)
J18_S001750,환불요청,배송확인,주문취소,False,True,False,False,정보충분
J18_S001751,환불요청,주문취소,주문취소,False,False,False,False,정보충분
J18_S001755,환불요청,배송확인,주문취소,False,True,True,True,정보부족(infopoor)
J18_S001764,배송확인,구매진행,배송확인,True,True,True,True,정보부족(infopoor)
J18_S001766,환불요청,배송확인,배송확인,False,False,False,False,정보충분
J18_S001776,교환반품,주문취소,주문취소,False,False,False,False,정보충분
J18_S001781,환불요청,주문취소,주문취소,False,False,True,False,정보충분
J18_S001784,배송확인,불만제기,배송확인,True,True,False,True,정보부족(infopoor)
J18_S001799,환불요청,서비스이용,환불요청,True,True,True,True,정보부족(infopoor)
J18_S001837,환불요청,구매진행,환불요청,True,True,False,True,정보부족(infopoor)
J18_S001843,배송확인,교환반품,교환반품,False,False,False,False,정보충분
J18_S001864,환불요청,주문취소,주문취소,False,False,False,False,정보충분
J18_S001865,환불요청,교환반품,환불요청,True,True,False,True,정보부족(infopoor)
J18_S001879,배송확인,서비스이용,서비스이용,False,False,False,False,정보충분
J18_S001914,교환반품,배송확인,배송확인,False,False,False,False,정보충분
J18_S001933,배송확인,서비스이용,서비스이용,False,False,True,False,정보충분
J18_S001938,환불요청,주문취소,교환반품,False,True,False,False,정보충분
J18_S001947,배송확인,서비스이용,서비스이용,False,False,False,False,정보충분
J18_S001970,환불요청,교환반품,교환반품,False,False,True,False,정보충분
J18_S001989,환불요청,교환반품,교환반품,False,False,False,False,정보충분
J18_S001992,환불요청,주문취소,교환반품,False,True,False,False,정보충분
J18_S001994,배송확인,서비스이용,서비스이용,False,False,False,False,정보충분
J18_S002003,배송확인,구매진행,구매진행,False,False,False,False,정보충분
J18_S002026,환불요청,주문취소,주문취소,False,False,False,False,정보충분
J18_S002034,환불요청,배송확인,환불요청,True,True,False,True,정보부족(infopoor)
J18_S002057,배송확인,서비스이용,서비스이용,False,False,False,False,정보충분
J18_S002073,환불요청,불만제기,환불요청,True,True,True,True,정보부족(infopoor)
J18_S002074,환불요청,불만제기,환불요청,True,True,False,True,정보부족(infopoor)
J18_S002082,배송확인,서비스이용,서비스이용,False,False,False,False,정보충분
J18_S002087,배송확인,구매진행,배송확인,True,True,False,True,정보부족(infopoor)
J18_S002089,환불요청,서비스이용,서비스이용,False,False,True,False,정보충분
J18_S002145,환불요청,주문취소,주문취소,False,False,False,False,정보충분
J18_S002152,배송확인,교환반품,교환반품,False,False,False,False,정보충분
J18_S002161,환불요청,배송확인,교환반품,False,True,False,False,정보충분
J18_S002164,배송확인,교환반품,배송확인,True,True,False,True,정보부족(infopoor)
J18_S002206,배송확인,서비스이용,서비스이용,False,False,False,False,정보충분
J18_S002242,환불요청,배송확인,배송확인,False,False,True,False,정보충분
J18_S002268,배송확인,교환반품,교환반품,False,False,False,False,정보충분
J18_S002269,환불요청,교환반품,환불요청,True,True,False,True,정보부족(infopoor)
J18_S002276,환불요청,구매진행,구매진행,False,False,False,False,정보충분
J18_S002280,배송확인,서비스이용,배송확인,True,True,True,True,정보부족(infopoor)
J18_S002289,환불요청,서비스이용,서비스이용,False,False,False,False,정보충분
J18_S002297,환불요청,배송확인,환불요청,True,True,False,True,정보부족(infopoor)
J18_S002322,환불요청,주문취소,환불요청,True,True,False,True,정보부족(infopoor)
J18_S002339,환불요청,서비스이용,교환반품,False,True,True,True,정보부족(infopoor)
J18_S002340,환불요청,교환반품,교환반품,False,False,False,False,정보충분
J18_S002351,환불요청,교환반품,교환반품,False,False,False,False,정보충분
J18_S002352,환불요청,주문취소,주문취소,False,False,False,False,정보충분
J18_S002364,환불요청,배송확인,배송확인,False,False,False,False,정보충분
J18_S002400,환불요청,교환반품,교환반품,False,False,False,False,정보충분
J18_S002408,환불요청,교환반품,환불요청,True,True,False,True,정보부족(infopoor)
J18_S002411,배송확인,환불요청,교환반품,False,True,False,False,정보충분
J18_S002431,배송확인,교환반품,배송확인,True,True,False,True,정보부족(infopoor)
J18_S002438,환불요청,교환반품,교환반품,False,False,False,False,정보충분
J18_S002461,환불요청,교환반품,교환반품,False,False,False,False,정보충분
J18_S002489,환불요청,교환반품,환불요청,True,True,False,True,정보부족(infopoor)
J18_S002491,배송확인,구매진행,배송확인,True,True,True,True,정보부족(infopoor)
J18_S002538,배송확인,구매진행,배송확인,True,True,True,True,정보부족(infopoor)
J18_S002557,배송확인,불만제기,배송확인,True,True,False,True,정보부족(infopoor)
J18_S002566,배송확인,서비스이용,불만제기,False,True,True,True,정보부족(infopoor)
J18_S002578,배송확인,서비스이용,배송확인,True,True,True,True,정보부족(infopoor)
J18_S002599,환불요청,주문취소,주문취소,False,False,False,False,정보충분
J18_S002605,환불요청,배송확인,배송확인,False,False,False,False,정보충분
J18_S002621,구매진행,교환반품,환불요청,False,True,False,False,정보충분
J18_S002624,배송확인,서비스이용,서비스이용,False,False,False,False,정보충분
J18_S002625,환불요청,주문취소,환불요청,True,True,False,True,정보부족(infopoor)
J18_S002647,배송확인,환불요청,배송확인,True,True,False,True,정보부족(infopoor)
J18_S002669,환불요청,주문취소,주문취소,False,False,True,False,정보충분
J18_S002686,환불요청,주문취소,주문취소,False,False,False,False,정보충분
J18_S002721,교환반품,환불요청,교환반품,True,True,True,True,정보부족(infopoor)
J18_S002734,환불요청,교환반품,교환반품,False,False,True,False,정보충분
J18_S002764,환불요청,배송확인,환불요청,True,True,False,True,정보부족(infopoor)
J18_S002792,교환반품,서비스이용,서비스이용,False,False,False,False,정보충분
J18_S002851,배송확인,구매진행,구매진행,False,False,True,False,정보충분
J18_S002861,배송확인,주문취소,주문취소,False,False,False,False,정보충분
J18_S002896,배송확인,서비스이용,서비스이용,False,False,False,False,정보충분
J18_S002916,교환반품,배송확인,교환반품,True,True,False,True,정보부족(infopoor)
J18_S002945,환불요청,교환반품,교환반품,False,False,False,False,정보충분
J18_S002967,환불요청,배송확인,주문취소,False,True,False,False,정보충분
J18_S002970,환불요청,구매진행,환불요청,True,True,True,True,정보부족(infopoor)
J18_S003017,환불요청,주문취소,주문취소,False,False,False,False,정보충분
J18_S003019,환불요청,서비스이용,환불요청,True,True,False,True,정보부족(infopoor)
J18_S003022,배송확인,교환반품,배송확인,True,True,False,True,정보부족(infopoor)
J18_S003041,교환반품,배송확인,배송확인,False,False,False,False,정보충분
J18_S003057,배송확인,교환반품,배송확인,True,True,False,True,정보부족(infopoor)
J18_S003061,배송확인,교환반품,교환반품,False,False,False,False,정보충분
J18_S003075,환불요청,교환반품,환불요청,True,True,False,True,정보부족(infopoor)
J18_S003081,배송확인,불만제기,배송확인,True,True,False,True,정보부족(infopoor)
J18_S003116,배송확인,교환반품,배송확인,True,True,False,True,정보부족(infopoor)
J18_S003194,배송확인,서비스이용,서비스이용,False,False,False,False,정보충분
J18_S003203,환불요청,배송확인,환불요청,True,True,False,True,정보부족(infopoor)
J18_S003221,환불요청,주문취소,주문취소,False,False,False,False,정보충분
J18_S003229,환불요청,배송확인,배송확인,False,False,False,False,정보충분
J18_S003260,배송확인,구매진행,배송확인,True,True,True,True,정보부족(infopoor)
J18_S003269,환불요청,배송확인,교환반품,False,True,True,True,정보부족(infopoor)
J18_S003279,배송확인,서비스이용,배송확인,True,True,False,True,정보부족(infopoor)
J18_S003287,환불요청,서비스이용,배송확인,False,True,False,False,정보충분
J18_S003300,환불요청,주문취소,주문취소,False,False,False,False,정보충분
J18_S003322,배송확인,서비스이용,서비스이용,False,False,False,False,정보충분
J18_S003330,배송확인,불만제기,불만제기,False,False,False,False,정보충분
J18_S003346,교환반품,환불요청,교환반품,True,True,False,True,정보부족(infopoor)
J18_S003347,배송확인,서비스이용,서비스이용,False,False,False,False,정보충분
J18_S003362,환불요청,배송확인,구매진행,False,True,True,True,정보부족(infopoor)
J18_S003382,교환반품,환불요청,교환반품,True,True,True,True,정보부족(infopoor)
J18_S003400,배송확인,불만제기,배송확인,True,True,False,True,정보부족(infopoor)
J18_S003430,환불요청,구매진행,환불요청,True,True,True,True,정보부족(infopoor)
J18_S003455,환불요청,교환반품,환불요청,True,True,False,True,정보부족(infopoor)
J18_S003457,배송확인,서비스이용,서비스이용,False,False,False,False,정보충분
J18_S003470,배송확인,불만제기,불만제기,False,False,False,False,정보충분
J18_S003500,환불요청,서비스이용,환불요청,True,True,True,True,정보부족(infopoor)
J18_S003504,환불요청,배송확인,환불요청,True,True,False,True,정보부족(infopoor)
J18_S003516,환불요청,교환반품,주문취소,False,True,True,True,정보부족(infopoor)
J18_S003544,환불요청,서비스이용,서비스이용,False,False,False,False,정보충분
J18_S003545,환불요청,서비스이용,서비스이용,False,False,False,False,정보충분
J18_S003585,배송확인,불만제기,배송확인,True,True,False,True,정보부족(infopoor)
J18_S003620,배송확인,구매진행,배송확인,True,True,True,True,정보부족(infopoor)
J18_S003627,환불요청,배송확인,주문취소,False,True,False,False,정보충분
J18_S003637,교환반품,서비스이용,교환반품,True,True,False,True,정보부족(infopoor)
J18_S003644,교환반품,구매진행,교환반품,True,True,False,True,정보부족(infopoor)
J18_S003649,배송확인,불만제기,불만제기,False,False,False,False,정보충분
J18_S003652,배송확인,환불요청,배송확인,True,True,False,True,정보부족(infopoor)
J18_S003661,배송확인,불만제기,배송확인,True,True,False,True,정보부족(infopoor)
J18_S003678,환불요청,배송확인,배송확인,False,False,False,False,정보충분
J18_S003703,환불요청,서비스이용,환불요청,True,True,False,True,정보부족(infopoor)
J18_S003704,환불요청,배송확인,주문취소,False,True,False,False,정보충분
J18_S003711,환불요청,서비스이용,서비스이용,False,False,False,False,정보충분
J18_S003742,환불요청,주문취소,주문취소,False,False,False,False,정보충분
J18_S003745,환불요청,배송확인,배송확인,False,False,True,False,정보충분
J18_S003750,환불요청,배송확인,교환반품,False,True,True,True,정보부족(infopoor)
J18_S003758,환불요청,배송확인,배송확인,False,False,False,False,정보충분
J18_S003764,배송확인,서비스이용,서비스이용,False,False,False,False,정보충분
J18_S003780,배송확인,구매진행,배송확인,True,True,True,True,정보부족(infopoor)
J18_S003801,환불요청,주문취소,주문취소,False,False,False,False,정보충분
J18_S003809,환불요청,교환반품,교환반품,False,False,True,False,정보충분
J18_S003819,환불요청,주문취소,주문취소,False,False,False,False,정보충분
J18_S003853,배송확인,교환반품,교환반품,False,False,False,False,정보충분
J18_S003856,환불요청,주문취소,주문취소,False,False,False,False,정보충분
J18_S003883,환불요청,서비스이용,배송확인,False,True,False,False,정보충분
J18_S003887,환불요청,주문취소,주문취소,False,False,False,False,정보충분
J18_S003946,환불요청,교환반품,교환반품,False,False,False,False,정보충분
J18_S003965,배송확인,주문취소,주문취소,False,False,False,False,정보충분
J18_S004009,배송확인,구매진행,배송확인,True,True,False,True,정보부족(infopoor)
J18_S004031,환불요청,주문취소,주문취소,False,False,True,False,정보충분
J18_S004042,환불요청,배송확인,배송확인,False,False,False,False,정보충분
J18_S004048,환불요청,배송확인,주문취소,False,True,False,False,정보충분
J18_S004051,환불요청,서비스이용,환불요청,True,True,True,True,정보부족(infopoor)
J18_S004099,배송확인,교환반품,교환반품,False,False,False,False,정보충분
J18_S004136,배송확인,구매진행,배송확인,True,True,False,True,정보부족(infopoor)
J18_S004171,환불요청,구매진행,주문취소,False,True,True,True,정보부족(infopoor)
J18_S004181,환불요청,교환반품,교환반품,False,False,True,False,정보충분
J18_S004208,배송확인,서비스이용,배송확인,True,True,True,True,정보부족(infopoor)
J18_S004218,환불요청,교환반품,환불요청,True,True,True,True,정보부족(infopoor)
J18_S004231,환불요청,주문취소,주문취소,False,False,False,False,정보충분
J18_S004236,교환반품,환불요청,교환반품,True,True,False,True,정보부족(infopoor)
J18_S004240,배송확인,서비스이용,배송확인,True,True,False,True,정보부족(infopoor)
J18_S004277,배송확인,주문취소,배송확인,True,True,False,True,정보부족(infopoor)
J18_S004295,환불요청,서비스이용,서비스이용,False,False,False,False,정보충분
J18_S004302,환불요청,교환반품,교환반품,False,False,False,False,정보충분
J18_S004320,환불요청,주문취소,주문취소,False,False,False,False,정보충분
J18_S004334,배송확인,구매진행,배송확인,True,True,False,True,정보부족(infopoor)
J18_S004361,환불요청,교환반품,교환반품,False,False,False,False,정보충분
J18_S004377,환불요청,배송확인,배송확인,False,False,False,False,정보충분
J18_S004411,배송확인,불만제기,배송확인,True,True,False,True,정보부족(infopoor)
J18_S004414,환불요청,주문취소,환불요청,True,True,True,True,정보부족(infopoor)
J18_S004504,환불요청,교환반품,배송확인,False,True,False,False,정보충분
J18_S004508,배송확인,서비스이용,배송확인,True,True,True,True,정보부족(infopoor)
J18_S004532,환불요청,교환반품,교환반품,False,False,False,False,정보충분
J18_S004540,환불요청,배송확인,배송확인,False,False,False,False,정보충분
J18_S004542,배송확인,환불요청,환불요청,False,False,False,False,정보충분
J18_S004549,환불요청,교환반품,교환반품,False,False,False,False,정보충분
J18_S004560,환불요청,교환반품,교환반품,False,False,False,False,정보충분
J18_S004570,배송확인,교환반품,교환반품,False,False,False,False,정보충분
J18_S004574,환불요청,서비스이용,환불요청,True,True,True,True,정보부족(infopoor)
J18_S004619,환불요청,교환반품,교환반품,False,False,False,False,정보충분
J18_S004626,환불요청,배송확인,환불요청,True,True,True,True,정보부족(infopoor)
J18_S004627,배송확인,서비스이용,배송확인,True,True,True,True,정보부족(infopoor)
J18_S004631,배송확인,서비스이용,불만제기,False,True,True,True,정보부족(infopoor)
J18_S004654,환불요청,교환반품,불만제기,False,True,False,False,정보충분
J18_S004660,배송확인,서비스이용,서비스이용,False,False,False,False,정보충분
J18_S004663,환불요청,배송확인,주문취소,False,True,True,True,정보부족(infopoor)
J18_S004679,배송확인,구매진행,배송확인,True,True,True,True,정보부족(infopoor)
J18_S004705,배송확인,불만제기,배송확인,True,True,False,True,정보부족(infopoor)
J18_S004742,배송확인,환불요청,배송확인,True,True,True,True,정보부족(infopoor)
J18_S004746,배송확인,구매진행,배송확인,True,True,True,True,정보부족(infopoor)
J18_S004767,배송확인,구매진행,배송확인,True,True,True,True,정보부족(infopoor)
J18_S004769,환불요청,교환반품,배송확인,False,True,False,False,정보충분
J18_S004786,배송확인,서비스이용,배송확인,True,True,False,True,정보부족(infopoor)
J18_S004787,환불요청,서비스이용,서비스이용,False,False,True,False,정보충분
J18_S004833,환불요청,주문취소,주문취소,False,False,False,False,정보충분
J18_S004838,환불요청,불만제기,불만제기,False,False,False,False,정보충분
J18_S004870,배송확인,교환반품,교환반품,False,False,False,False,정보충분
J18_S004874,배송확인,교환반품,배송확인,True,True,False,True,정보부족(infopoor)
J18_S004888,환불요청,주문취소,환불요청,True,True,False,True,정보부족(infopoor)
J18_S004896,환불요청,주문취소,주문취소,False,False,False,False,정보충분
J18_S004929,환불요청,배송확인,배송확인,False,False,False,False,정보충분
J18_S004933,배송확인,환불요청,환불요청,False,False,False,False,정보충분
J18_S004945,배송확인,서비스이용,배송확인,True,True,True,True,정보부족(infopoor)
J18_S004980,배송확인,주문취소,배송확인,True,True,False,True,정보부족(infopoor)
J18_S004983,배송확인,교환반품,배송확인,True,True,False,True,정보부족(infopoor)
J18_S004993,환불요청,교환반품,교환반품,False,False,False,False,정보충분
J18_S005004,교환반품,불만제기,불만제기,False,False,False,False,정보충분
J18_S005032,배송확인,교환반품,교환반품,False,False,False,False,정보충분
J18_S005033,환불요청,배송확인,배송확인,False,False,False,False,정보충분
J18_S005042,배송확인,서비스이용,서비스이용,False,False,False,False,정보충분
J18_S005046,배송확인,서비스이용,서비스이용,False,False,False,False,정보충분
J18_S005064,환불요청,주문취소,주문취소,False,False,False,False,정보충분
J18_S005080,환불요청,배송확인,교환반품,False,True,True,True,정보부족(infopoor)
J18_S005159,배송확인,교환반품,교환반품,False,False,False,False,정보충분
J18_S005160,배송확인,구매진행,배송확인,True,True,False,True,정보부족(infopoor)
J18_S005200,배송확인,불만제기,배송확인,True,True,False,True,정보부족(infopoor)
J18_S005244,배송확인,서비스이용,배송확인,True,True,False,True,정보부족(infopoor)
J18_S005261,환불요청,배송확인,배송확인,False,False,True,False,정보충분
J18_S005271,배송확인,서비스이용,배송확인,True,True,True,True,정보부족(infopoor)
J18_S005285,환불요청,배송확인,배송확인,False,False,False,False,정보충분
J18_S005304,환불요청,주문취소,주문취소,False,False,False,False,정보충분
J18_S005357,배송확인,서비스이용,서비스이용,False,False,False,False,정보충분
J18_S005374,배송확인,구매진행,배송확인,True,True,True,True,정보부족(infopoor)
J18_S005418,교환반품,환불요청,환불요청,False,False,False,False,정보충분
J18_S005439,배송확인,교환반품,배송확인,True,True,False,True,정보부족(infopoor)
J18_S005501,환불요청,배송확인,환불요청,True,True,False,True,정보부족(infopoor)
J18_S005503,환불요청,주문취소,교환반품,False,True,False,False,정보충분
J18_S005510,배송확인,환불요청,환불요청,False,False,True,False,정보충분
J18_S005527,환불요청,주문취소,주문취소,False,False,False,False,정보충분
J18_S005536,환불요청,배송확인,환불요청,True,True,True,True,정보부족(infopoor)
J18_S005537,환불요청,구매진행,구매진행,False,False,True,False,정보충분
J18_S005544,교환반품,배송확인,불만제기,False,True,False,False,정보충분
J18_S005552,환불요청,교환반품,교환반품,False,False,True,False,정보충분
J18_S005571,배송확인,서비스이용,서비스이용,False,False,True,False,정보충분
J18_S005573,환불요청,교환반품,교환반품,False,False,False,False,정보충분
J18_S005579,배송확인,불만제기,불만제기,False,False,True,False,정보충분
J18_S005620,배송확인,서비스이용,서비스이용,False,False,False,False,정보충분
J18_S005621,환불요청,배송확인,환불요청,True,True,True,True,정보부족(infopoor)
J18_S005623,환불요청,배송확인,배송확인,False,False,False,False,정보충분
J18_S005633,배송확인,주문취소,주문취소,False,False,True,False,정보충분
J18_S005647,환불요청,구매진행,환불요청,True,True,False,True,정보부족(infopoor)
J18_S005654,환불요청,주문취소,주문취소,False,False,False,False,정보충분
J18_S005668,환불요청,교환반품,교환반품,False,False,False,False,정보충분
J18_S005676,교환반품,서비스이용,불만제기,False,True,False,False,정보충분
J18_S005681,환불요청,주문취소,주문취소,False,False,False,False,정보충분
J18_S005691,환불요청,교환반품,환불요청,True,True,False,True,정보부족(infopoor)
J18_S005703,환불요청,교환반품,교환반품,False,False,False,False,정보충분
J18_S005705,환불요청,배송확인,주문취소,False,True,True,True,정보부족(infopoor)
J18_S005719,환불요청,서비스이용,교환반품,False,True,True,True,정보부족(infopoor)
J18_S005728,환불요청,교환반품,교환반품,False,False,False,False,정보충분
J18_S005757,환불요청,서비스이용,서비스이용,False,False,False,False,정보충분
J18_S005764,환불요청,배송확인,배송확인,False,False,True,False,정보충분
J18_S005768,배송확인,불만제기,불만제기,False,False,True,False,정보충분
J18_S005804,배송확인,서비스이용,서비스이용,False,False,False,False,정보충분
J18_S005824,배송확인,주문취소,주문취소,False,False,False,False,정보충분
J18_S005837,배송확인,서비스이용,배송확인,True,True,False,True,정보부족(infopoor)
J18_S005860,환불요청,불만제기,환불요청,True,True,True,True,정보부족(infopoor)
J18_S005881,배송확인,환불요청,환불요청,False,False,False,False,정보충분
J18_S005886,환불요청,배송확인,환불요청,True,True,True,True,정보부족(infopoor)
J18_S005897,환불요청,배송확인,교환반품,False,True,True,True,정보부족(infopoor)
J18_S005906,환불요청,주문취소,주문취소,False,False,False,False,정보충분
J18_S005948,환불요청,서비스이용,배송확인,False,True,False,False,정보충분
J18_S005950,배송확인,서비스이용,배송확인,True,True,False,True,정보부족(infopoor)
J18_S006002,환불요청,서비스이용,구매진행,False,True,True,True,정보부족(infopoor)
J18_S006012,환불요청,서비스이용,환불요청,True,True,True,True,정보부족(infopoor)
J18_S006044,배송확인,불만제기,배송확인,True,True,False,True,정보부족(infopoor)
J18_S006058,배송확인,서비스이용,배송확인,True,True,True,True,정보부족(infopoor)
J18_S006070,배송확인,교환반품,교환반품,False,False,False,False,정보충분
J18_S006094,환불요청,서비스이용,주문취소,False,True,False,False,정보충분
J18_S006136,배송확인,구매진행,배송확인,True,True,True,True,정보부족(infopoor)
J18_S006139,환불요청,서비스이용,교환반품,False,True,True,True,정보부족(infopoor)
J18_S006159,환불요청,주문취소,주문취소,False,False,True,False,정보충분
J18_S006167,환불요청,주문취소,환불요청,True,True,False,True,정보부족(infopoor)
J18_S006176,환불요청,불만제기,서비스이용,False,True,True,True,정보부족(infopoor)
J18_S006177,배송확인,교환반품,배송확인,True,True,False,True,정보부족(infopoor)
J18_S006179,배송확인,서비스이용,배송확인,True,True,True,True,정보부족(infopoor)
J18_S006181,배송확인,구매진행,구매진행,False,False,False,False,정보충분
J18_S006182,환불요청,배송확인,교환반품,False,True,False,False,정보충분
J18_S006189,배송확인,불만제기,배송확인,True,True,False,True,정보부족(infopoor)
J18_S006192,배송확인,불만제기,배송확인,True,True,True,True,정보부족(infopoor)
J18_S006194,환불요청,서비스이용,환불요청,True,True,False,True,정보부족(infopoor)
J18_S006220,배송확인,서비스이용,배송확인,True,True,False,True,정보부족(infopoor)
J18_S006239,배송확인,서비스이용,배송확인,True,True,False,True,정보부족(infopoor)
J18_S006264,환불요청,배송확인,교환반품,False,True,False,False,정보충분
J18_S006270,환불요청,서비스이용,교환반품,False,True,False,False,정보충분
J18_S006303,환불요청,주문취소,주문취소,False,False,False,False,정보충분
J18_S006307,배송확인,환불요청,배송확인,True,True,False,True,정보부족(infopoor)
J18_S006328,환불요청,주문취소,주문취소,False,False,True,False,정보충분
J18_S006348,환불요청,서비스이용,배송확인,False,True,False,False,정보충분
J18_S006357,환불요청,주문취소,교환반품,False,True,False,False,정보충분
J18_S006361,환불요청,교환반품,교환반품,False,False,False,False,정보충분
J18_S006376,배송확인,서비스이용,배송확인,True,True,False,True,정보부족(infopoor)
J18_S006402,배송확인,교환반품,교환반품,False,False,True,False,정보충분
J18_S006416,교환반품,환불요청,환불요청,False,False,False,False,정보충분
J18_S006424,환불요청,주문취소,환불요청,True,True,True,True,정보부족(infopoor)
J18_S006431,환불요청,구매진행,교환반품,False,True,False,False,정보충분
J18_S006479,환불요청,배송확인,환불요청,True,True,True,True,정보부족(infopoor)
J18_S006497,환불요청,구매진행,주문취소,False,True,False,False,정보충분
J18_S006508,환불요청,교환반품,환불요청,True,True,False,True,정보부족(infopoor)
J18_S006529,환불요청,주문취소,환불요청,True,True,False,True,정보부족(infopoor)
J18_S006564,환불요청,배송확인,주문취소,False,True,True,True,정보부족(infopoor)
J18_S006575,환불요청,교환반품,교환반품,False,False,False,False,정보충분
J18_S006585,환불요청,교환반품,환불요청,True,True,True,True,정보부족(infopoor)
J18_S006588,환불요청,교환반품,환불요청,True,True,False,True,정보부족(infopoor)
J18_S006589,환불요청,교환반품,교환반품,False,False,False,False,정보충분
J18_S006602,환불요청,구매진행,교환반품,False,True,False,False,정보충분
J18_S006623,환불요청,교환반품,교환반품,False,False,True,False,정보충분
J18_S006630,환불요청,배송확인,주문취소,False,True,False,False,정보충분
J18_S006631,환불요청,서비스이용,서비스이용,False,False,False,False,정보충분
J18_S006676,환불요청,서비스이용,서비스이용,False,False,False,False,정보충분
J18_S006679,환불요청,구매진행,환불요청,True,True,False,True,정보부족(infopoor)
J18_S006686,교환반품,환불요청,환불요청,False,False,False,False,정보충분
J18_S006719,환불요청,구매진행,주문취소,False,True,True,True,정보부족(infopoor)
J18_S006735,환불요청,구매진행,환불요청,True,True,False,True,정보부족(infopoor)
J18_S006763,환불요청,주문취소,환불요청,True,True,False,True,정보부족(infopoor)
J18_S006766,환불요청,배송확인,서비스이용,False,True,False,False,정보충분
J18_S006774,환불요청,불만제기,서비스이용,False,True,False,False,정보충분
J18_S006795,배송확인,주문취소,서비스이용,False,True,False,False,정보충분
J18_S006816,배송확인,구매진행,배송확인,True,True,True,True,정보부족(infopoor)
J18_S006827,환불요청,배송확인,배송확인,False,False,False,False,정보충분
J18_S006832,배송확인,구매진행,구매진행,False,False,True,False,정보충분
J18_S006852,환불요청,교환반품,교환반품,False,False,False,False,정보충분
J18_S006869,환불요청,주문취소,주문취소,False,False,False,False,정보충분
J18_S006879,배송확인,환불요청,배송확인,True,True,True,True,정보부족(infopoor)
J18_S006890,환불요청,주문취소,주문취소,False,False,False,False,정보충분
J18_S006891,환불요청,주문취소,교환반품,False,True,False,False,정보충분
J18_S006894,환불요청,교환반품,환불요청,True,True,False,True,정보부족(infopoor)
J18_S006895,환불요청,서비스이용,교환반품,False,True,False,False,정보충분
J18_S006916,환불요청,교환반품,환불요청,True,True,False,True,정보부족(infopoor)
J18_S006934,배송확인,주문취소,주문취소,False,False,False,False,정보충분
J18_S006953,교환반품,환불요청,환불요청,False,False,False,False,정보충분
J18_S006957,배송확인,서비스이용,배송확인,True,True,True,True,정보부족(infopoor)
J18_S006980,환불요청,구매진행,주문취소,False,True,True,True,정보부족(infopoor)
J18_S007002,환불요청,교환반품,교환반품,False,False,False,False,정보충분
J18_S007007,환불요청,불만제기,환불요청,True,True,True,True,정보부족(infopoor)
J18_S007010,교환반품,배송확인,교환반품,True,True,False,True,정보부족(infopoor)
J18_S007014,배송확인,서비스이용,서비스이용,False,False,False,False,정보충분
J18_S007022,환불요청,배송확인,배송확인,False,False,False,False,정보충분
J18_S007035,환불요청,배송확인,배송확인,False,False,True,False,정보충분
J18_S007047,배송확인,구매진행,배송확인,True,True,True,True,정보부족(infopoor)
J18_S007054,환불요청,교환반품,환불요청,True,True,True,True,정보부족(infopoor)
J18_S007061,환불요청,교환반품,교환반품,False,False,False,False,정보충분
J18_S007065,배송확인,서비스이용,서비스이용,False,False,False,False,정보충분
J18_S007070,환불요청,주문취소,주문취소,False,False,False,False,정보충분
J18_S007099,배송확인,서비스이용,서비스이용,False,False,False,False,정보충분
J18_S007118,환불요청,주문취소,주문취소,False,False,True,False,정보충분
J18_S007173,환불요청,불만제기,불만제기,False,False,True,False,정보충분
J18_S007207,환불요청,서비스이용,서비스이용,False,False,True,False,정보충분
J18_S007226,환불요청,주문취소,교환반품,False,True,False,False,정보충분
J18_S007297,환불요청,배송확인,교환반품,False,True,True,True,정보부족(infopoor)
J18_S007311,환불요청,주문취소,배송확인,False,True,False,False,정보충분
J18_S007356,환불요청,주문취소,주문취소,False,False,False,False,정보충분
J18_S007360,환불요청,배송확인,주문취소,False,True,True,True,정보부족(infopoor)
J18_S007363,환불요청,주문취소,환불요청,True,True,False,True,정보부족(infopoor)
J18_S007378,환불요청,배송확인,배송확인,False,False,True,False,정보충분
J18_S007394,배송확인,서비스이용,배송확인,True,True,True,True,정보부족(infopoor)
J18_S007414,환불요청,주문취소,환불요청,True,True,False,True,정보부족(infopoor)
J18_S007433,환불요청,배송확인,환불요청,True,True,False,True,정보부족(infopoor)
J18_S007441,환불요청,주문취소,주문취소,False,False,False,False,정보충분
J18_S007444,교환반품,배송확인,교환반품,True,True,True,True,정보부족(infopoor)
J18_S007507,환불요청,주문취소,배송확인,False,True,False,False,정보충분
J18_S007522,교환반품,불만제기,교환반품,True,True,True,True,정보부족(infopoor)
J18_S007534,배송확인,서비스이용,서비스이용,False,False,False,False,정보충분
J18_S007594,환불요청,서비스이용,주문취소,False,True,True,True,정보부족(infopoor)
J18_S007603,환불요청,구매진행,교환반품,False,True,False,False,정보충분
J18_S007635,환불요청,주문취소,환불요청,True,True,False,True,정보부족(infopoor)
J18_S007663,환불요청,교환반품,환불요청,True,True,True,True,정보부족(infopoor)
J18_S007679,환불요청,서비스이용,환불요청,True,True,False,True,정보부족(infopoor)
J18_S007695,환불요청,주문취소,교환반품,False,True,False,False,정보충분
J18_S007696,배송확인,서비스이용,구매진행,False,True,False,False,정보충분
J18_S007727,배송확인,구매진행,배송확인,True,True,True,True,정보부족(infopoor)
J18_S007744,환불요청,서비스이용,서비스이용,False,False,False,False,정보충분
J18_S007768,환불요청,주문취소,환불요청,True,True,False,True,정보부족(infopoor)
J18_S007769,환불요청,주문취소,교환반품,False,True,False,False,정보충분
J18_S007775,환불요청,주문취소,환불요청,True,True,False,True,정보부족(infopoor)
J18_S007777,배송확인,서비스이용,배송확인,True,True,False,True,정보부족(infopoor)
J18_S007800,배송확인,서비스이용,서비스이용,False,False,False,False,정보충분
J18_S007816,환불요청,교환반품,교환반품,False,False,True,False,정보충분
J18_S007829,교환반품,배송확인,배송확인,False,False,False,False,정보충분
J18_S007846,환불요청,주문취소,교환반품,False,True,False,False,정보충분
J18_S007848,환불요청,주문취소,주문취소,False,False,False,False,정보충분
J18_S007858,환불요청,주문취소,주문취소,False,False,False,False,정보충분
J18_S007886,환불요청,교환반품,환불요청,True,True,False,True,정보부족(infopoor)
J18_S007893,배송확인,주문취소,주문취소,False,False,False,False,정보충분
J18_S007955,환불요청,배송확인,교환반품,False,True,False,False,정보충분
J18_S007959,환불요청,배송확인,배송확인,False,False,True,False,정보충분
J18_S008012,환불요청,서비스이용,교환반품,False,True,False,False,정보충분
J18_S008020,배송확인,주문취소,배송확인,True,True,False,True,정보부족(infopoor)
J18_S008043,환불요청,교환반품,교환반품,False,False,False,False,정보충분
J18_S008046,배송확인,불만제기,불만제기,False,False,False,False,정보충분
J18_S008057,교환반품,서비스이용,서비스이용,False,False,False,False,정보충분
J18_S008072,환불요청,배송확인,배송확인,False,False,False,False,정보충분
J18_S008104,배송확인,서비스이용,배송확인,True,True,False,True,정보부족(infopoor)
J18_S008114,환불요청,배송확인,환불요청,True,True,False,True,정보부족(infopoor)
J18_S008117,환불요청,주문취소,환불요청,True,True,False,True,정보부족(infopoor)
J18_S008118,환불요청,구매진행,환불요청,True,True,True,True,정보부족(infopoor)
J18_S008121,환불요청,주문취소,환불요청,True,True,False,True,정보부족(infopoor)
J18_S008152,환불요청,주문취소,환불요청,True,True,False,True,정보부족(infopoor)
J18_S008165,환불요청,불만제기,불만제기,False,False,False,False,정보충분
J18_S008167,교환반품,배송확인,주문취소,False,True,False,False,정보충분
J18_S008223,교환반품,환불요청,환불요청,False,False,True,False,정보충분
J18_S008234,환불요청,구매진행,주문취소,False,True,True,True,정보부족(infopoor)
J18_S008236,환불요청,서비스이용,교환반품,False,True,True,True,정보부족(infopoor)
J18_S008241,환불요청,교환반품,교환반품,False,False,True,False,정보충분
J18_S008265,환불요청,교환반품,교환반품,False,False,True,False,정보충분
J18_S008300,배송확인,교환반품,교환반품,False,False,False,False,정보충분
J18_S008315,환불요청,구매진행,교환반품,False,True,True,True,정보부족(infopoor)
J18_S008327,환불요청,교환반품,교환반품,False,False,False,False,정보충분
J18_S008346,환불요청,배송확인,환불요청,True,True,False,True,정보부족(infopoor)
J18_S008355,배송확인,불만제기,배송확인,True,True,False,True,정보부족(infopoor)
J18_S008362,환불요청,서비스이용,환불요청,True,True,True,True,정보부족(infopoor)
J18_S008403,환불요청,불만제기,환불요청,True,True,False,True,정보부족(infopoor)
J18_S008421,환불요청,교환반품,교환반품,False,False,False,False,정보충분
J18_S008429,배송확인,주문취소,주문취소,False,False,False,False,정보충분
J18_S008475,환불요청,배송확인,교환반품,False,True,True,True,정보부족(infopoor)
J18_S008490,환불요청,교환반품,교환반품,False,False,False,False,정보충분
J18_S008545,배송확인,구매진행,배송확인,True,True,True,True,정보부족(infopoor)
J18_S008546,구매진행,서비스이용,구매진행,True,True,False,True,정보부족(infopoor)
J18_S008562,환불요청,교환반품,교환반품,False,False,False,False,정보충분
J18_S008564,배송확인,서비스이용,서비스이용,False,False,True,False,정보충분
J18_S008581,교환반품,환불요청,교환반품,True,True,False,True,정보부족(infopoor)
J18_S008584,환불요청,주문취소,주문취소,False,False,False,False,정보충분
J18_S008592,환불요청,주문취소,교환반품,False,True,False,False,정보충분
J18_S008605,환불요청,배송확인,교환반품,False,True,True,True,정보부족(infopoor)
J18_S008639,배송확인,불만제기,서비스이용,False,True,False,False,정보충분
J18_S008656,환불요청,배송확인,환불요청,True,True,True,True,정보부족(infopoor)
J18_S008670,배송확인,서비스이용,배송확인,True,True,True,True,정보부족(infopoor)
J18_S008678,배송확인,서비스이용,서비스이용,False,False,False,False,정보충분
J18_S008731,배송확인,교환반품,배송확인,True,True,False,True,정보부족(infopoor)
J18_S008742,교환반품,배송확인,배송확인,False,False,False,False,정보충분
J18_S008762,배송확인,불만제기,불만제기,False,False,False,False,정보충분
J18_S008776,환불요청,주문취소,교환반품,False,True,True,True,정보부족(infopoor)
J18_S008782,환불요청,배송확인,배송확인,False,False,False,False,정보충분
J18_S008787,환불요청,배송확인,환불요청,True,True,True,True,정보부족(infopoor)
J18_S008794,환불요청,배송확인,환불요청,True,True,False,True,정보부족(infopoor)
J18_S008795,배송확인,교환반품,교환반품,False,False,False,False,정보충분
J18_S008808,환불요청,교환반품,배송확인,False,True,False,False,정보충분
J18_S008828,환불요청,교환반품,교환반품,False,False,False,False,정보충분
J18_S008839,환불요청,배송확인,배송확인,False,False,False,False,정보충분
J18_S008844,환불요청,서비스이용,서비스이용,False,False,False,False,정보충분
J18_S008854,교환반품,환불요청,환불요청,False,False,False,False,정보충분
J18_S008888,환불요청,배송확인,교환반품,False,True,True,True,정보부족(infopoor)
J18_S008896,환불요청,서비스이용,교환반품,False,True,True,True,정보부족(infopoor)
J18_S008900,환불요청,서비스이용,환불요청,True,True,False,True,정보부족(infopoor)
J18_S008919,배송확인,서비스이용,불만제기,False,True,False,False,정보충분
J18_S008949,배송확인,서비스이용,환불요청,False,True,True,True,정보부족(infopoor)
J18_S009020,배송확인,서비스이용,배송확인,True,True,False,True,정보부족(infopoor)
J18_S009047,배송확인,교환반품,배송확인,True,True,False,True,정보부족(infopoor)
J18_S009053,배송확인,구매진행,배송확인,True,True,True,True,정보부족(infopoor)
J18_S009086,환불요청,교환반품,환불요청,True,True,False,True,정보부족(infopoor)
J18_S009144,배송확인,구매진행,배송확인,True,True,True,True,정보부족(infopoor)
J18_S009176,환불요청,서비스이용,주문취소,False,True,True,True,정보부족(infopoor)
J18_S009183,환불요청,주문취소,환불요청,True,True,False,True,정보부족(infopoor)
J18_S009188,환불요청,구매진행,환불요청,True,True,False,True,정보부족(infopoor)
J18_S009193,환불요청,주문취소,환불요청,True,True,False,True,정보부족(infopoor)
J18_S009228,배송확인,교환반품,교환반품,False,False,False,False,정보충분
J18_S009231,배송확인,환불요청,환불요청,False,False,False,False,정보충분
J18_S009253,환불요청,교환반품,교환반품,False,False,False,False,정보충분
J18_S009255,환불요청,서비스이용,환불요청,True,True,False,True,정보부족(infopoor)
J18_S009256,환불요청,서비스이용,주문취소,False,True,True,True,정보부족(infopoor)
J18_S009278,환불요청,교환반품,교환반품,False,False,False,False,정보충분
J18_S009279,환불요청,배송확인,환불요청,True,True,False,True,정보부족(infopoor)
J18_S009325,배송확인,서비스이용,배송확인,True,True,False,True,정보부족(infopoor)
J18_S009336,배송확인,교환반품,교환반품,False,False,False,False,정보충분
J18_S009368,환불요청,서비스이용,환불요청,True,True,False,True,정보부족(infopoor)
J18_S009373,환불요청,서비스이용,환불요청,True,True,True,True,정보부족(infopoor)
J18_S009389,환불요청,서비스이용,환불요청,True,True,False,True,정보부족(infopoor)
J18_S009410,배송확인,서비스이용,서비스이용,False,False,True,False,정보충분
J18_S009411,환불요청,교환반품,교환반품,False,False,True,False,정보충분
J18_S009412,환불요청,구매진행,서비스이용,False,True,False,False,정보충분
J18_S009425,배송확인,서비스이용,배송확인,True,True,True,True,정보부족(infopoor)
J18_S009433,환불요청,서비스이용,서비스이용,False,False,False,False,정보충분
J18_S009443,환불요청,주문취소,교환반품,False,True,False,False,정보충분
J18_S009458,환불요청,주문취소,주문취소,False,False,False,False,정보충분
J18_S009460,환불요청,불만제기,환불요청,True,True,False,True,정보부족(infopoor)
J18_S009480,교환반품,배송확인,교환반품,True,True,False,True,정보부족(infopoor)
J18_S009487,교환반품,배송확인,교환반품,True,True,True,True,정보부족(infopoor)
J18_S009489,배송확인,교환반품,배송확인,True,True,False,True,정보부족(infopoor)
J18_S009506,배송확인,서비스이용,서비스이용,False,False,False,False,정보충분
J18_S009549,환불요청,교환반품,교환반품,False,False,False,False,정보충분
J18_S009581,환불요청,교환반품,환불요청,True,True,False,True,정보부족(infopoor)
J18_S009609,배송확인,불만제기,교환반품,False,True,False,False,정보충분
J18_S009610,환불요청,서비스이용,주문취소,False,True,True,True,정보부족(infopoor)
J18_S009631,배송확인,서비스이용,서비스이용,False,False,False,False,정보충분
J18_S009695,환불요청,교환반품,교환반품,False,False,False,False,정보충분
J18_S009699,환불요청,교환반품,교환반품,False,False,True,False,정보충분
J18_S009703,배송확인,환불요청,환불요청,False,False,True,False,정보충분
J18_S009712,환불요청,주문취소,주문취소,False,False,False,False,정보충분
J18_S009721,환불요청,배송확인,배송확인,False,False,False,False,정보충분
J18_S009727,환불요청,주문취소,주문취소,False,False,False,False,정보충분
J18_S009758,환불요청,주문취소,주문취소,False,False,False,False,정보충분
J18_S009760,환불요청,서비스이용,서비스이용,False,False,False,False,정보충분
J18_S009763,환불요청,교환반품,구매진행,False,True,True,True,정보부족(infopoor)
J18_S009765,환불요청,배송확인,배송확인,False,False,False,False,정보충분
J18_S009770,환불요청,교환반품,교환반품,False,False,False,False,정보충분
J18_S009797,환불요청,교환반품,환불요청,True,True,False,True,정보부족(infopoor)
J18_S009810,배송확인,교환반품,교환반품,False,False,False,False,정보충분
J18_S009818,배송확인,교환반품,배송확인,True,True,False,True,정보부족(infopoor)
J18_S009869,환불요청,주문취소,환불요청,True,True,False,True,정보부족(infopoor)
J18_S009884,환불요청,교환반품,교환반품,False,False,False,False,정보충분
J18_S009890,환불요청,교환반품,교환반품,False,False,False,False,정보충분
J18_S009943,환불요청,교환반품,교환반품,False,False,False,False,정보충분
J18_S009955,환불요청,주문취소,구매진행,False,True,True,True,정보부족(infopoor)
J18_S009973,배송확인,구매진행,배송확인,True,True,True,True,정보부족(infopoor)
J18_S009991,환불요청,서비스이용,환불요청,True,True,True,True,정보부족(infopoor)
J18_S010009,환불요청,서비스이용,불만제기,False,True,False,False,정보충분
J18_S010014,배송확인,구매진행,구매진행,False,False,True,False,정보충분
J18_S010046,배송확인,서비스이용,서비스이용,False,False,False,False,정보충분
J18_S010052,환불요청,교환반품,환불요청,True,True,True,True,정보부족(infopoor)
J18_S010057,배송확인,교환반품,교환반품,False,False,False,False,정보충분
J18_S010087,환불요청,배송확인,배송확인,False,False,False,False,정보충분
J18_S010099,환불요청,주문취소,배송확인,False,True,True,True,정보부족(infopoor)
J18_S010106,환불요청,서비스이용,서비스이용,False,False,False,False,정보충분
J18_S010109,환불요청,구매진행,환불요청,True,True,True,True,정보부족(infopoor)
J18_S010150,교환반품,서비스이용,서비스이용,False,False,False,False,정보충분
J18_S010161,환불요청,서비스이용,환불요청,True,True,True,True,정보부족(infopoor)
J18_S010176,환불요청,교환반품,교환반품,False,False,False,False,정보충분
J18_S010179,환불요청,교환반품,교환반품,False,False,False,False,정보충분
J18_S010184,교환반품,배송확인,배송확인,False,False,True,False,정보충분
J18_S010201,배송확인,구매진행,배송확인,True,True,False,True,정보부족(infopoor)
J18_S010229,환불요청,구매진행,환불요청,True,True,False,True,정보부족(infopoor)
J18_S010232,배송확인,서비스이용,서비스이용,False,False,False,False,정보충분
J18_S010275,배송확인,구매진행,배송확인,True,True,False,True,정보부족(infopoor)
J18_S010277,환불요청,서비스이용,환불요청,True,True,True,True,정보부족(infopoor)
J18_S010282,환불요청,주문취소,주문취소,False,False,False,False,정보충분
J18_S010291,교환반품,주문취소,환불요청,False,True,False,False,정보충분
J18_S010445,환불요청,주문취소,교환반품,False,True,False,False,정보충분
J18_S010452,배송확인,서비스이용,배송확인,True,True,False,True,정보부족(infopoor)
J18_S010469,환불요청,서비스이용,환불요청,True,True,True,True,정보부족(infopoor)
J18_S010568,배송확인,구매진행,배송확인,True,True,True,True,정보부족(infopoor)
J18_S010575,환불요청,교환반품,교환반품,False,False,False,False,정보충분
J18_S010595,배송확인,불만제기,배송확인,True,True,True,True,정보부족(infopoor)
J18_S010604,배송확인,교환반품,교환반품,False,False,False,False,정보충분
J18_S010607,환불요청,주문취소,교환반품,False,True,False,False,정보충분
J18_S010612,배송확인,서비스이용,서비스이용,False,False,False,False,정보충분
J18_S010616,환불요청,구매진행,구매진행,False,False,False,False,정보충분
J18_S010617,환불요청,주문취소,주문취소,False,False,False,False,정보충분
J18_S010637,배송확인,구매진행,구매진행,False,False,True,False,정보충분
J18_S010643,환불요청,구매진행,환불요청,True,True,False,True,정보부족(infopoor)
J18_S010644,배송확인,서비스이용,배송확인,True,True,True,True,정보부족(infopoor)
J18_S010647,환불요청,교환반품,배송확인,False,True,False,False,정보충분
J18_S010679,배송확인,환불요청,배송확인,True,True,False,True,정보부족(infopoor)
J18_S010694,환불요청,구매진행,주문취소,False,True,True,True,정보부족(infopoor)
J18_S010700,배송확인,서비스이용,서비스이용,False,False,False,False,정보충분
J18_S010703,배송확인,서비스이용,서비스이용,False,False,False,False,정보충분
J18_S010722,배송확인,서비스이용,서비스이용,False,False,False,False,정보충분
J18_S010751,환불요청,배송확인,환불요청,True,True,True,True,정보부족(infopoor)
J18_S010788,배송확인,주문취소,교환반품,False,True,True,True,정보부족(infopoor)
J18_S010790,환불요청,주문취소,주문취소,False,False,False,False,정보충분
J18_S010807,환불요청,불만제기,환불요청,True,True,True,True,정보부족(infopoor)
J18_S010839,배송확인,구매진행,배송확인,True,True,True,True,정보부족(infopoor)
J18_S010840,환불요청,구매진행,주문취소,False,True,True,True,정보부족(infopoor)
J18_S010896,환불요청,배송확인,환불요청,True,True,False,True,정보부족(infopoor)
J18_S010920,환불요청,배송확인,환불요청,True,True,True,True,정보부족(infopoor)
J18_S010926,환불요청,서비스이용,환불요청,True,True,False,True,정보부족(infopoor)
J18_S010930,환불요청,주문취소,주문취소,False,False,False,False,정보충분
J18_S010931,환불요청,교환반품,교환반품,False,False,False,False,정보충분
J18_S010960,환불요청,구매진행,환불요청,True,True,True,True,정보부족(infopoor)
J18_S010962,환불요청,배송확인,배송확인,False,False,False,False,정보충분
J18_S010964,배송확인,서비스이용,서비스이용,False,False,True,False,정보충분
J18_S010966,환불요청,배송확인,주문취소,False,True,True,True,정보부족(infopoor)
J18_S010973,교환반품,구매진행,환불요청,False,True,False,False,정보충분
J18_S011002,환불요청,서비스이용,환불요청,True,True,True,True,정보부족(infopoor)
J18_S011032,환불요청,서비스이용,주문취소,False,True,True,True,정보부족(infopoor)
J18_S011035,배송확인,서비스이용,배송확인,True,True,False,True,정보부족(infopoor)
J18_S011042,환불요청,서비스이용,서비스이용,False,False,False,False,정보충분
J18_S011046,환불요청,배송확인,환불요청,True,True,True,True,정보부족(infopoor)
J18_S011055,환불요청,교환반품,교환반품,False,False,False,False,정보충분
J18_S011090,환불요청,서비스이용,환불요청,True,True,True,True,정보부족(infopoor)
J18_S011095,환불요청,서비스이용,교환반품,False,True,False,False,정보충분
J18_S011118,환불요청,배송확인,교환반품,False,True,False,False,정보충분
J18_S011124,환불요청,서비스이용,서비스이용,False,False,False,False,정보충분
J18_S011128,환불요청,교환반품,환불요청,True,True,True,True,정보부족(infopoor)
J18_S011143,환불요청,주문취소,환불요청,True,True,False,True,정보부족(infopoor)
J18_S011165,배송확인,서비스이용,배송확인,True,True,False,True,정보부족(infopoor)
J18_S011168,배송확인,서비스이용,배송확인,True,True,False,True,정보부족(infopoor)
J18_S011215,환불요청,배송확인,환불요청,True,True,True,True,정보부족(infopoor)
J18_S011229,배송확인,불만제기,배송확인,True,True,False,True,정보부족(infopoor)
J18_S011236,환불요청,배송확인,환불요청,True,True,True,True,정보부족(infopoor)
J18_S011247,환불요청,주문취소,환불요청,True,True,False,True,정보부족(infopoor)
J18_S011266,환불요청,서비스이용,구매진행,False,True,True,True,정보부족(infopoor)
J18_S011278,환불요청,교환반품,교환반품,False,False,False,False,정보충분
J18_S011285,환불요청,주문취소,주문취소,False,False,False,False,정보충분
J18_S011298,배송확인,구매진행,배송확인,True,True,False,True,정보부족(infopoor)
J18_S011331,환불요청,배송확인,환불요청,True,True,False,True,정보부족(infopoor)
J18_S011334,환불요청,서비스이용,서비스이용,False,False,False,False,정보충분
J18_S011344,배송확인,주문취소,배송확인,True,True,False,True,정보부족(infopoor)
J18_S011353,배송확인,교환반품,배송확인,True,True,False,True,정보부족(infopoor)
J18_S011365,배송확인,불만제기,배송확인,True,True,False,True,정보부족(infopoor)
J18_S011409,환불요청,불만제기,환불요청,True,True,False,True,정보부족(infopoor)
J18_S011412,배송확인,서비스이용,서비스이용,False,False,False,False,정보충분
J18_S011469,배송확인,서비스이용,서비스이용,False,False,False,False,정보충분
J18_S011477,환불요청,서비스이용,서비스이용,False,False,True,False,정보충분
J18_S011505,환불요청,서비스이용,배송확인,False,True,False,False,정보충분
J18_S011598,교환반품,환불요청,주문취소,False,True,False,False,정보충분
J18_S011660,환불요청,불만제기,불만제기,False,False,False,False,정보충분
J18_S011685,배송확인,서비스이용,불만제기,False,True,False,False,정보충분
J18_S011722,환불요청,교환반품,교환반품,False,False,False,False,정보충분
J18_S011733,환불요청,배송확인,환불요청,True,True,False,True,정보부족(infopoor)
J18_S011751,환불요청,교환반품,환불요청,True,True,True,True,정보부족(infopoor)
J18_S011753,환불요청,서비스이용,환불요청,True,True,True,True,정보부족(infopoor)
J18_S011754,환불요청,주문취소,환불요청,True,True,False,True,정보부족(infopoor)
J18_S011845,환불요청,서비스이용,환불요청,True,True,False,True,정보부족(infopoor)
J18_S011848,환불요청,서비스이용,서비스이용,False,False,True,False,정보충분
J18_S011879,배송확인,서비스이용,서비스이용,False,False,False,False,정보충분
J18_S011890,교환반품,배송확인,구매진행,False,True,False,False,정보충분
J18_S011903,배송확인,서비스이용,서비스이용,False,False,True,False,정보충분
J18_S011905,환불요청,서비스이용,불만제기,False,True,True,True,정보부족(infopoor)
J18_S011915,환불요청,교환반품,교환반품,False,False,False,False,정보충분
J18_S011922,환불요청,교환반품,교환반품,False,False,False,False,정보충분
J18_S011926,배송확인,구매진행,배송확인,True,True,True,True,정보부족(infopoor)
J18_S011937,환불요청,교환반품,교환반품,False,False,False,False,정보충분
J18_S011980,환불요청,서비스이용,환불요청,True,True,True,True,정보부족(infopoor)
J18_S011992,배송확인,구매진행,배송확인,True,True,True,True,정보부족(infopoor)
J18_S011993,환불요청,주문취소,환불요청,True,True,False,True,정보부족(infopoor)
J18_S012017,환불요청,주문취소,환불요청,True,True,True,True,정보부족(infopoor)
J18_S012040,환불요청,주문취소,주문취소,False,False,False,False,정보충분
J18_S012064,배송확인,서비스이용,서비스이용,False,False,False,False,정보충분
J18_S012074,환불요청,교환반품,환불요청,True,True,False,True,정보부족(infopoor)
J18_S012082,배송확인,서비스이용,서비스이용,False,False,False,False,정보충분
J18_S012095,환불요청,배송확인,배송확인,False,False,False,False,정보충분
J18_S012096,환불요청,교환반품,환불요청,True,True,False,True,정보부족(infopoor)
J18_S012113,배송확인,서비스이용,배송확인,True,True,True,True,정보부족(infopoor)
J18_S012130,배송확인,서비스이용,배송확인,True,True,False,True,정보부족(infopoor)
J18_S012136,배송확인,주문취소,배송확인,True,True,True,True,정보부족(infopoor)
J18_S012137,환불요청,배송확인,교환반품,False,True,False,False,정보충분
J18_S012140,환불요청,주문취소,주문취소,False,False,False,False,정보충분
J18_S012150,환불요청,교환반품,교환반품,False,False,False,False,정보충분
J18_S012161,배송확인,서비스이용,배송확인,True,True,False,True,정보부족(infopoor)
J18_S012177,배송확인,구매진행,배송확인,True,True,False,True,정보부족(infopoor)
J18_S012250,환불요청,구매진행,주문취소,False,True,False,False,정보충분
J18_S012264,환불요청,주문취소,환불요청,True,True,True,True,정보부족(infopoor)
J18_S012287,환불요청,주문취소,교환반품,False,True,True,True,정보부족(infopoor)
J18_S012320,환불요청,주문취소,주문취소,False,False,False,False,정보충분
J18_S012321,환불요청,교환반품,교환반품,False,False,False,False,정보충분
J18_S012339,교환반품,배송확인,배송확인,False,False,False,False,정보충분
J18_S012364,배송확인,구매진행,배송확인,True,True,False,True,정보부족(infopoor)
J18_S012367,배송확인,서비스이용,서비스이용,False,False,False,False,정보충분
J18_S012382,환불요청,주문취소,환불요청,True,True,False,True,정보부족(infopoor)
J18_S012383,배송확인,주문취소,배송확인,True,True,False,True,정보부족(infopoor)
J18_S012398,환불요청,불만제기,불만제기,False,False,False,False,정보충분
J18_S012406,교환반품,환불요청,환불요청,False,False,False,False,정보충분
J18_S012409,환불요청,서비스이용,서비스이용,False,False,True,False,정보충분
J18_S012431,교환반품,환불요청,환불요청,False,False,True,False,정보충분
J18_S012449,환불요청,서비스이용,교환반품,False,True,False,False,정보충분
J18_S012467,배송확인,서비스이용,서비스이용,False,False,False,False,정보충분
J18_S012500,환불요청,구매진행,서비스이용,False,True,False,False,정보충분
J18_S012503,환불요청,배송확인,환불요청,True,True,True,True,정보부족(infopoor)
J18_S012524,교환반품,환불요청,환불요청,False,False,False,False,정보충분
J18_S012530,환불요청,배송확인,배송확인,False,False,False,False,정보충분
J18_S012543,환불요청,교환반품,환불요청,True,True,False,True,정보부족(infopoor)
J18_S012580,환불요청,교환반품,교환반품,False,False,False,False,정보충분
J18_S012605,환불요청,구매진행,배송확인,False,True,False,False,정보충분
J18_S012609,환불요청,주문취소,환불요청,True,True,True,True,정보부족(infopoor)
J18_S012644,환불요청,교환반품,환불요청,True,True,False,True,정보부족(infopoor)
J18_S012659,환불요청,구매진행,주문취소,False,True,False,False,정보충분
J18_S012663,환불요청,불만제기,환불요청,True,True,True,True,정보부족(infopoor)
J18_S012672,환불요청,교환반품,구매진행,False,True,True,True,정보부족(infopoor)
J18_S012683,환불요청,서비스이용,주문취소,False,True,True,True,정보부족(infopoor)
J18_S012703,배송확인,구매진행,배송확인,True,True,True,True,정보부족(infopoor)
J18_S012721,환불요청,배송확인,배송확인,False,False,False,False,정보충분
J18_S012746,배송확인,서비스이용,배송확인,True,True,True,True,정보부족(infopoor)
J18_S012807,배송확인,불만제기,배송확인,True,True,False,True,정보부족(infopoor)
J18_S012823,환불요청,배송확인,환불요청,True,True,True,True,정보부족(infopoor)
J18_S012863,교환반품,구매진행,배송확인,False,True,True,True,정보부족(infopoor)
J18_S012866,환불요청,서비스이용,환불요청,True,True,True,True,정보부족(infopoor)
J18_S012892,배송확인,교환반품,배송확인,True,True,False,True,정보부족(infopoor)
J18_S012902,환불요청,주문취소,환불요청,True,True,True,True,정보부족(infopoor)
J18_S012917,환불요청,주문취소,주문취소,False,False,False,False,정보충분
J18_S012956,배송확인,서비스이용,배송확인,True,True,False,True,정보부족(infopoor)
J18_S012971,배송확인,교환반품,환불요청,False,True,False,False,정보충분
J18_S013000,배송확인,서비스이용,서비스이용,False,False,True,False,정보충분
J18_S013002,배송확인,교환반품,환불요청,False,True,False,False,정보충분
J18_S013016,배송확인,불만제기,배송확인,True,True,True,True,정보부족(infopoor)
J18_S013027,환불요청,서비스이용,교환반품,False,True,True,True,정보부족(infopoor)
J18_S013038,환불요청,주문취소,주문취소,False,False,False,False,정보충분
J18_S013040,배송확인,구매진행,배송확인,True,True,True,True,정보부족(infopoor)
J18_S013059,환불요청,서비스이용,서비스이용,False,False,False,False,정보충분
J18_S013072,환불요청,주문취소,환불요청,True,True,False,True,정보부족(infopoor)
J18_S013107,환불요청,구매진행,구매진행,False,False,True,False,정보충분
J18_S013112,배송확인,주문취소,주문취소,False,False,False,False,정보충분
J18_S013125,환불요청,교환반품,교환반품,False,False,True,False,정보충분
J18_S013131,환불요청,배송확인,환불요청,True,True,True,True,정보부족(infopoor)
J18_S013140,환불요청,교환반품,환불요청,True,True,True,True,정보부족(infopoor)
J18_S013157,배송확인,구매진행,배송확인,True,True,False,True,정보부족(infopoor)
J18_S013162,환불요청,배송확인,환불요청,True,True,True,True,정보부족(infopoor)
J18_S013230,환불요청,서비스이용,환불요청,True,True,False,True,정보부족(infopoor)
J18_S013234,환불요청,서비스이용,구매진행,False,True,False,False,정보충분
J18_S013238,환불요청,주문취소,환불요청,True,True,False,True,정보부족(infopoor)
J18_S013245,환불요청,주문취소,주문취소,False,False,False,False,정보충분
J18_S013247,환불요청,주문취소,주문취소,False,False,False,False,정보충분
J18_S013268,환불요청,교환반품,교환반품,False,False,False,False,정보충분
J18_S013273,환불요청,배송확인,교환반품,False,True,False,False,정보충분
J18_S013283,환불요청,배송확인,주문취소,False,True,True,True,정보부족(infopoor)
J18_S013293,환불요청,교환반품,교환반품,False,False,False,False,정보충분
J18_S013296,환불요청,배송확인,교환반품,False,True,False,False,정보충분
J18_S013298,구매진행,배송확인,배송확인,False,False,False,False,정보충분
J18_S013330,환불요청,서비스이용,환불요청,True,True,True,True,정보부족(infopoor)
J18_S013331,배송확인,교환반품,배송확인,True,True,True,True,정보부족(infopoor)
J18_S013351,환불요청,배송확인,배송확인,False,False,False,False,정보충분
J18_S013388,환불요청,서비스이용,환불요청,True,True,False,True,정보부족(infopoor)
J18_S013403,환불요청,주문취소,주문취소,False,False,False,False,정보충분
J18_S013404,환불요청,교환반품,교환반품,False,False,False,False,정보충분
J18_S013409,환불요청,주문취소,주문취소,False,False,False,False,정보충분
J18_S013446,배송확인,교환반품,배송확인,True,True,False,True,정보부족(infopoor)
J18_S013454,배송확인,불만제기,불만제기,False,False,False,False,정보충분
J18_S013456,환불요청,배송확인,주문취소,False,True,True,True,정보부족(infopoor)
J18_S013492,배송확인,서비스이용,배송확인,True,True,True,True,정보부족(infopoor)
J18_S013504,환불요청,서비스이용,서비스이용,False,False,True,False,정보충분
J18_S013509,환불요청,서비스이용,서비스이용,False,False,False,False,정보충분
J18_S013516,환불요청,주문취소,환불요청,True,True,False,True,정보부족(infopoor)
J18_S013555,환불요청,배송확인,배송확인,False,False,True,False,정보충분
J18_S013583,환불요청,배송확인,환불요청,True,True,False,True,정보부족(infopoor)
J18_S013624,배송확인,환불요청,환불요청,False,False,False,False,정보충분
J18_S013626,환불요청,구매진행,환불요청,True,True,True,True,정보부족(infopoor)
J18_S013640,환불요청,배송확인,환불요청,True,True,True,True,정보부족(infopoor)
J18_S013668,환불요청,배송확인,주문취소,False,True,False,False,정보충분
J18_S013684,환불요청,구매진행,구매진행,False,False,False,False,정보충분
J18_S013685,배송확인,서비스이용,서비스이용,False,False,True,False,정보충분
J18_S013688,교환반품,환불요청,배송확인,False,True,False,False,정보충분
J18_S013716,배송확인,구매진행,배송확인,True,True,False,True,정보부족(infopoor)
J18_S013721,환불요청,서비스이용,교환반품,False,True,True,True,정보부족(infopoor)
J18_S013754,환불요청,구매진행,환불요청,True,True,True,True,정보부족(infopoor)
J18_S013771,배송확인,서비스이용,구매진행,False,True,True,True,정보부족(infopoor)
J18_S013779,환불요청,주문취소,주문취소,False,False,False,False,정보충분
J18_S013817,환불요청,주문취소,주문취소,False,False,False,False,정보충분
J18_S013854,환불요청,주문취소,환불요청,True,True,False,True,정보부족(infopoor)
J18_S013857,환불요청,구매진행,환불요청,True,True,True,True,정보부족(infopoor)
J18_S013859,환불요청,불만제기,교환반품,False,True,False,False,정보충분
J18_S013878,환불요청,서비스이용,서비스이용,False,False,False,False,정보충분
J18_S013881,환불요청,주문취소,환불요청,True,True,False,True,정보부족(infopoor)
J18_S013897,환불요청,배송확인,교환반품,False,True,True,True,정보부족(infopoor)
J18_S013903,환불요청,서비스이용,서비스이용,False,False,False,False,정보충분
J18_S013940,환불요청,배송확인,환불요청,True,True,True,True,정보부족(infopoor)
J18_S013954,배송확인,서비스이용,서비스이용,False,False,False,False,정보충분
J18_S014010,환불요청,교환반품,환불요청,True,True,False,True,정보부족(infopoor)
J18_S014020,배송확인,서비스이용,교환반품,False,True,True,True,정보부족(infopoor)
J18_S014050,환불요청,교환반품,교환반품,False,False,False,False,정보충분
J18_S014087,환불요청,교환반품,교환반품,False,False,False,False,정보충분
J18_S014089,환불요청,배송확인,배송확인,False,False,True,False,정보충분
J18_S014100,교환반품,배송확인,배송확인,False,False,False,False,정보충분
J18_S014107,환불요청,구매진행,교환반품,False,True,False,False,정보충분
J18_S014109,배송확인,서비스이용,배송확인,True,True,False,True,정보부족(infopoor)
J18_S014114,환불요청,교환반품,교환반품,False,False,False,False,정보충분
J18_S014116,배송확인,서비스이용,서비스이용,False,False,False,False,정보충분
J18_S014119,환불요청,주문취소,주문취소,False,False,True,False,정보충분
J18_S014147,환불요청,배송확인,교환반품,False,True,False,False,정보충분
J18_S014155,환불요청,주문취소,주문취소,False,False,False,False,정보충분
J18_S014157,환불요청,불만제기,환불요청,True,True,False,True,정보부족(infopoor)
J18_S014192,교환반품,배송확인,배송확인,False,False,False,False,정보충분
J18_S014201,환불요청,서비스이용,서비스이용,False,False,False,False,정보충분
J18_S014233,환불요청,배송확인,환불요청,True,True,True,True,정보부족(infopoor)
J18_S014252,환불요청,배송확인,교환반품,False,True,False,False,정보충분
J18_S014264,환불요청,교환반품,주문취소,False,True,False,False,정보충분
J18_S014278,환불요청,주문취소,교환반품,False,True,False,False,정보충분
J18_S014309,환불요청,배송확인,환불요청,True,True,False,True,정보부족(infopoor)
J18_S014312,교환반품,서비스이용,서비스이용,False,False,False,False,정보충분
J18_S014313,환불요청,주문취소,주문취소,False,False,False,False,정보충분
J18_S014314,교환반품,주문취소,주문취소,False,False,False,False,정보충분
J18_S014316,배송확인,서비스이용,불만제기,False,True,False,False,정보충분
J18_S014318,환불요청,서비스이용,환불요청,True,True,False,True,정보부족(infopoor)
J18_S014319,환불요청,주문취소,환불요청,True,True,False,True,정보부족(infopoor)
J18_S014320,환불요청,배송확인,환불요청,True,True,False,True,정보부족(infopoor)
J18_S014335,환불요청,교환반품,교환반품,False,False,False,False,정보충분
J18_S014339,환불요청,교환반품,교환반품,False,False,True,False,정보충분
J18_S014348,환불요청,교환반품,환불요청,True,True,False,True,정보부족(infopoor)
J18_S014350,배송확인,서비스이용,배송확인,True,True,True,True,정보부족(infopoor)
J18_S014367,구매진행,서비스이용,배송확인,False,True,False,False,정보충분
J18_S014374,교환반품,환불요청,환불요청,False,False,False,False,정보충분
J18_S014409,환불요청,배송확인,환불요청,True,True,False,True,정보부족(infopoor)
J18_S014424,환불요청,서비스이용,교환반품,False,True,True,True,정보부족(infopoor)
J18_S014435,환불요청,서비스이용,구매진행,False,True,True,True,정보부족(infopoor)
J18_S014445,환불요청,불만제기,환불요청,True,True,True,True,정보부족(infopoor)
J18_S014448,배송확인,불만제기,배송확인,True,True,True,True,정보부족(infopoor)
J18_S014511,환불요청,교환반품,교환반품,False,False,False,False,정보충분
J18_S014519,배송확인,서비스이용,배송확인,True,True,False,True,정보부족(infopoor)
J18_S014524,배송확인,서비스이용,서비스이용,False,False,False,False,정보충분
J18_S014529,환불요청,서비스이용,교환반품,False,True,True,True,정보부족(infopoor)
J18_S014559,환불요청,배송확인,교환반품,False,True,False,False,정보충분
J18_S014583,환불요청,교환반품,환불요청,True,True,False,True,정보부족(infopoor)
J18_S014599,환불요청,교환반품,교환반품,False,False,False,False,정보충분
J18_S014613,환불요청,서비스이용,환불요청,True,True,False,True,정보부족(infopoor)
J18_S014628,배송확인,서비스이용,배송확인,True,True,True,True,정보부족(infopoor)
J18_S014633,배송확인,교환반품,교환반품,False,False,True,False,정보충분
J18_S014641,환불요청,배송확인,환불요청,True,True,False,True,정보부족(infopoor)
J18_S014675,환불요청,배송확인,환불요청,True,True,True,True,정보부족(infopoor)
J18_S014683,배송확인,교환반품,교환반품,False,False,False,False,정보충분
J18_S014694,배송확인,서비스이용,서비스이용,False,False,False,False,정보충분
J18_S014712,교환반품,불만제기,배송확인,False,True,False,False,정보충분
J18_S014713,환불요청,서비스이용,환불요청,True,True,False,True,정보부족(infopoor)
J18_S014714,환불요청,배송확인,교환반품,False,True,False,False,정보충분
J18_S014729,배송확인,구매진행,배송확인,True,True,False,True,정보부족(infopoor)
J18_S014740,환불요청,교환반품,교환반품,False,False,False,False,정보충분
J18_S014782,환불요청,배송확인,환불요청,True,True,False,True,정보부족(infopoor)
J18_S014786,환불요청,구매진행,환불요청,True,True,False,True,정보부족(infopoor)
J18_S014851,환불요청,주문취소,주문취소,False,False,True,False,정보충분
J18_S014853,환불요청,교환반품,환불요청,True,True,True,True,정보부족(infopoor)
J18_S014861,교환반품,배송확인,배송확인,False,False,True,False,정보충분
J18_S014874,배송확인,구매진행,배송확인,True,True,False,True,정보부족(infopoor)
J18_S014881,배송확인,불만제기,배송확인,True,True,False,True,정보부족(infopoor)
J18_S014886,배송확인,교환반품,교환반품,False,False,False,False,정보충분
J18_S014891,환불요청,배송확인,주문취소,False,True,True,True,정보부족(infopoor)
J18_S014894,환불요청,주문취소,주문취소,False,False,False,False,정보충분
J18_S014899,배송확인,교환반품,교환반품,False,False,False,False,정보충분
J18_S014903,환불요청,주문취소,주문취소,False,False,False,False,정보충분
J18_S014924,환불요청,주문취소,주문취소,False,False,False,False,정보충분
J18_S014930,환불요청,주문취소,주문취소,False,False,False,False,정보충분
J18_S014932,배송확인,서비스이용,서비스이용,False,False,False,False,정보충분
J18_S014940,환불요청,교환반품,환불요청,True,True,False,True,정보부족(infopoor)
J18_S014963,환불요청,서비스이용,환불요청,True,True,False,True,정보부족(infopoor)
J18_S014995,환불요청,구매진행,환불요청,True,True,False,True,정보부족(infopoor)
J18_S015014,환불요청,배송확인,교환반품,False,True,False,False,정보충분
J18_S015015,배송확인,서비스이용,서비스이용,False,False,False,False,정보충분
J18_S015029,배송확인,주문취소,배송확인,True,True,False,True,정보부족(infopoor)
J18_S015030,환불요청,교환반품,교환반품,False,False,False,False,정보충분
J18_S015045,환불요청,교환반품,교환반품,False,False,False,False,정보충분
J18_S015066,배송확인,불만제기,배송확인,True,True,False,True,정보부족(infopoor)
J18_S015073,배송확인,교환반품,배송확인,True,True,False,True,정보부족(infopoor)
J18_S015076,환불요청,교환반품,환불요청,True,True,False,True,정보부족(infopoor)
J18_S015092,배송확인,교환반품,불만제기,False,True,True,True,정보부족(infopoor)
J18_S015104,환불요청,교환반품,교환반품,False,False,False,False,정보충분
J18_S015111,환불요청,배송확인,교환반품,False,True,False,False,정보충분
J18_S015119,배송확인,서비스이용,배송확인,True,True,False,True,정보부족(infopoor)
J18_S015127,환불요청,교환반품,교환반품,False,False,False,False,정보충분
J18_S015139,배송확인,구매진행,배송확인,True,True,False,True,정보부족(infopoor)
J18_S015185,교환반품,서비스이용,배송확인,False,True,False,False,정보충분
J18_S015205,배송확인,서비스이용,배송확인,True,True,False,True,정보부족(infopoor)
J18_S015206,환불요청,교환반품,환불요청,True,True,False,True,정보부족(infopoor)
J18_S015211,배송확인,교환반품,교환반품,False,False,True,False,정보충분
J18_S015220,환불요청,배송확인,교환반품,False,True,False,False,정보충분
J18_S015222,환불요청,교환반품,교환반품,False,False,False,False,정보충분
J18_S015227,환불요청,주문취소,주문취소,False,False,False,False,정보충분
J18_S015233,환불요청,교환반품,교환반품,False,False,False,False,정보충분
J18_S015234,환불요청,교환반품,주문취소,False,True,False,False,정보충분
J18_S015236,배송확인,서비스이용,배송확인,True,True,True,True,정보부족(infopoor)
J18_S015247,배송확인,교환반품,교환반품,False,False,False,False,정보충분
J18_S015264,환불요청,교환반품,교환반품,False,False,False,False,정보충분
J18_S015272,환불요청,서비스이용,배송확인,False,True,False,False,정보충분
J18_S015345,배송확인,서비스이용,환불요청,False,True,False,False,정보충분
J18_S015355,배송확인,서비스이용,주문취소,False,True,False,False,정보충분
J18_S015369,환불요청,주문취소,주문취소,False,False,False,False,정보충분
J18_S015376,환불요청,주문취소,주문취소,False,False,False,False,정보충분
J18_S015398,배송확인,서비스이용,서비스이용,False,False,False,False,정보충분
J18_S015399,환불요청,배송확인,환불요청,True,True,True,True,정보부족(infopoor)
J18_S015400,환불요청,서비스이용,구매진행,False,True,False,False,정보충분
J18_S015409,환불요청,교환반품,교환반품,False,False,False,False,정보충분
J18_S015438,환불요청,불만제기,환불요청,True,True,True,True,정보부족(infopoor)
J18_S015439,환불요청,교환반품,교환반품,False,False,False,False,정보충분
J18_S015440,배송확인,서비스이용,배송확인,True,True,True,True,정보부족(infopoor)
J18_S015444,환불요청,주문취소,교환반품,False,True,False,False,정보충분
J18_S015498,환불요청,서비스이용,구매진행,False,True,False,False,정보충분
J18_S015506,환불요청,배송확인,배송확인,False,False,False,False,정보충분
J18_S015511,환불요청,배송확인,배송확인,False,False,True,False,정보충분
J18_S015521,환불요청,주문취소,교환반품,False,True,True,True,정보부족(infopoor)
J18_S015526,교환반품,배송확인,배송확인,False,False,False,False,정보충분
J18_S015543,환불요청,서비스이용,환불요청,True,True,True,True,정보부족(infopoor)
J18_S015551,환불요청,배송확인,교환반품,False,True,False,False,정보충분
J18_S015589,환불요청,주문취소,주문취소,False,False,False,False,정보충분
J18_S015605,환불요청,주문취소,환불요청,True,True,False,True,정보부족(infopoor)
J18_S015619,배송확인,불만제기,불만제기,False,False,False,False,정보충분
J18_S015635,환불요청,교환반품,환불요청,True,True,False,True,정보부족(infopoor)
J18_S015650,배송확인,환불요청,배송확인,True,True,False,True,정보부족(infopoor)
J18_S015651,환불요청,교환반품,교환반품,False,False,False,False,정보충분
J18_S015655,환불요청,주문취소,환불요청,True,True,False,True,정보부족(infopoor)
J18_S015659,환불요청,배송확인,환불요청,True,True,True,True,정보부족(infopoor)
J18_S015664,환불요청,교환반품,교환반품,False,False,False,False,정보충분
J18_S015678,환불요청,구매진행,환불요청,True,True,True,True,정보부족(infopoor)
J18_S015681,교환반품,배송확인,배송확인,False,False,False,False,정보충분
J18_S015705,환불요청,배송확인,교환반품,False,True,True,True,정보부족(infopoor)
J18_S015766,환불요청,배송확인,주문취소,False,True,True,True,정보부족(infopoor)
J18_S015774,배송확인,환불요청,배송확인,True,True,True,True,정보부족(infopoor)
J18_S015776,환불요청,서비스이용,서비스이용,False,False,False,False,정보충분
J18_S015804,환불요청,교환반품,환불요청,True,True,False,True,정보부족(infopoor)
J18_S015805,환불요청,서비스이용,환불요청,True,True,True,True,정보부족(infopoor)
J18_S015864,배송확인,서비스이용,불만제기,False,True,False,False,정보충분
J18_S015867,환불요청,배송확인,배송확인,False,False,False,False,정보충분
J18_S015894,환불요청,서비스이용,교환반품,False,True,False,False,정보충분
J18_S015899,환불요청,주문취소,주문취소,False,False,False,False,정보충분
J18_S015903,배송확인,서비스이용,서비스이용,False,False,False,False,정보충분
J18_S015912,배송확인,서비스이용,서비스이용,False,False,False,False,정보충분
J18_S015934,배송확인,서비스이용,배송확인,True,True,True,True,정보부족(infopoor)
J18_S015954,배송확인,교환반품,배송확인,True,True,False,True,정보부족(infopoor)
J18_S015968,배송확인,주문취소,배송확인,True,True,True,True,정보부족(infopoor)
J18_S015988,교환반품,서비스이용,서비스이용,False,False,False,False,정보충분
J18_S015991,환불요청,불만제기,주문취소,False,True,False,False,정보충분
J18_S015999,배송확인,서비스이용,서비스이용,False,False,False,False,정보충분
J18_S016042,환불요청,배송확인,배송확인,False,False,False,False,정보충분
J18_S016043,환불요청,구매진행,교환반품,False,True,True,True,정보부족(infopoor)
J18_S016053,교환반품,불만제기,배송확인,False,True,True,True,정보부족(infopoor)
J18_S016087,환불요청,주문취소,주문취소,False,False,False,False,정보충분
J18_S016088,배송확인,교환반품,배송확인,True,True,True,True,정보부족(infopoor)
J18_S016089,배송확인,구매진행,배송확인,True,True,False,True,정보부족(infopoor)
J18_S016090,환불요청,서비스이용,환불요청,True,True,True,True,정보부족(infopoor)
J18_S016124,환불요청,서비스이용,불만제기,False,True,True,True,정보부족(infopoor)
J18_S016146,배송확인,서비스이용,배송확인,True,True,True,True,정보부족(infopoor)
J18_S016159,배송확인,교환반품,배송확인,True,True,False,True,정보부족(infopoor)
J18_S016167,환불요청,주문취소,교환반품,False,True,False,False,정보충분
J18_S016201,환불요청,배송확인,환불요청,True,True,True,True,정보부족(infopoor)
J18_S016217,환불요청,교환반품,환불요청,True,True,False,True,정보부족(infopoor)
J18_S016225,환불요청,교환반품,환불요청,True,True,False,True,정보부족(infopoor)
J18_S016255,배송확인,구매진행,불만제기,False,True,False,False,정보충분
J18_S016261,환불요청,교환반품,교환반품,False,False,False,False,정보충분
J18_S016281,배송확인,구매진행,배송확인,True,True,True,True,정보부족(infopoor)
J18_S016284,환불요청,주문취소,환불요청,True,True,False,True,정보부족(infopoor)
J18_S016298,배송확인,불만제기,교환반품,False,True,False,False,정보충분
J18_S016304,환불요청,서비스이용,서비스이용,False,False,False,False,정보충분
J18_S016331,배송확인,교환반품,배송확인,True,True,False,True,정보부족(infopoor)
J18_S016338,환불요청,교환반품,환불요청,True,True,False,True,정보부족(infopoor)
J18_S016341,환불요청,주문취소,주문취소,False,False,False,False,정보충분
J18_S016404,환불요청,배송확인,주문취소,False,True,False,False,정보충분
J18_S016416,환불요청,서비스이용,서비스이용,False,False,True,False,정보충분
J18_S016455,환불요청,배송확인,교환반품,False,True,False,False,정보충분
J18_S016458,배송확인,구매진행,배송확인,True,True,False,True,정보부족(infopoor)
J18_S016484,배송확인,서비스이용,서비스이용,False,False,True,False,정보충분
J18_S016485,환불요청,주문취소,주문취소,False,False,False,False,정보충분
J18_S016494,환불요청,주문취소,교환반품,False,True,True,True,정보부족(infopoor)
J18_S016516,환불요청,구매진행,구매진행,False,False,True,False,정보충분
J18_S016558,배송확인,교환반품,교환반품,False,False,False,False,정보충분
J18_S016562,교환반품,환불요청,배송확인,False,True,False,False,정보충분
J18_S016574,환불요청,배송확인,주문취소,False,True,False,False,정보충분
J18_S016585,교환반품,환불요청,환불요청,False,False,False,False,정보충분
J18_S016591,환불요청,주문취소,주문취소,False,False,False,False,정보충분
J18_S016673,배송확인,구매진행,배송확인,True,True,True,True,정보부족(infopoor)
J18_S016674,환불요청,주문취소,주문취소,False,False,False,False,정보충분
J18_S016681,환불요청,주문취소,환불요청,True,True,False,True,정보부족(infopoor)
J18_S016721,환불요청,주문취소,주문취소,False,False,False,False,정보충분
J18_S016734,환불요청,구매진행,환불요청,True,True,True,True,정보부족(infopoor)
J18_S016735,환불요청,교환반품,교환반품,False,False,False,False,정보충분
J18_S016743,환불요청,배송확인,주문취소,False,True,True,True,정보부족(infopoor)
J18_S016758,환불요청,배송확인,주문취소,False,True,True,True,정보부족(infopoor)
J18_S016769,환불요청,배송확인,배송확인,False,False,False,False,정보충분
J18_S016773,환불요청,주문취소,주문취소,False,False,False,False,정보충분
J18_S016800,배송확인,불만제기,불만제기,False,False,False,False,정보충분
J18_S016821,배송확인,서비스이용,배송확인,True,True,True,True,정보부족(infopoor)
J18_S016841,환불요청,불만제기,불만제기,False,False,False,False,정보충분
J18_S016843,배송확인,서비스이용,배송확인,True,True,True,True,정보부족(infopoor)
J18_S016844,배송확인,구매진행,배송확인,True,True,True,True,정보부족(infopoor)
J18_S016884,환불요청,배송확인,환불요청,True,True,True,True,정보부족(infopoor)
J18_S016888,환불요청,주문취소,교환반품,False,True,True,True,정보부족(infopoor)
J18_S016913,환불요청,주문취소,환불요청,True,True,False,True,정보부족(infopoor)
J18_S016928,환불요청,교환반품,환불요청,True,True,False,True,정보부족(infopoor)
J18_S016930,환불요청,불만제기,환불요청,True,True,False,True,정보부족(infopoor)
J18_S016931,환불요청,교환반품,교환반품,False,False,False,False,정보충분
J18_S016932,배송확인,구매진행,배송확인,True,True,False,True,정보부족(infopoor)
J18_S016940,환불요청,배송확인,배송확인,False,False,False,False,정보충분
J18_S016947,배송확인,서비스이용,서비스이용,False,False,True,False,정보충분
J18_S016958,배송확인,서비스이용,배송확인,True,True,True,True,정보부족(infopoor)
J18_S016967,환불요청,주문취소,교환반품,False,True,True,True,정보부족(infopoor)
J18_S016971,환불요청,배송확인,환불요청,True,True,False,True,정보부족(infopoor)
J18_S017037,환불요청,배송확인,교환반품,False,True,False,False,정보충분
J18_S017047,환불요청,교환반품,구매진행,False,True,False,False,정보충분
J18_S017054,교환반품,불만제기,환불요청,False,True,True,True,정보부족(infopoor)
J18_S017067,환불요청,배송확인,교환반품,False,True,False,False,정보충분
J18_S017081,환불요청,배송확인,환불요청,True,True,False,True,정보부족(infopoor)
J18_S017087,환불요청,교환반품,교환반품,False,False,False,False,정보충분
J18_S017094,환불요청,구매진행,배송확인,False,True,True,True,정보부족(infopoor)
J18_S017100,교환반품,서비스이용,서비스이용,False,False,False,False,정보충분
J18_S017110,환불요청,교환반품,환불요청,True,True,True,True,정보부족(infopoor)
J18_S017169,환불요청,교환반품,교환반품,False,False,False,False,정보충분
J18_S017190,환불요청,교환반품,환불요청,True,True,False,True,정보부족(infopoor)
J18_S017219,환불요청,교환반품,주문취소,False,True,False,False,정보충분
J18_S017233,환불요청,구매진행,환불요청,True,True,True,True,정보부족(infopoor)
J18_S017237,환불요청,구매진행,교환반품,False,True,False,False,정보충분
J18_S017250,배송확인,서비스이용,서비스이용,False,False,False,False,정보충분
J18_S017265,환불요청,교환반품,교환반품,False,False,False,False,정보충분
J18_S017338,환불요청,서비스이용,환불요청,True,True,False,True,정보부족(infopoor)
J18_S017391,교환반품,배송확인,배송확인,False,False,True,False,정보충분
J18_S017417,환불요청,배송확인,교환반품,False,True,True,True,정보부족(infopoor)
J18_S017421,배송확인,구매진행,배송확인,True,True,True,True,정보부족(infopoor)
J18_S017435,환불요청,불만제기,배송확인,False,True,True,True,정보부족(infopoor)
J18_S017451,환불요청,서비스이용,환불요청,True,True,True,True,정보부족(infopoor)
J18_S017466,배송확인,교환반품,교환반품,False,False,False,False,정보충분
J18_S017481,환불요청,배송확인,환불요청,True,True,True,True,정보부족(infopoor)
J18_S017488,환불요청,서비스이용,환불요청,True,True,True,True,정보부족(infopoor)
J18_S017491,환불요청,구매진행,환불요청,True,True,True,True,정보부족(infopoor)
J18_S017532,배송확인,서비스이용,배송확인,True,True,False,True,정보부족(infopoor)
J18_S017563,환불요청,교환반품,주문취소,False,True,False,False,정보충분
J18_S017608,환불요청,배송확인,환불요청,True,True,False,True,정보부족(infopoor)
J18_S017630,환불요청,배송확인,환불요청,True,True,True,True,정보부족(infopoor)
J18_S017633,환불요청,교환반품,배송확인,False,True,False,False,정보충분
J18_S017640,환불요청,배송확인,배송확인,False,False,False,False,정보충분
J18_S017649,환불요청,주문취소,주문취소,False,False,True,False,정보충분
J18_S017665,환불요청,배송확인,교환반품,False,True,True,True,정보부족(infopoor)
J18_S017701,환불요청,교환반품,교환반품,False,False,False,False,정보충분
J18_S017708,환불요청,서비스이용,교환반품,False,True,True,True,정보부족(infopoor)
J18_S017711,환불요청,서비스이용,환불요청,True,True,False,True,정보부족(infopoor)
J18_S017721,환불요청,주문취소,교환반품,False,True,False,False,정보충분
J18_S017725,배송확인,서비스이용,서비스이용,False,False,True,False,정보충분
J18_S017730,환불요청,교환반품,교환반품,False,False,False,False,정보충분
J18_S017737,환불요청,배송확인,교환반품,False,True,False,False,정보충분
J18_S017754,환불요청,주문취소,환불요청,True,True,False,True,정보부족(infopoor)
J18_S017782,환불요청,구매진행,구매진행,False,False,False,False,정보충분
J18_S017839,환불요청,배송확인,주문취소,False,True,False,False,정보충분
J18_S017864,환불요청,교환반품,교환반품,False,False,False,False,정보충분
J18_S017876,환불요청,구매진행,주문취소,False,True,True,True,정보부족(infopoor)
J18_S017877,환불요청,배송확인,배송확인,False,False,False,False,정보충분
J18_S017887,환불요청,서비스이용,교환반품,False,True,True,True,정보부족(infopoor)
J18_S017894,환불요청,불만제기,환불요청,True,True,False,True,정보부족(infopoor)
J18_S017905,환불요청,불만제기,환불요청,True,True,True,True,정보부족(infopoor)
J18_S017906,환불요청,주문취소,환불요청,True,True,True,True,정보부족(infopoor)
J18_S017908,환불요청,구매진행,교환반품,False,True,True,True,정보부족(infopoor)
J18_S017952,환불요청,교환반품,교환반품,False,False,False,False,정보충분
J18_S017969,환불요청,주문취소,주문취소,False,False,False,False,정보충분
J18_S017999,환불요청,주문취소,주문취소,False,False,False,False,정보충분
J18_S018008,환불요청,배송확인,배송확인,False,False,True,False,정보충분
J18_S018011,환불요청,불만제기,불만제기,False,False,False,False,정보충분
J18_S018043,배송확인,서비스이용,서비스이용,False,False,False,False,정보충분
J18_S018073,배송확인,불만제기,배송확인,True,True,True,True,정보부족(infopoor)
J18_S018105,환불요청,주문취소,주문취소,False,False,False,False,정보충분
J18_S018134,환불요청,주문취소,환불요청,True,True,False,True,정보부족(infopoor)
J18_S018183,환불요청,교환반품,환불요청,True,True,True,True,정보부족(infopoor)
J18_S018260,환불요청,배송확인,주문취소,False,True,False,False,정보충분
J18_S018267,환불요청,배송확인,배송확인,False,False,False,False,정보충분
J18_S018270,배송확인,서비스이용,배송확인,True,True,False,True,정보부족(infopoor)
J18_S018272,환불요청,배송확인,주문취소,False,True,True,True,정보부족(infopoor)
J18_S018281,환불요청,불만제기,주문취소,False,True,False,False,정보충분
J18_S018294,환불요청,배송확인,교환반품,False,True,True,True,정보부족(infopoor)
J18_S018329,배송확인,환불요청,배송확인,True,True,True,True,정보부족(infopoor)
J18_S018357,환불요청,불만제기,환불요청,True,True,False,True,정보부족(infopoor)
J18_S018358,배송확인,교환반품,배송확인,True,True,False,True,정보부족(infopoor)
J18_S018375,환불요청,구매진행,환불요청,True,True,True,True,정보부족(infopoor)
J18_S018400,환불요청,교환반품,교환반품,False,False,False,False,정보충분
J18_S018407,배송확인,교환반품,배송확인,True,True,False,True,정보부족(infopoor)
J18_S018415,환불요청,배송확인,배송확인,False,False,False,False,정보충분
J18_S018443,배송확인,교환반품,교환반품,False,False,False,False,정보충분
J18_S018447,배송확인,서비스이용,서비스이용,False,False,False,False,정보충분
J18_S018448,환불요청,서비스이용,환불요청,True,True,False,True,정보부족(infopoor)
J18_S018451,환불요청,주문취소,주문취소,False,False,False,False,정보충분
J18_S018467,환불요청,배송확인,교환반품,False,True,False,False,정보충분
J18_S018471,환불요청,주문취소,주문취소,False,False,False,False,정보충분
J18_S018500,환불요청,교환반품,교환반품,False,False,False,False,정보충분
J18_S018527,배송확인,서비스이용,서비스이용,False,False,True,False,정보충분
J18_S018551,배송확인,구매진행,배송확인,True,True,True,True,정보부족(infopoor)
J18_S018552,배송확인,서비스이용,서비스이용,False,False,False,False,정보충분
J18_S018555,배송확인,불만제기,배송확인,True,True,True,True,정보부족(infopoor)
J18_S018560,환불요청,주문취소,환불요청,True,True,False,True,정보부족(infopoor)
J18_S018577,배송확인,서비스이용,배송확인,True,True,True,True,정보부족(infopoor)
J18_S018592,환불요청,주문취소,환불요청,True,True,False,True,정보부족(infopoor)
J18_S018607,환불요청,주문취소,환불요청,True,True,False,True,정보부족(infopoor)
J18_S018628,환불요청,불만제기,배송확인,False,True,False,False,정보충분
J18_S018634,배송확인,구매진행,구매진행,False,False,True,False,정보충분
J18_S018645,환불요청,주문취소,주문취소,False,False,False,False,정보충분
J18_S018712,환불요청,구매진행,환불요청,True,True,True,True,정보부족(infopoor)
J18_S018720,환불요청,주문취소,주문취소,False,False,False,False,정보충분
J18_S018722,환불요청,서비스이용,환불요청,True,True,False,True,정보부족(infopoor)
J18_S018731,환불요청,서비스이용,서비스이용,False,False,False,False,정보충분
J18_S018742,환불요청,교환반품,환불요청,True,True,False,True,정보부족(infopoor)
J18_S018771,환불요청,구매진행,배송확인,False,True,False,False,정보충분
J18_S018783,환불요청,배송확인,배송확인,False,False,False,False,정보충분
J18_S018812,환불요청,주문취소,주문취소,False,False,False,False,정보충분
J18_S018813,배송확인,서비스이용,서비스이용,False,False,True,False,정보충분
J18_S018820,환불요청,교환반품,교환반품,False,False,False,False,정보충분
J18_S018829,배송확인,불만제기,배송확인,True,True,False,True,정보부족(infopoor)
J18_S018837,환불요청,교환반품,교환반품,False,False,False,False,정보충분
J18_S018877,환불요청,배송확인,환불요청,True,True,False,True,정보부족(infopoor)
J18_S018900,환불요청,교환반품,환불요청,True,True,False,True,정보부족(infopoor)
J18_S018905,환불요청,배송확인,주문취소,False,True,True,True,정보부족(infopoor)
J18_S018915,환불요청,교환반품,환불요청,True,True,False,True,정보부족(infopoor)
J18_S018941,배송확인,서비스이용,서비스이용,False,False,True,False,정보충분
J18_S018971,배송확인,구매진행,배송확인,True,True,True,True,정보부족(infopoor)
J18_S018989,배송확인,서비스이용,배송확인,True,True,True,True,정보부족(infopoor)
J18_S019009,배송확인,서비스이용,서비스이용,False,False,False,False,정보충분
J18_S019023,환불요청,구매진행,주문취소,False,True,True,True,정보부족(infopoor)
J18_S019050,환불요청,주문취소,주문취소,False,False,True,False,정보충분
J18_S019063,환불요청,주문취소,환불요청,True,True,True,True,정보부족(infopoor)
J18_S019075,환불요청,배송확인,주문취소,False,True,True,True,정보부족(infopoor)
J18_S019084,배송확인,서비스이용,서비스이용,False,False,False,False,정보충분
J18_S019086,배송확인,서비스이용,서비스이용,False,False,True,False,정보충분
J18_S019128,환불요청,교환반품,환불요청,True,True,False,True,정보부족(infopoor)
J18_S019138,환불요청,주문취소,교환반품,False,True,False,False,정보충분
J18_S019145,배송확인,서비스이용,교환반품,False,True,False,False,정보충분
J18_S019152,환불요청,배송확인,환불요청,True,True,True,True,정보부족(infopoor)
J18_S019173,교환반품,환불요청,배송확인,False,True,False,False,정보충분
J18_S019179,배송확인,구매진행,배송확인,True,True,True,True,정보부족(infopoor)
J18_S019235,환불요청,주문취소,주문취소,False,False,False,False,정보충분
J18_S019254,환불요청,배송확인,환불요청,True,True,False,True,정보부족(infopoor)
J18_S019276,환불요청,구매진행,환불요청,True,True,True,True,정보부족(infopoor)
J18_S019277,배송확인,구매진행,배송확인,True,True,True,True,정보부족(infopoor)
J18_S019318,배송확인,구매진행,구매진행,False,False,False,False,정보충분
J18_S019325,환불요청,주문취소,환불요청,True,True,True,True,정보부족(infopoor)
J18_S019365,배송확인,서비스이용,서비스이용,False,False,False,False,정보충분
J18_S019371,배송확인,서비스이용,배송확인,True,True,True,True,정보부족(infopoor)
J18_S019383,배송확인,서비스이용,서비스이용,False,False,False,False,정보충분
J18_S019398,교환반품,서비스이용,교환반품,True,True,True,True,정보부족(infopoor)
J18_S019423,환불요청,주문취소,주문취소,False,False,False,False,정보충분
J18_S019444,환불요청,배송확인,배송확인,False,False,False,False,정보충분
J18_S019453,배송확인,불만제기,배송확인,True,True,False,True,정보부족(infopoor)
J18_S019454,배송확인,환불요청,환불요청,False,False,True,False,정보충분
J18_S019458,배송확인,구매진행,배송확인,True,True,True,True,정보부족(infopoor)
J18_S019499,환불요청,주문취소,교환반품,False,True,True,True,정보부족(infopoor)
J18_S019511,환불요청,구매진행,환불요청,True,True,False,True,정보부족(infopoor)
J18_S019515,환불요청,배송확인,환불요청,True,True,True,True,정보부족(infopoor)
J18_S019516,환불요청,교환반품,환불요청,True,True,False,True,정보부족(infopoor)
J18_S019533,배송확인,구매진행,배송확인,True,True,False,True,정보부족(infopoor)
J18_S019550,교환반품,배송확인,배송확인,False,False,False,False,정보충분
J18_S019555,배송확인,서비스이용,서비스이용,False,False,True,False,정보충분
J18_S019597,환불요청,교환반품,교환반품,False,False,False,False,정보충분
J18_S019620,환불요청,교환반품,교환반품,False,False,False,False,정보충분
J18_S019643,교환반품,환불요청,교환반품,True,True,False,True,정보부족(infopoor)
J18_S019660,환불요청,주문취소,주문취소,False,False,False,False,정보충분
J18_S019661,환불요청,주문취소,주문취소,False,False,False,False,정보충분
J18_S019662,환불요청,주문취소,환불요청,True,True,False,True,정보부족(infopoor)
J18_S019679,환불요청,배송확인,환불요청,True,True,False,True,정보부족(infopoor)
J18_S019686,환불요청,배송확인,환불요청,True,True,False,True,정보부족(infopoor)
J18_S019705,환불요청,배송확인,배송확인,False,False,False,False,정보충분
J18_S019734,환불요청,교환반품,교환반품,False,False,False,False,정보충분
J18_S019764,배송확인,교환반품,배송확인,True,True,True,True,정보부족(infopoor)
J18_S019782,배송확인,구매진행,배송확인,True,True,False,True,정보부족(infopoor)
J18_S019793,교환반품,환불요청,환불요청,False,False,False,False,정보충분
J18_S019800,배송확인,서비스이용,배송확인,True,True,False,True,정보부족(infopoor)
J18_S019801,구매진행,환불요청,환불요청,False,False,False,False,정보충분
J18_S019819,배송확인,서비스이용,서비스이용,False,False,False,False,정보충분
J18_S019826,환불요청,구매진행,주문취소,False,True,False,False,정보충분
J18_S019841,환불요청,주문취소,주문취소,False,False,True,False,정보충분
J18_S019875,환불요청,서비스이용,주문취소,False,True,False,False,정보충분
J18_S019877,환불요청,배송확인,환불요청,True,True,False,True,정보부족(infopoor)
J18_S019885,환불요청,서비스이용,서비스이용,False,False,False,False,정보충분
J18_S019892,환불요청,주문취소,주문취소,False,False,False,False,정보충분
J18_S019893,환불요청,교환반품,교환반품,False,False,False,False,정보충분
J18_S019908,환불요청,교환반품,배송확인,False,True,False,False,정보충분
J18_S019914,환불요청,배송확인,배송확인,False,False,False,False,정보충분
J18_S019923,배송확인,주문취소,배송확인,True,True,True,True,정보부족(infopoor)
J18_S019961,환불요청,주문취소,주문취소,False,False,True,False,정보충분
J18_S019975,배송확인,서비스이용,교환반품,False,True,True,True,정보부족(infopoor)
J18_S019980,배송확인,교환반품,배송확인,True,True,False,True,정보부족(infopoor)
J18_S019993,환불요청,배송확인,주문취소,False,True,True,True,정보부족(infopoor)
J18_S020034,배송확인,불만제기,불만제기,False,False,True,False,정보충분
J18_S020055,배송확인,주문취소,배송확인,True,True,False,True,정보부족(infopoor)
J18_S020071,배송확인,서비스이용,배송확인,True,True,True,True,정보부족(infopoor)
J18_S020079,환불요청,구매진행,교환반품,False,True,True,True,정보부족(infopoor)
J18_S020080,환불요청,서비스이용,배송확인,False,True,False,False,정보충분
J18_S020084,배송확인,불만제기,불만제기,False,False,False,False,정보충분
J18_S020086,배송확인,서비스이용,배송확인,True,True,False,True,정보부족(infopoor)
J18_S020091,환불요청,주문취소,환불요청,True,True,False,True,정보부족(infopoor)
J18_S020096,환불요청,구매진행,구매진행,False,False,True,False,정보충분
J18_S020109,배송확인,교환반품,배송확인,True,True,False,True,정보부족(infopoor)
J18_S020114,구매진행,주문취소,주문취소,False,False,True,False,정보충분
J18_S020134,배송확인,서비스이용,서비스이용,False,False,False,False,정보충분
J18_S020142,배송확인,교환반품,배송확인,True,True,False,True,정보부족(infopoor)
J18_S020156,환불요청,주문취소,환불요청,True,True,False,True,정보부족(infopoor)
J18_S020170,환불요청,주문취소,주문취소,False,False,False,False,정보충분
J18_S020172,교환반품,환불요청,환불요청,False,False,False,False,정보충분
J18_S020173,배송확인,서비스이용,배송확인,True,True,False,True,정보부족(infopoor)
J18_S020174,배송확인,교환반품,배송확인,True,True,False,True,정보부족(infopoor)
J18_S020196,환불요청,배송확인,배송확인,False,False,False,False,정보충분
J18_S020229,배송확인,교환반품,교환반품,False,False,False,False,정보충분
J18_S020234,환불요청,서비스이용,주문취소,False,True,False,False,정보충분
J18_S020236,배송확인,환불요청,환불요청,False,False,True,False,정보충분
J18_S020253,환불요청,주문취소,주문취소,False,False,False,False,정보충분
J18_S020254,환불요청,배송확인,환불요청,True,True,False,True,정보부족(infopoor)
J18_S020262,배송확인,교환반품,배송확인,True,True,False,True,정보부족(infopoor)
J18_S020276,환불요청,배송확인,배송확인,False,False,False,False,정보충분
J18_S020288,교환반품,배송확인,배송확인,False,False,False,False,정보충분
J18_S020347,배송확인,서비스이용,서비스이용,False,False,False,False,정보충분
J18_S020362,교환반품,서비스이용,서비스이용,False,False,False,False,정보충분
J18_S020373,교환반품,배송확인,배송확인,False,False,False,False,정보충분
J18_S020374,배송확인,서비스이용,서비스이용,False,False,False,False,정보충분
J18_S020377,배송확인,서비스이용,서비스이용,False,False,False,False,정보충분
J18_S020382,환불요청,서비스이용,구매진행,False,True,True,True,정보부족(infopoor)
J18_S020411,배송확인,서비스이용,주문취소,False,True,True,True,정보부족(infopoor)
J18_S020437,배송확인,서비스이용,불만제기,False,True,False,False,정보충분
J18_S020453,교환반품,배송확인,배송확인,False,False,False,False,정보충분
J18_S020457,배송확인,교환반품,배송확인,True,True,False,True,정보부족(infopoor)
J18_S020477,배송확인,서비스이용,배송확인,True,True,True,True,정보부족(infopoor)
J18_S020486,배송확인,서비스이용,서비스이용,False,False,False,False,정보충분
J18_S020488,환불요청,교환반품,환불요청,True,True,False,True,정보부족(infopoor)
J18_S020508,환불요청,서비스이용,서비스이용,False,False,False,False,정보충분
J18_S020524,배송확인,교환반품,배송확인,True,True,True,True,정보부족(infopoor)
J18_S020534,환불요청,서비스이용,서비스이용,False,False,False,False,정보충분
J18_S020544,환불요청,주문취소,환불요청,True,True,False,True,정보부족(infopoor)
J18_S020562,환불요청,배송확인,환불요청,True,True,True,True,정보부족(infopoor)
J18_S020567,배송확인,구매진행,배송확인,True,True,True,True,정보부족(infopoor)
J18_S020573,교환반품,배송확인,교환반품,True,True,True,True,정보부족(infopoor)
J18_S020594,환불요청,배송확인,환불요청,True,True,True,True,정보부족(infopoor)
J18_S020605,환불요청,주문취소,주문취소,False,False,True,False,정보충분
J18_S020647,교환반품,환불요청,주문취소,False,True,True,True,정보부족(infopoor)
J18_S020661,환불요청,주문취소,환불요청,True,True,False,True,정보부족(infopoor)
J18_S020695,배송확인,교환반품,배송확인,True,True,True,True,정보부족(infopoor)
J18_S020696,환불요청,주문취소,환불요청,True,True,True,True,정보부족(infopoor)
J18_S020715,교환반품,환불요청,구매진행,False,True,True,True,정보부족(infopoor)
J18_S020717,환불요청,배송확인,교환반품,False,True,True,True,정보부족(infopoor)
J18_S020725,환불요청,주문취소,환불요청,True,True,False,True,정보부족(infopoor)
J18_S020759,배송확인,서비스이용,서비스이용,False,False,False,False,정보충분
J18_S020814,환불요청,서비스이용,교환반품,False,True,True,True,정보부족(infopoor)
J18_S020847,환불요청,주문취소,주문취소,False,False,False,False,정보충분
J18_S020910,배송확인,서비스이용,배송확인,True,True,True,True,정보부족(infopoor)
J18_S020913,환불요청,서비스이용,주문취소,False,True,False,False,정보충분
J18_S020935,환불요청,주문취소,교환반품,False,True,True,True,정보부족(infopoor)
J18_S020963,배송확인,불만제기,불만제기,False,False,True,False,정보충분
J18_S020971,배송확인,서비스이용,불만제기,False,True,True,True,정보부족(infopoor)
J18_S020985,배송확인,불만제기,불만제기,False,False,True,False,정보충분
J18_S020991,배송확인,서비스이용,배송확인,True,True,True,True,정보부족(infopoor)
J18_S021007,환불요청,교환반품,교환반품,False,False,False,False,정보충분
J18_S021018,환불요청,주문취소,주문취소,False,False,False,False,정보충분
J18_S021022,환불요청,배송확인,배송확인,False,False,False,False,정보충분
J18_S021027,교환반품,배송확인,배송확인,False,False,False,False,정보충분
J18_S021045,환불요청,주문취소,주문취소,False,False,False,False,정보충분
J18_S021053,환불요청,주문취소,환불요청,True,True,False,True,정보부족(infopoor)
J18_S021059,배송확인,교환반품,배송확인,True,True,True,True,정보부족(infopoor)
J18_S021090,환불요청,불만제기,배송확인,False,True,True,True,정보부족(infopoor)
J18_S021151,배송확인,구매진행,배송확인,True,True,False,True,정보부족(infopoor)
J18_S021168,환불요청,서비스이용,구매진행,False,True,True,True,정보부족(infopoor)
J18_S021179,환불요청,배송확인,환불요청,True,True,True,True,정보부족(infopoor)
J18_S021185,환불요청,주문취소,서비스이용,False,True,False,False,정보충분
J18_S021199,환불요청,교환반품,환불요청,True,True,False,True,정보부족(infopoor)
J18_S021218,환불요청,주문취소,주문취소,False,False,False,False,정보충분
J18_S021250,배송확인,주문취소,구매진행,False,True,False,False,정보충분
J18_S021271,환불요청,배송확인,교환반품,False,True,True,True,정보부족(infopoor)
J18_S021281,교환반품,배송확인,배송확인,False,False,True,False,정보충분
J18_S021316,환불요청,배송확인,환불요청,True,True,True,True,정보부족(infopoor)
J18_S021319,배송확인,구매진행,구매진행,False,False,False,False,정보충분
J18_S021349,환불요청,교환반품,교환반품,False,False,False,False,정보충분
J18_S021367,교환반품,불만제기,환불요청,False,True,True,True,정보부족(infopoor)
J18_S021373,배송확인,구매진행,배송확인,True,True,True,True,정보부족(infopoor)
J18_S021375,환불요청,배송확인,주문취소,False,True,False,False,정보충분
J18_S021412,환불요청,서비스이용,서비스이용,False,False,False,False,정보충분
J18_S021414,배송확인,서비스이용,서비스이용,False,False,False,False,정보충분
J18_S021417,환불요청,교환반품,환불요청,True,True,False,True,정보부족(infopoor)
J18_S021422,배송확인,구매진행,배송확인,True,True,False,True,정보부족(infopoor)
J18_S021464,환불요청,주문취소,주문취소,False,False,False,False,정보충분
J18_S021474,교환반품,서비스이용,환불요청,False,True,True,True,정보부족(infopoor)
J18_S021485,환불요청,교환반품,교환반품,False,False,False,False,정보충분
J18_S021497,배송확인,불만제기,불만제기,False,False,True,False,정보충분
J18_S021498,배송확인,서비스이용,서비스이용,False,False,False,False,정보충분
J18_S021504,환불요청,배송확인,배송확인,False,False,True,False,정보충분
J18_S021517,교환반품,주문취소,주문취소,False,False,True,False,정보충분
J18_S021536,환불요청,배송확인,환불요청,True,True,True,True,정보부족(infopoor)
J18_S021542,환불요청,배송확인,배송확인,False,False,False,False,정보충분
J18_S021566,환불요청,서비스이용,환불요청,True,True,True,True,정보부족(infopoor)
J18_S021577,환불요청,주문취소,주문취소,False,False,False,False,정보충분
J18_S021578,교환반품,환불요청,환불요청,False,False,False,False,정보충분
J18_S021613,환불요청,서비스이용,서비스이용,False,False,False,False,정보충분
J18_S021630,배송확인,서비스이용,배송확인,True,True,True,True,정보부족(infopoor)
J18_S021636,환불요청,서비스이용,환불요청,True,True,True,True,정보부족(infopoor)
J18_S021643,환불요청,주문취소,환불요청,True,True,False,True,정보부족(infopoor)
J18_S021649,환불요청,배송확인,배송확인,False,False,True,False,정보충분
J18_S021668,배송확인,서비스이용,배송확인,True,True,False,True,정보부족(infopoor)
J18_S021684,환불요청,주문취소,주문취소,False,False,False,False,정보충분
J18_S021734,교환반품,배송확인,배송확인,False,False,True,False,정보충분
J18_S021758,배송확인,서비스이용,교환반품,False,True,True,True,정보부족(infopoor)
J18_S021759,환불요청,불만제기,교환반품,False,True,True,True,정보부족(infopoor)
J18_S021761,교환반품,배송확인,배송확인,False,False,False,False,정보충분
J18_S021781,환불요청,서비스이용,서비스이용,False,False,False,False,정보충분
J18_S021789,환불요청,교환반품,환불요청,True,True,False,True,정보부족(infopoor)
J18_S021807,배송확인,환불요청,배송확인,True,True,True,True,정보부족(infopoor)
J18_S021824,배송확인,서비스이용,서비스이용,False,False,False,False,정보충분
J18_S021833,환불요청,주문취소,환불요청,True,True,False,True,정보부족(infopoor)
J18_S021847,환불요청,서비스이용,환불요청,True,True,True,True,정보부족(infopoor)
J18_S021895,환불요청,주문취소,교환반품,False,True,False,False,정보충분
J18_S021907,배송확인,서비스이용,구매진행,False,True,True,True,정보부족(infopoor)
J18_S021930,환불요청,배송확인,주문취소,False,True,True,True,정보부족(infopoor)
J18_S021935,환불요청,배송확인,환불요청,True,True,False,True,정보부족(infopoor)
J18_S021936,환불요청,교환반품,환불요청,True,True,False,True,정보부족(infopoor)
J18_S021939,배송확인,서비스이용,서비스이용,False,False,True,False,정보충분
J18_S021959,환불요청,배송확인,구매진행,False,True,False,False,정보충분
J18_S021962,환불요청,불만제기,주문취소,False,True,False,False,정보충분
J18_S021970,환불요청,서비스이용,구매진행,False,True,False,False,정보충분
J18_S021991,환불요청,구매진행,환불요청,True,True,False,True,정보부족(infopoor)
J18_S021998,환불요청,서비스이용,배송확인,False,True,True,True,정보부족(infopoor)
J18_S022035,배송확인,구매진행,구매진행,False,False,False,False,정보충분
J18_S022045,배송확인,서비스이용,배송확인,True,True,False,True,정보부족(infopoor)
J18_S022054,환불요청,주문취소,주문취소,False,False,False,False,정보충분
J18_S022060,배송확인,교환반품,교환반품,False,False,False,False,정보충분
J18_S022070,환불요청,교환반품,환불요청,True,True,True,True,정보부족(infopoor)
J18_S022071,환불요청,구매진행,배송확인,False,True,True,True,정보부족(infopoor)
J18_S022073,환불요청,배송확인,환불요청,True,True,True,True,정보부족(infopoor)
J18_S022077,환불요청,교환반품,교환반품,False,False,False,False,정보충분
J18_S022088,환불요청,구매진행,주문취소,False,True,False,False,정보충분
J18_S022090,환불요청,서비스이용,환불요청,True,True,True,True,정보부족(infopoor)
J18_S022100,교환반품,환불요청,환불요청,False,False,True,False,정보충분
J18_S022102,환불요청,주문취소,교환반품,False,True,False,False,정보충분
J18_S022138,환불요청,구매진행,배송확인,False,True,False,False,정보충분
J18_S022200,교환반품,환불요청,교환반품,True,True,False,True,정보부족(infopoor)
J18_S022203,환불요청,서비스이용,교환반품,False,True,True,True,정보부족(infopoor)
J18_S022210,환불요청,배송확인,배송확인,False,False,False,False,정보충분
J18_S022219,교환반품,배송확인,교환반품,True,True,False,True,정보부족(infopoor)
J18_S022223,배송확인,불만제기,서비스이용,False,True,True,True,정보부족(infopoor)
J18_S022227,환불요청,교환반품,교환반품,False,False,False,False,정보충분
J18_S022235,환불요청,배송확인,환불요청,True,True,False,True,정보부족(infopoor)
J18_S022238,배송확인,구매진행,구매진행,False,False,False,False,정보충분
J18_S022240,환불요청,주문취소,배송확인,False,True,True,True,정보부족(infopoor)
J18_S022279,환불요청,교환반품,교환반품,False,False,False,False,정보충분
J18_S022304,배송확인,서비스이용,서비스이용,False,False,False,False,정보충분
J18_S022305,배송확인,서비스이용,배송확인,True,True,False,True,정보부족(infopoor)
J18_S022340,배송확인,서비스이용,서비스이용,False,False,False,False,정보충분
J18_S022394,교환반품,서비스이용,서비스이용,False,False,False,False,정보충분
J18_S022423,배송확인,서비스이용,배송확인,True,True,False,True,정보부족(infopoor)
J18_S022439,교환반품,서비스이용,서비스이용,False,False,True,False,정보충분
J18_S022466,배송확인,서비스이용,서비스이용,False,False,False,False,정보충분
J18_S022473,환불요청,배송확인,환불요청,True,True,False,True,정보부족(infopoor)
J18_S022474,환불요청,배송확인,환불요청,True,True,True,True,정보부족(infopoor)
J18_S022509,환불요청,서비스이용,환불요청,True,True,False,True,정보부족(infopoor)
J18_S022517,배송확인,서비스이용,주문취소,False,True,False,False,정보충분
J18_S022522,배송확인,서비스이용,서비스이용,False,False,False,False,정보충분
J18_S022532,배송확인,서비스이용,서비스이용,False,False,False,False,정보충분
J18_S022550,배송확인,서비스이용,주문취소,False,True,False,False,정보충분
J18_S022573,배송확인,구매진행,배송확인,True,True,False,True,정보부족(infopoor)
J18_S022590,배송확인,서비스이용,배송확인,True,True,True,True,정보부족(infopoor)
J18_S022595,환불요청,배송확인,환불요청,True,True,False,True,정보부족(infopoor)
J18_S022628,환불요청,배송확인,교환반품,False,True,True,True,정보부족(infopoor)
J18_S022636,환불요청,배송확인,교환반품,False,True,False,False,정보충분
J18_S022641,배송확인,주문취소,주문취소,False,False,True,False,정보충분
J18_S022643,배송확인,구매진행,배송확인,True,True,True,True,정보부족(infopoor)
J18_S022670,환불요청,주문취소,환불요청,True,True,False,True,정보부족(infopoor)
J18_S022676,환불요청,교환반품,교환반품,False,False,False,False,정보충분
J18_S022687,배송확인,구매진행,배송확인,True,True,True,True,정보부족(infopoor)
J18_S022696,배송확인,주문취소,주문취소,False,False,False,False,정보충분
J18_S022728,배송확인,서비스이용,서비스이용,False,False,False,False,정보충분
J18_S022732,배송확인,주문취소,배송확인,True,True,True,True,정보부족(infopoor)
J18_S022749,환불요청,구매진행,교환반품,False,True,True,True,정보부족(infopoor)
J18_S022769,환불요청,배송확인,환불요청,True,True,True,True,정보부족(infopoor)
J18_S022785,환불요청,서비스이용,서비스이용,False,False,False,False,정보충분
J18_S022795,배송확인,서비스이용,배송확인,True,True,True,True,정보부족(infopoor)
J18_S022837,배송확인,교환반품,교환반품,False,False,False,False,정보충분
J18_S022882,배송확인,주문취소,주문취소,False,False,False,False,정보충분
J18_S022933,환불요청,불만제기,불만제기,False,False,True,False,정보충분
J18_S022951,환불요청,불만제기,환불요청,True,True,False,True,정보부족(infopoor)
J18_S022953,환불요청,서비스이용,서비스이용,False,False,False,False,정보충분
J18_S023020,배송확인,불만제기,배송확인,True,True,True,True,정보부족(infopoor)
J18_S023022,환불요청,주문취소,주문취소,False,False,False,False,정보충분
J18_S023025,배송확인,불만제기,배송확인,True,True,False,True,정보부족(infopoor)
J18_S023052,환불요청,서비스이용,교환반품,False,True,True,True,정보부족(infopoor)
J18_S023060,환불요청,서비스이용,환불요청,True,True,True,True,정보부족(infopoor)
J18_S023063,교환반품,배송확인,환불요청,False,True,False,False,정보충분
J18_S023071,환불요청,서비스이용,서비스이용,False,False,False,False,정보충분
J18_S023092,배송확인,불만제기,서비스이용,False,True,False,False,정보충분
J18_S023126,환불요청,서비스이용,서비스이용,False,False,False,False,정보충분
J18_S023133,교환반품,주문취소,교환반품,True,True,False,True,정보부족(infopoor)
J18_S023160,배송확인,불만제기,주문취소,False,True,False,False,정보충분
J18_S023176,배송확인,교환반품,교환반품,False,False,False,False,정보충분
J18_S023193,환불요청,주문취소,환불요청,True,True,False,True,정보부족(infopoor)
J18_S023194,배송확인,서비스이용,서비스이용,False,False,True,False,정보충분
J18_S023203,배송확인,서비스이용,서비스이용,False,False,False,False,정보충분
J18_S023247,배송확인,서비스이용,배송확인,True,True,True,True,정보부족(infopoor)
J18_S023249,환불요청,배송확인,교환반품,False,True,False,False,정보충분
J18_S023262,배송확인,교환반품,배송확인,True,True,True,True,정보부족(infopoor)
J18_S023264,배송확인,서비스이용,주문취소,False,True,False,False,정보충분
J18_S023270,배송확인,서비스이용,배송확인,True,True,True,True,정보부족(infopoor)
J18_S023315,환불요청,주문취소,배송확인,False,True,False,False,정보충분
J18_S023365,환불요청,배송확인,환불요청,True,True,True,True,정보부족(infopoor)
J18_S023368,환불요청,배송확인,교환반품,False,True,True,True,정보부족(infopoor)
J19_S000004,환불요청,서비스이용,환불요청,True,True,True,True,정보부족(infopoor)
J19_S000013,환불요청,주문취소,구매진행,False,True,False,False,정보충분
J19_S000027,환불요청,주문취소,주문취소,False,False,False,False,정보충분
J19_S000028,환불요청,구매진행,주문취소,False,True,False,False,정보충분
J19_S000038,주문취소,배송확인,주문취소,True,True,False,True,정보부족(infopoor)
J19_S000042,배송확인,서비스이용,서비스이용,False,False,False,False,정보충분
J19_S000051,환불요청,배송확인,배송확인,False,False,False,False,정보충분
J19_S000053,환불요청,주문취소,주문취소,False,False,False,False,정보충분
J19_S000066,환불요청,서비스이용,서비스이용,False,False,False,False,정보충분
J19_S000070,환불요청,주문취소,주문취소,False,False,False,False,정보충분
J19_S000072,환불요청,구매진행,환불요청,True,True,True,True,정보부족(infopoor)
J19_S000083,환불요청,서비스이용,서비스이용,False,False,False,False,정보충분
J19_S000087,환불요청,주문취소,주문취소,False,False,False,False,정보충분
J19_S000090,서비스이용,환불요청,환불요청,False,False,False,False,정보충분
J19_S000091,환불요청,구매진행,주문취소,False,True,False,False,정보충분
J19_S000111,환불요청,구매진행,구매진행,False,False,False,False,정보충분
J19_S000129,환불요청,구매진행,환불요청,True,True,False,True,정보부족(infopoor)
J19_S000142,환불요청,주문취소,주문취소,False,False,False,False,정보충분
J19_S000154,환불요청,서비스이용,환불요청,True,True,True,True,정보부족(infopoor)
J19_S000171,환불요청,교환반품,교환반품,False,False,False,False,정보충분
J19_S000182,환불요청,구매진행,주문취소,False,True,False,False,정보충분
J19_S000206,환불요청,주문취소,환불요청,True,True,False,True,정보부족(infopoor)
J19_S000213,환불요청,주문취소,주문취소,False,False,False,False,정보충분
J19_S000227,환불요청,서비스이용,주문취소,False,True,False,False,정보충분
J19_S000246,환불요청,주문취소,주문취소,False,False,False,False,정보충분
J19_S000277,환불요청,주문취소,주문취소,False,False,False,False,정보충분
J19_S000281,환불요청,구매진행,구매진행,False,False,True,False,정보충분
J19_S000295,환불요청,서비스이용,서비스이용,False,False,False,False,정보충분
J19_S000306,환불요청,주문취소,환불요청,True,True,True,True,정보부족(infopoor)
J19_S000343,환불요청,주문취소,주문취소,False,False,False,False,정보충분
J19_S000344,환불요청,배송확인,배송확인,False,False,False,False,정보충분
J19_S000371,환불요청,서비스이용,환불요청,True,True,False,True,정보부족(infopoor)
J19_S000372,환불요청,교환반품,환불요청,True,True,False,True,정보부족(infopoor)
J19_S000376,환불요청,구매진행,구매진행,False,False,False,False,정보충분
J19_S000395,환불요청,서비스이용,서비스이용,False,False,False,False,정보충분
J19_S000407,환불요청,배송확인,배송확인,False,False,False,False,정보충분
J19_S000408,환불요청,주문취소,주문취소,False,False,True,False,정보충분
J19_S000409,환불요청,주문취소,환불요청,True,True,False,True,정보부족(infopoor)
J19_S000415,환불요청,주문취소,환불요청,True,True,False,True,정보부족(infopoor)
J19_S000419,환불요청,주문취소,주문취소,False,False,False,False,정보충분
J19_S000436,환불요청,구매진행,주문취소,False,True,False,False,정보충분
J19_S000441,환불요청,주문취소,주문취소,False,False,False,False,정보충분
J19_S000448,환불요청,서비스이용,서비스이용,False,False,True,False,정보충분
J19_S000471,환불요청,구매진행,환불요청,True,True,False,True,정보부족(infopoor)
J19_S000480,환불요청,구매진행,구매진행,False,False,False,False,정보충분
J19_S000499,환불요청,교환반품,환불요청,True,True,False,True,정보부족(infopoor)
J19_S000510,환불요청,서비스이용,서비스이용,False,False,False,False,정보충분
J19_S000522,환불요청,주문취소,주문취소,False,False,False,False,정보충분
J19_S000524,환불요청,서비스이용,환불요청,True,True,False,True,정보부족(infopoor)
J19_S000526,환불요청,구매진행,구매진행,False,False,False,False,정보충분
J19_S000543,환불요청,배송확인,환불요청,True,True,True,True,정보부족(infopoor)
J19_S000559,환불요청,주문취소,주문취소,False,False,False,False,정보충분
J19_S000597,환불요청,구매진행,구매진행,False,False,False,False,정보충분
J19_S000598,환불요청,주문취소,주문취소,False,False,False,False,정보충분
J19_S000599,환불요청,주문취소,주문취소,False,False,False,False,정보충분
J19_S000621,배송확인,구매진행,배송확인,True,True,False,True,정보부족(infopoor)
J19_S000632,환불요청,구매진행,배송확인,False,True,False,False,정보충분
J19_S000633,환불요청,서비스이용,구매진행,False,True,False,False,정보충분
J19_S000640,환불요청,주문취소,주문취소,False,False,False,False,정보충분
J19_S000641,환불요청,서비스이용,환불요청,True,True,False,True,정보부족(infopoor)
J19_S000646,환불요청,주문취소,주문취소,False,False,False,False,정보충분
J19_S000670,환불요청,주문취소,주문취소,False,False,False,False,정보충분
J19_S000673,환불요청,주문취소,주문취소,False,False,False,False,정보충분
J19_S000682,환불요청,배송확인,환불요청,True,True,True,True,정보부족(infopoor)
J19_S000687,환불요청,배송확인,환불요청,True,True,False,True,정보부족(infopoor)
J19_S000690,환불요청,주문취소,주문취소,False,False,False,False,정보충분
J19_S000694,환불요청,배송확인,주문취소,False,True,True,True,정보부족(infopoor)
J19_S000699,환불요청,주문취소,환불요청,True,True,False,True,정보부족(infopoor)
J19_S000716,환불요청,구매진행,구매진행,False,False,False,False,정보충분
J19_S000729,환불요청,서비스이용,서비스이용,False,False,False,False,정보충분
J19_S000773,환불요청,주문취소,환불요청,True,True,False,True,정보부족(infopoor)
J19_S000779,환불요청,주문취소,환불요청,True,True,False,True,정보부족(infopoor)
J19_S000811,환불요청,주문취소,주문취소,False,False,False,False,정보충분
J19_S000844,환불요청,구매진행,환불요청,True,True,False,True,정보부족(infopoor)
J19_S000845,환불요청,주문취소,환불요청,True,True,False,True,정보부족(infopoor)
J19_S000847,환불요청,주문취소,주문취소,False,False,False,False,정보충분
J19_S000861,환불요청,주문취소,주문취소,False,False,False,False,정보충분
J19_S000864,환불요청,주문취소,주문취소,False,False,False,False,정보충분
J19_S000868,환불요청,서비스이용,환불요청,True,True,True,True,정보부족(infopoor)
J19_S000877,환불요청,주문취소,주문취소,False,False,True,False,정보충분
J19_S000904,환불요청,배송확인,환불요청,True,True,True,True,정보부족(infopoor)
J19_S000928,환불요청,주문취소,주문취소,False,False,False,False,정보충분
J19_S000930,환불요청,주문취소,구매진행,False,True,False,False,정보충분
J19_S000939,환불요청,주문취소,주문취소,False,False,False,False,정보충분
J19_S000989,환불요청,배송확인,배송확인,False,False,True,False,정보충분
J19_S001018,환불요청,구매진행,구매진행,False,False,False,False,정보충분
J19_S001021,환불요청,주문취소,주문취소,False,False,False,False,정보충분
J19_S001038,환불요청,주문취소,환불요청,True,True,False,True,정보부족(infopoor)
J19_S001046,환불요청,서비스이용,배송확인,False,True,False,False,정보충분
J19_S001063,환불요청,주문취소,주문취소,False,False,False,False,정보충분
J19_S001064,교환반품,구매진행,환불요청,False,True,False,False,정보충분
J19_S001072,환불요청,서비스이용,배송확인,False,True,False,False,정보충분
J19_S001086,환불요청,주문취소,주문취소,False,False,False,False,정보충분
J19_S001088,환불요청,주문취소,주문취소,False,False,False,False,정보충분
J19_S001102,환불요청,구매진행,환불요청,True,True,False,True,정보부족(infopoor)
J19_S001107,환불요청,서비스이용,주문취소,False,True,False,False,정보충분
J19_S001120,환불요청,주문취소,주문취소,False,False,False,False,정보충분
J19_S001137,환불요청,주문취소,주문취소,False,False,False,False,정보충분
J19_S001158,환불요청,주문취소,주문취소,False,False,True,False,정보충분
J19_S001164,환불요청,구매진행,주문취소,False,True,False,False,정보충분
J19_S001165,환불요청,구매진행,주문취소,False,True,False,False,정보충분
J19_S001170,환불요청,주문취소,환불요청,True,True,False,True,정보부족(infopoor)
J19_S001175,환불요청,서비스이용,서비스이용,False,False,False,False,정보충분
J19_S001204,환불요청,주문취소,주문취소,False,False,False,False,정보충분
J19_S001218,환불요청,주문취소,환불요청,True,True,False,True,정보부족(infopoor)
J19_S001232,환불요청,구매진행,주문취소,False,True,True,True,정보부족(infopoor)
J19_S001246,환불요청,구매진행,환불요청,True,True,True,True,정보부족(infopoor)
J19_S001249,환불요청,서비스이용,서비스이용,False,False,False,False,정보충분
J19_S001252,환불요청,주문취소,주문취소,False,False,False,False,정보충분
J19_S001257,환불요청,주문취소,주문취소,False,False,False,False,정보충분
J19_S001273,환불요청,불만제기,환불요청,True,True,False,True,정보부족(infopoor)
J19_S001307,환불요청,주문취소,주문취소,False,False,False,False,정보충분
J19_S001323,환불요청,불만제기,배송확인,False,True,False,False,정보충분
J19_S001324,환불요청,교환반품,교환반품,False,False,False,False,정보충분
J19_S001331,환불요청,구매진행,구매진행,False,False,False,False,정보충분
J19_S001339,환불요청,주문취소,주문취소,False,False,False,False,정보충분
J19_S001341,환불요청,서비스이용,서비스이용,False,False,False,False,정보충분
J19_S001345,환불요청,주문취소,구매진행,False,True,False,False,정보충분
J19_S001352,환불요청,서비스이용,서비스이용,False,False,False,False,정보충분
J19_S001361,환불요청,주문취소,주문취소,False,False,False,False,정보충분
J19_S001362,환불요청,주문취소,주문취소,False,False,False,False,정보충분
J19_S001363,환불요청,주문취소,주문취소,False,False,False,False,정보충분
J19_S001370,환불요청,주문취소,환불요청,True,True,False,True,정보부족(infopoor)
J19_S001389,환불요청,주문취소,구매진행,False,True,False,False,정보충분
J19_S001409,환불요청,서비스이용,구매진행,False,True,False,False,정보충분
J19_S001411,환불요청,주문취소,배송확인,False,True,False,False,정보충분
J19_S001438,환불요청,주문취소,환불요청,True,True,False,True,정보부족(infopoor)
J19_S001449,환불요청,주문취소,주문취소,False,False,False,False,정보충분
J19_S001450,환불요청,서비스이용,환불요청,True,True,True,True,정보부족(infopoor)
J19_S001465,환불요청,서비스이용,환불요청,True,True,False,True,정보부족(infopoor)
J19_S001473,환불요청,주문취소,주문취소,False,False,False,False,정보충분
J19_S001476,환불요청,서비스이용,서비스이용,False,False,False,False,정보충분
J19_S001520,환불요청,구매진행,구매진행,False,False,False,False,정보충분
J19_S001528,환불요청,서비스이용,서비스이용,False,False,False,False,정보충분
J19_S001542,환불요청,주문취소,주문취소,False,False,False,False,정보충분
J19_S001545,환불요청,주문취소,환불요청,True,True,False,True,정보부족(infopoor)
J19_S001547,환불요청,배송확인,배송확인,False,False,False,False,정보충분
J19_S001555,환불요청,구매진행,구매진행,False,False,False,False,정보충분
J19_S001566,환불요청,주문취소,주문취소,False,False,False,False,정보충분
J19_S001585,환불요청,주문취소,주문취소,False,False,False,False,정보충분
J19_S001614,환불요청,주문취소,주문취소,False,False,False,False,정보충분
J19_S001655,주문취소,환불요청,환불요청,False,False,False,False,정보충분
J19_S001677,환불요청,주문취소,주문취소,False,False,False,False,정보충분
J19_S001681,환불요청,주문취소,주문취소,False,False,False,False,정보충분
J19_S001724,환불요청,구매진행,환불요청,True,True,False,True,정보부족(infopoor)
J19_S001731,환불요청,구매진행,주문취소,False,True,False,False,정보충분
J19_S001739,환불요청,구매진행,구매진행,False,False,False,False,정보충분
J19_S001740,환불요청,불만제기,주문취소,False,True,False,False,정보충분
J19_S001741,환불요청,주문취소,주문취소,False,False,False,False,정보충분
J19_S001759,환불요청,주문취소,주문취소,False,False,False,False,정보충분
J19_S001768,환불요청,주문취소,주문취소,False,False,False,False,정보충분
J19_S001770,환불요청,주문취소,주문취소,False,False,False,False,정보충분
J19_S001779,환불요청,주문취소,환불요청,True,True,False,True,정보부족(infopoor)
J19_S001792,환불요청,교환반품,환불요청,True,True,False,True,정보부족(infopoor)
J19_S001796,환불요청,배송확인,환불요청,True,True,False,True,정보부족(infopoor)
J19_S001817,환불요청,주문취소,주문취소,False,False,False,False,정보충분
J19_S001825,환불요청,교환반품,환불요청,True,True,False,True,정보부족(infopoor)
J19_S001826,환불요청,주문취소,환불요청,True,True,False,True,정보부족(infopoor)
J19_S001837,환불요청,주문취소,주문취소,False,False,False,False,정보충분
J19_S001838,환불요청,교환반품,환불요청,True,True,False,True,정보부족(infopoor)
J19_S001843,환불요청,불만제기,환불요청,True,True,False,True,정보부족(infopoor)
J19_S001846,환불요청,주문취소,주문취소,False,False,False,False,정보충분
J19_S001855,환불요청,주문취소,주문취소,False,False,False,False,정보충분
J19_S001862,환불요청,구매진행,주문취소,False,True,False,False,정보충분
J19_S001864,환불요청,주문취소,주문취소,False,False,False,False,정보충분
J19_S001865,환불요청,주문취소,주문취소,False,False,False,False,정보충분
J19_S001871,환불요청,서비스이용,구매진행,False,True,False,False,정보충분
J19_S001885,환불요청,서비스이용,서비스이용,False,False,False,False,정보충분
J19_S001894,환불요청,서비스이용,환불요청,True,True,False,True,정보부족(infopoor)
J19_S001899,환불요청,서비스이용,환불요청,True,True,False,True,정보부족(infopoor)
J19_S001901,환불요청,서비스이용,환불요청,True,True,False,True,정보부족(infopoor)
J19_S001929,환불요청,구매진행,주문취소,False,True,False,False,정보충분
J19_S001930,환불요청,서비스이용,환불요청,True,True,False,True,정보부족(infopoor)
J19_S001938,환불요청,서비스이용,서비스이용,False,False,False,False,정보충분
J19_S001949,환불요청,주문취소,주문취소,False,False,False,False,정보충분
J19_S001950,환불요청,서비스이용,서비스이용,False,False,False,False,정보충분
J19_S001952,환불요청,배송확인,배송확인,False,False,False,False,정보충분
J19_S001954,환불요청,주문취소,주문취소,False,False,False,False,정보충분
J19_S001959,환불요청,주문취소,주문취소,False,False,False,False,정보충분
J19_S002005,환불요청,구매진행,주문취소,False,True,False,False,정보충분
J19_S002011,환불요청,구매진행,구매진행,False,False,False,False,정보충분
J19_S002084,환불요청,주문취소,주문취소,False,False,False,False,정보충분
J19_S002089,환불요청,주문취소,주문취소,False,False,True,False,정보충분
J19_S002090,환불요청,주문취소,주문취소,False,False,True,False,정보충분
J19_S002104,환불요청,주문취소,환불요청,True,True,False,True,정보부족(infopoor)
J19_S002131,환불요청,구매진행,주문취소,False,True,False,False,정보충분
J19_S002154,환불요청,서비스이용,환불요청,True,True,False,True,정보부족(infopoor)
J19_S002168,환불요청,불만제기,불만제기,False,False,False,False,정보충분
J19_S002172,환불요청,주문취소,구매진행,False,True,False,False,정보충분
J19_S002183,환불요청,주문취소,환불요청,True,True,True,True,정보부족(infopoor)
J19_S002202,환불요청,구매진행,구매진행,False,False,True,False,정보충분
J19_S002212,환불요청,서비스이용,환불요청,True,True,True,True,정보부족(infopoor)
J19_S002213,환불요청,배송확인,배송확인,False,False,False,False,정보충분
J19_S002230,환불요청,주문취소,환불요청,True,True,True,True,정보부족(infopoor)
J19_S002253,환불요청,주문취소,주문취소,False,False,False,False,정보충분
J19_S002257,환불요청,주문취소,주문취소,False,False,False,False,정보충분
J19_S002261,환불요청,배송확인,환불요청,True,True,False,True,정보부족(infopoor)
J19_S002262,환불요청,서비스이용,서비스이용,False,False,False,False,정보충분
J19_S002273,환불요청,주문취소,주문취소,False,False,False,False,정보충분
J19_S002274,환불요청,주문취소,주문취소,False,False,False,False,정보충분
J19_S002287,환불요청,서비스이용,환불요청,True,True,False,True,정보부족(infopoor)
J19_S002294,환불요청,구매진행,구매진행,False,False,True,False,정보충분
J19_S002300,환불요청,구매진행,환불요청,True,True,False,True,정보부족(infopoor)
J19_S002314,환불요청,서비스이용,환불요청,True,True,False,True,정보부족(infopoor)
J19_S002316,환불요청,주문취소,주문취소,False,False,False,False,정보충분
J19_S002329,환불요청,주문취소,주문취소,False,False,False,False,정보충분
J19_S002341,환불요청,서비스이용,환불요청,True,True,True,True,정보부족(infopoor)
J19_S002349,환불요청,주문취소,주문취소,False,False,False,False,정보충분
J19_S002357,환불요청,주문취소,주문취소,False,False,False,False,정보충분
J19_S002376,환불요청,교환반품,교환반품,False,False,False,False,정보충분
J19_S002379,환불요청,주문취소,주문취소,False,False,False,False,정보충분
J19_S002385,환불요청,주문취소,주문취소,False,False,False,False,정보충분
J19_S002397,배송확인,구매진행,서비스이용,False,True,False,False,정보충분
J19_S002412,환불요청,서비스이용,서비스이용,False,False,False,False,정보충분
J19_S002414,환불요청,구매진행,구매진행,False,False,False,False,정보충분
J19_S002415,환불요청,주문취소,주문취소,False,False,False,False,정보충분
J19_S002422,환불요청,주문취소,주문취소,False,False,False,False,정보충분
J19_S002437,환불요청,배송확인,주문취소,False,True,True,True,정보부족(infopoor)
J19_S002438,환불요청,서비스이용,환불요청,True,True,True,True,정보부족(infopoor)
J19_S002443,환불요청,주문취소,주문취소,False,False,False,False,정보충분
J19_S002454,환불요청,서비스이용,구매진행,False,True,True,True,정보부족(infopoor)
J19_S002466,배송확인,구매진행,환불요청,False,True,True,True,정보부족(infopoor)
J19_S002468,환불요청,구매진행,환불요청,True,True,False,True,정보부족(infopoor)
J19_S002483,환불요청,주문취소,주문취소,False,False,False,False,정보충분
J19_S002495,환불요청,주문취소,주문취소,False,False,False,False,정보충분
J19_S002545,환불요청,주문취소,주문취소,False,False,False,False,정보충분
J19_S002548,환불요청,주문취소,주문취소,False,False,False,False,정보충분
J19_S002549,환불요청,주문취소,주문취소,False,False,False,False,정보충분
J19_S002552,환불요청,구매진행,주문취소,False,True,False,False,정보충분
J19_S002561,환불요청,불만제기,구매진행,False,True,True,True,정보부족(infopoor)
J19_S002568,환불요청,주문취소,주문취소,False,False,False,False,정보충분
J19_S002576,환불요청,주문취소,주문취소,False,False,False,False,정보충분
J19_S002593,환불요청,주문취소,주문취소,False,False,False,False,정보충분
J19_S002610,환불요청,주문취소,주문취소,False,False,False,False,정보충분
J19_S002629,교환반품,주문취소,주문취소,False,False,False,False,정보충분
J19_S002638,환불요청,주문취소,주문취소,False,False,False,False,정보충분
J19_S002642,환불요청,서비스이용,환불요청,True,True,False,True,정보부족(infopoor)
J19_S002725,환불요청,배송확인,배송확인,False,False,False,False,정보충분
J19_S002746,환불요청,구매진행,환불요청,True,True,False,True,정보부족(infopoor)
J19_S002753,환불요청,주문취소,주문취소,False,False,False,False,정보충분
J19_S002759,환불요청,주문취소,주문취소,False,False,False,False,정보충분
J19_S002766,환불요청,주문취소,환불요청,True,True,True,True,정보부족(infopoor)
J19_S002790,환불요청,주문취소,환불요청,True,True,True,True,정보부족(infopoor)
J19_S002805,환불요청,서비스이용,서비스이용,False,False,True,False,정보충분
J19_S002809,환불요청,구매진행,구매진행,False,False,False,False,정보충분
J19_S002813,환불요청,구매진행,구매진행,False,False,False,False,정보충분
J19_S002822,환불요청,서비스이용,환불요청,True,True,False,True,정보부족(infopoor)
J19_S002829,환불요청,서비스이용,환불요청,True,True,False,True,정보부족(infopoor)
J19_S002836,환불요청,주문취소,환불요청,True,True,False,True,정보부족(infopoor)
J19_S002898,환불요청,주문취소,주문취소,False,False,False,False,정보충분
J19_S002900,환불요청,서비스이용,환불요청,True,True,True,True,정보부족(infopoor)
J19_S002904,환불요청,주문취소,주문취소,False,False,True,False,정보충분
J19_S002922,환불요청,서비스이용,구매진행,False,True,False,False,정보충분
J19_S002941,환불요청,주문취소,주문취소,False,False,False,False,정보충분
J19_S002959,환불요청,주문취소,주문취소,False,False,False,False,정보충분
J19_S002963,환불요청,서비스이용,서비스이용,False,False,True,False,정보충분
J19_S002996,환불요청,주문취소,주문취소,False,False,True,False,정보충분
J19_S003021,환불요청,서비스이용,서비스이용,False,False,False,False,정보충분
J19_S003075,환불요청,주문취소,주문취소,False,False,False,False,정보충분
J19_S003098,환불요청,서비스이용,구매진행,False,True,True,True,정보부족(infopoor)
J19_S003101,환불요청,서비스이용,서비스이용,False,False,False,False,정보충분
J19_S003120,환불요청,서비스이용,주문취소,False,True,False,False,정보충분
J19_S003127,환불요청,배송확인,배송확인,False,False,False,False,정보충분
J19_S003140,환불요청,주문취소,주문취소,False,False,False,False,정보충분
J19_S003184,환불요청,주문취소,주문취소,False,False,False,False,정보충분
J19_S003185,환불요청,주문취소,주문취소,False,False,False,False,정보충분
J19_S003198,환불요청,주문취소,주문취소,False,False,False,False,정보충분
J19_S003232,환불요청,배송확인,주문취소,False,True,True,True,정보부족(infopoor)
J19_S003238,환불요청,서비스이용,서비스이용,False,False,False,False,정보충분
J19_S003242,환불요청,배송확인,서비스이용,False,True,False,False,정보충분
J19_S003253,환불요청,주문취소,주문취소,False,False,False,False,정보충분
J19_S003263,환불요청,주문취소,주문취소,False,False,False,False,정보충분
J19_S003280,환불요청,서비스이용,환불요청,True,True,False,True,정보부족(infopoor)
J19_S003295,환불요청,서비스이용,환불요청,True,True,True,True,정보부족(infopoor)
J19_S003301,환불요청,서비스이용,서비스이용,False,False,False,False,정보충분
J19_S003340,환불요청,주문취소,환불요청,True,True,False,True,정보부족(infopoor)
J19_S003350,환불요청,주문취소,주문취소,False,False,True,False,정보충분
J19_S003353,환불요청,서비스이용,서비스이용,False,False,False,False,정보충분
J19_S003364,환불요청,구매진행,구매진행,False,False,False,False,정보충분
J19_S003374,환불요청,주문취소,주문취소,False,False,False,False,정보충분
J19_S003375,환불요청,구매진행,구매진행,False,False,False,False,정보충분
J19_S003387,환불요청,서비스이용,서비스이용,False,False,True,False,정보충분
J19_S003397,환불요청,서비스이용,서비스이용,False,False,False,False,정보충분
J19_S003405,환불요청,배송확인,배송확인,False,False,False,False,정보충분
J19_S003422,환불요청,주문취소,주문취소,False,False,False,False,정보충분
J19_S003425,환불요청,서비스이용,배송확인,False,True,False,False,정보충분
J19_S003451,환불요청,서비스이용,환불요청,True,True,False,True,정보부족(infopoor)
J19_S003459,환불요청,주문취소,환불요청,True,True,False,True,정보부족(infopoor)
J19_S003466,환불요청,불만제기,주문취소,False,True,True,True,정보부족(infopoor)
J19_S003471,환불요청,불만제기,주문취소,False,True,True,True,정보부족(infopoor)
J19_S003487,환불요청,주문취소,주문취소,False,False,False,False,정보충분
J19_S003501,환불요청,주문취소,주문취소,False,False,False,False,정보충분
J19_S003505,환불요청,주문취소,주문취소,False,False,False,False,정보충분
J19_S003521,환불요청,서비스이용,환불요청,True,True,False,True,정보부족(infopoor)
J19_S003541,환불요청,서비스이용,서비스이용,False,False,False,False,정보충분
J19_S003542,환불요청,구매진행,서비스이용,False,True,False,False,정보충분
J19_S003572,환불요청,주문취소,주문취소,False,False,False,False,정보충분
J19_S003576,환불요청,서비스이용,서비스이용,False,False,False,False,정보충분
J19_S003579,환불요청,서비스이용,주문취소,False,True,False,False,정보충분
J19_S003598,환불요청,주문취소,주문취소,False,False,False,False,정보충분
J19_S003603,환불요청,주문취소,환불요청,True,True,False,True,정보부족(infopoor)
J19_S003610,배송확인,서비스이용,서비스이용,False,False,False,False,정보충분
J19_S003627,환불요청,구매진행,주문취소,False,True,False,False,정보충분
J19_S003632,환불요청,불만제기,서비스이용,False,True,False,False,정보충분
J19_S003642,환불요청,구매진행,환불요청,True,True,True,True,정보부족(infopoor)
J19_S003648,환불요청,주문취소,주문취소,False,False,False,False,정보충분
J19_S003665,환불요청,주문취소,주문취소,False,False,False,False,정보충분
J19_S003690,배송확인,구매진행,서비스이용,False,True,True,True,정보부족(infopoor)
J19_S003693,환불요청,주문취소,주문취소,False,False,False,False,정보충분
J19_S003696,환불요청,서비스이용,서비스이용,False,False,True,False,정보충분
J19_S003712,환불요청,서비스이용,서비스이용,False,False,False,False,정보충분
J19_S003714,환불요청,불만제기,불만제기,False,False,False,False,정보충분
J19_S003725,환불요청,주문취소,주문취소,False,False,False,False,정보충분
J19_S003743,환불요청,구매진행,구매진행,False,False,False,False,정보충분
J19_S003765,환불요청,서비스이용,구매진행,False,True,False,False,정보충분
J19_S003811,환불요청,구매진행,구매진행,False,False,False,False,정보충분
J19_S003815,환불요청,주문취소,주문취소,False,False,False,False,정보충분
J19_S003816,환불요청,서비스이용,환불요청,True,True,True,True,정보부족(infopoor)
J19_S003857,환불요청,구매진행,서비스이용,False,True,True,True,정보부족(infopoor)
J19_S003859,환불요청,구매진행,주문취소,False,True,False,False,정보충분
J19_S003919,환불요청,서비스이용,서비스이용,False,False,False,False,정보충분
J19_S003962,환불요청,서비스이용,서비스이용,False,False,False,False,정보충분
J19_S003970,환불요청,서비스이용,서비스이용,False,False,True,False,정보충분
J19_S003973,환불요청,서비스이용,서비스이용,False,False,True,False,정보충분
J19_S003987,서비스이용,주문취소,환불요청,False,True,False,False,정보충분
J19_S003990,환불요청,주문취소,주문취소,False,False,False,False,정보충분
J19_S003998,환불요청,주문취소,환불요청,True,True,False,True,정보부족(infopoor)
J19_S004017,환불요청,서비스이용,교환반품,False,True,False,False,정보충분
J19_S004018,환불요청,서비스이용,환불요청,True,True,False,True,정보부족(infopoor)
J19_S004019,환불요청,주문취소,환불요청,True,True,False,True,정보부족(infopoor)
J19_S004034,환불요청,주문취소,주문취소,False,False,False,False,정보충분
J19_S004048,환불요청,주문취소,주문취소,False,False,False,False,정보충분
J19_S004078,환불요청,서비스이용,서비스이용,False,False,False,False,정보충분
J19_S004086,환불요청,주문취소,환불요청,True,True,False,True,정보부족(infopoor)
J19_S004087,환불요청,주문취소,환불요청,True,True,False,True,정보부족(infopoor)
J19_S004099,환불요청,주문취소,주문취소,False,False,False,False,정보충분
J19_S004103,환불요청,불만제기,환불요청,True,True,True,True,정보부족(infopoor)
J19_S004105,환불요청,배송확인,환불요청,True,True,True,True,정보부족(infopoor)
J19_S004114,환불요청,교환반품,교환반품,False,False,False,False,정보충분
J19_S004118,환불요청,서비스이용,환불요청,True,True,True,True,정보부족(infopoor)
J19_S004119,환불요청,서비스이용,서비스이용,False,False,True,False,정보충분
J19_S004130,환불요청,불만제기,불만제기,False,False,False,False,정보충분
J19_S004137,환불요청,배송확인,배송확인,False,False,False,False,정보충분
J19_S004140,환불요청,주문취소,환불요청,True,True,False,True,정보부족(infopoor)
J19_S004196,환불요청,구매진행,환불요청,True,True,False,True,정보부족(infopoor)
J19_S004202,환불요청,서비스이용,환불요청,True,True,True,True,정보부족(infopoor)
J19_S004203,환불요청,서비스이용,불만제기,False,True,True,True,정보부족(infopoor)
J19_S004252,환불요청,주문취소,주문취소,False,False,False,False,정보충분
J19_S004264,환불요청,주문취소,환불요청,True,True,False,True,정보부족(infopoor)
J19_S004282,환불요청,구매진행,환불요청,True,True,True,True,정보부족(infopoor)
J19_S004320,환불요청,서비스이용,서비스이용,False,False,True,False,정보충분
J19_S004326,환불요청,구매진행,교환반품,False,True,False,False,정보충분
J19_S004328,환불요청,서비스이용,불만제기,False,True,False,False,정보충분
J19_S004354,환불요청,주문취소,환불요청,True,True,False,True,정보부족(infopoor)
J19_S004363,환불요청,주문취소,주문취소,False,False,True,False,정보충분
J19_S004411,환불요청,주문취소,주문취소,False,False,False,False,정보충분
J19_S004415,환불요청,주문취소,주문취소,False,False,False,False,정보충분
J19_S004417,환불요청,주문취소,주문취소,False,False,False,False,정보충분
J19_S004451,환불요청,교환반품,교환반품,False,False,False,False,정보충분
J19_S004558,환불요청,구매진행,구매진행,False,False,False,False,정보충분
J19_S004560,환불요청,배송확인,배송확인,False,False,False,False,정보충분
J19_S004599,환불요청,구매진행,서비스이용,False,True,False,False,정보충분
J19_S004603,환불요청,교환반품,환불요청,True,True,False,True,정보부족(infopoor)
J19_S004609,환불요청,주문취소,주문취소,False,False,False,False,정보충분
J19_S004617,환불요청,구매진행,교환반품,False,True,False,False,정보충분
J19_S004623,환불요청,주문취소,주문취소,False,False,False,False,정보충분
J19_S004628,환불요청,주문취소,주문취소,False,False,False,False,정보충분
J19_S004670,환불요청,서비스이용,서비스이용,False,False,False,False,정보충분
J19_S004680,환불요청,구매진행,환불요청,True,True,True,True,정보부족(infopoor)
J19_S004721,배송확인,구매진행,교환반품,False,True,True,True,정보부족(infopoor)
J19_S004736,환불요청,구매진행,구매진행,False,False,False,False,정보충분
J19_S004769,환불요청,주문취소,주문취소,False,False,False,False,정보충분
J19_S004778,환불요청,서비스이용,서비스이용,False,False,False,False,정보충분
J19_S004784,환불요청,배송확인,배송확인,False,False,True,False,정보충분
J19_S004794,환불요청,구매진행,구매진행,False,False,False,False,정보충분
J19_S004800,환불요청,주문취소,배송확인,False,True,False,False,정보충분
J19_S004820,환불요청,주문취소,주문취소,False,False,False,False,정보충분
J19_S004840,환불요청,서비스이용,서비스이용,False,False,False,False,정보충분
J19_S004858,환불요청,교환반품,교환반품,False,False,False,False,정보충분
J19_S004881,주문취소,환불요청,환불요청,False,False,False,False,정보충분
J19_S004892,환불요청,주문취소,주문취소,False,False,False,False,정보충분
J19_S004906,환불요청,서비스이용,서비스이용,False,False,False,False,정보충분
J19_S004909,환불요청,불만제기,환불요청,True,True,False,True,정보부족(infopoor)
J19_S004919,환불요청,배송확인,서비스이용,False,True,False,False,정보충분
J19_S004921,환불요청,구매진행,주문취소,False,True,False,False,정보충분
J19_S004926,환불요청,배송확인,환불요청,True,True,False,True,정보부족(infopoor)
J19_S004941,환불요청,서비스이용,환불요청,True,True,False,True,정보부족(infopoor)
J19_S005025,환불요청,서비스이용,서비스이용,False,False,False,False,정보충분
J19_S005033,교환반품,환불요청,환불요청,False,False,False,False,정보충분
J19_S005061,환불요청,주문취소,환불요청,True,True,False,True,정보부족(infopoor)
J19_S005078,환불요청,서비스이용,서비스이용,False,False,False,False,정보충분
J19_S005087,환불요청,구매진행,구매진행,False,False,False,False,정보충분
J19_S005100,환불요청,불만제기,환불요청,True,True,False,True,정보부족(infopoor)
J19_S005107,환불요청,구매진행,주문취소,False,True,False,False,정보충분
J19_S005125,환불요청,주문취소,주문취소,False,False,False,False,정보충분
J19_S005137,환불요청,배송확인,배송확인,False,False,False,False,정보충분
J19_S005138,환불요청,주문취소,주문취소,False,False,False,False,정보충분
J19_S005142,환불요청,서비스이용,환불요청,True,True,False,True,정보부족(infopoor)
J19_S005146,환불요청,서비스이용,환불요청,True,True,False,True,정보부족(infopoor)
J19_S005157,환불요청,구매진행,구매진행,False,False,True,False,정보충분
J19_S005170,환불요청,서비스이용,서비스이용,False,False,False,False,정보충분
J19_S005171,환불요청,주문취소,환불요청,True,True,False,True,정보부족(infopoor)
J19_S005176,환불요청,서비스이용,환불요청,True,True,False,True,정보부족(infopoor)
J19_S005179,환불요청,구매진행,환불요청,True,True,False,True,정보부족(infopoor)
J19_S005195,환불요청,서비스이용,환불요청,True,True,True,True,정보부족(infopoor)
J19_S005370,환불요청,구매진행,구매진행,False,False,False,False,정보충분
J19_S005391,환불요청,구매진행,배송확인,False,True,False,False,정보충분
J19_S005397,환불요청,서비스이용,구매진행,False,True,False,False,정보충분
J19_S005408,환불요청,배송확인,환불요청,True,True,False,True,정보부족(infopoor)
J19_S005428,환불요청,서비스이용,환불요청,True,True,False,True,정보부족(infopoor)
J19_S005434,환불요청,서비스이용,환불요청,True,True,False,True,정보부족(infopoor)
J19_S005440,환불요청,서비스이용,주문취소,False,True,True,True,정보부족(infopoor)
J19_S005445,환불요청,구매진행,환불요청,True,True,True,True,정보부족(infopoor)
J19_S005446,환불요청,불만제기,불만제기,False,False,False,False,정보충분
J19_S005451,환불요청,불만제기,배송확인,False,True,False,False,정보충분
J19_S005458,환불요청,서비스이용,서비스이용,False,False,False,False,정보충분
J19_S005476,환불요청,서비스이용,환불요청,True,True,True,True,정보부족(infopoor)
J19_S005483,환불요청,주문취소,주문취소,False,False,False,False,정보충분
J19_S005485,환불요청,교환반품,환불요청,True,True,False,True,정보부족(infopoor)
J19_S005491,환불요청,구매진행,구매진행,False,False,False,False,정보충분
J19_S005502,환불요청,주문취소,환불요청,True,True,False,True,정보부족(infopoor)
J19_S005505,환불요청,서비스이용,서비스이용,False,False,True,False,정보충분
J19_S005516,환불요청,주문취소,환불요청,True,True,False,True,정보부족(infopoor)
J19_S005517,환불요청,교환반품,교환반품,False,False,False,False,정보충분
J19_S005530,환불요청,주문취소,환불요청,True,True,False,True,정보부족(infopoor)
J19_S005537,환불요청,구매진행,환불요청,True,True,False,True,정보부족(infopoor)
J19_S005539,환불요청,서비스이용,주문취소,False,True,True,True,정보부족(infopoor)
J19_S005545,환불요청,주문취소,주문취소,False,False,False,False,정보충분
J19_S005546,환불요청,교환반품,교환반품,False,False,False,False,정보충분
J19_S005565,환불요청,서비스이용,환불요청,True,True,True,True,정보부족(infopoor)
J19_S005566,환불요청,주문취소,주문취소,False,False,False,False,정보충분
J19_S005568,환불요청,주문취소,주문취소,False,False,False,False,정보충분
J19_S005569,환불요청,주문취소,주문취소,False,False,False,False,정보충분
J19_S005581,환불요청,주문취소,주문취소,False,False,False,False,정보충분
J19_S005610,환불요청,배송확인,주문취소,False,True,True,True,정보부족(infopoor)
J19_S005620,환불요청,서비스이용,주문취소,False,True,False,False,정보충분
J19_S005628,환불요청,서비스이용,환불요청,True,True,False,True,정보부족(infopoor)
J19_S005630,환불요청,서비스이용,주문취소,False,True,False,False,정보충분
J19_S005633,환불요청,서비스이용,환불요청,True,True,True,True,정보부족(infopoor)
J19_S005634,환불요청,구매진행,주문취소,False,True,False,False,정보충분
J19_S005637,환불요청,구매진행,환불요청,True,True,True,True,정보부족(infopoor)
J19_S005674,환불요청,주문취소,주문취소,False,False,False,False,정보충분
J19_S005676,환불요청,주문취소,주문취소,False,False,False,False,정보충분
J19_S005677,환불요청,서비스이용,서비스이용,False,False,True,False,정보충분
J19_S005680,환불요청,서비스이용,서비스이용,False,False,True,False,정보충분
J19_S005690,환불요청,주문취소,구매진행,False,True,False,False,정보충분
J19_S005697,환불요청,서비스이용,구매진행,False,True,False,False,정보충분
J19_S005701,환불요청,주문취소,주문취소,False,False,False,False,정보충분
J19_S005704,환불요청,주문취소,주문취소,False,False,False,False,정보충분
J19_S005720,환불요청,불만제기,환불요청,True,True,False,True,정보부족(infopoor)
J19_S005727,환불요청,불만제기,구매진행,False,True,False,False,정보충분
J19_S005738,환불요청,주문취소,주문취소,False,False,False,False,정보충분
J19_S005739,환불요청,불만제기,환불요청,True,True,True,True,정보부족(infopoor)
J19_S005742,환불요청,구매진행,구매진행,False,False,True,False,정보충분
J19_S005747,환불요청,주문취소,주문취소,False,False,True,False,정보충분
J19_S005763,환불요청,주문취소,주문취소,False,False,False,False,정보충분
J19_S005766,환불요청,주문취소,주문취소,False,False,False,False,정보충분
J19_S005768,배송확인,구매진행,배송확인,True,True,True,True,정보부족(infopoor)
J19_S005769,환불요청,서비스이용,환불요청,True,True,True,True,정보부족(infopoor)
J19_S005780,환불요청,구매진행,환불요청,True,True,False,True,정보부족(infopoor)
J19_S005804,교환반품,서비스이용,서비스이용,False,False,False,False,정보충분
J19_S005831,환불요청,서비스이용,서비스이용,False,False,False,False,정보충분
J19_S005875,환불요청,배송확인,주문취소,False,True,False,False,정보충분
J19_S005899,환불요청,배송확인,교환반품,False,True,False,False,정보충분
J19_S005920,환불요청,교환반품,불만제기,False,True,False,False,정보충분
J19_S005927,환불요청,서비스이용,서비스이용,False,False,False,False,정보충분
J19_S005935,환불요청,구매진행,구매진행,False,False,False,False,정보충분
J19_S005953,환불요청,배송확인,배송확인,False,False,False,False,정보충분
J19_S005989,환불요청,서비스이용,서비스이용,False,False,False,False,정보충분
J19_S005991,환불요청,서비스이용,서비스이용,False,False,True,False,정보충분
J19_S005995,환불요청,서비스이용,서비스이용,False,False,False,False,정보충분
J19_S005998,환불요청,서비스이용,서비스이용,False,False,True,False,정보충분
J19_S006000,환불요청,구매진행,환불요청,True,True,True,True,정보부족(infopoor)
J19_S006056,환불요청,배송확인,환불요청,True,True,True,True,정보부족(infopoor)
J19_S006065,환불요청,주문취소,주문취소,False,False,False,False,정보충분
J19_S006097,환불요청,주문취소,주문취소,False,False,False,False,정보충분
J19_S006137,환불요청,주문취소,주문취소,False,False,False,False,정보충분
J19_S006175,주문취소,구매진행,주문취소,True,True,False,True,정보부족(infopoor)
J19_S006186,환불요청,구매진행,환불요청,True,True,False,True,정보부족(infopoor)
J19_S006214,환불요청,주문취소,주문취소,False,False,False,False,정보충분
J19_S006229,환불요청,서비스이용,서비스이용,False,False,True,False,정보충분
J19_S006251,환불요청,배송확인,배송확인,False,False,False,False,정보충분
J19_S006260,환불요청,주문취소,주문취소,False,False,False,False,정보충분
J19_S006261,환불요청,서비스이용,서비스이용,False,False,False,False,정보충분
J19_S006289,환불요청,주문취소,주문취소,False,False,False,False,정보충분
J19_S006342,환불요청,주문취소,환불요청,True,True,False,True,정보부족(infopoor)
J19_S006343,환불요청,구매진행,주문취소,False,True,False,False,정보충분
J19_S006360,환불요청,주문취소,환불요청,True,True,False,True,정보부족(infopoor)
J19_S006366,주문취소,환불요청,주문취소,True,True,False,True,정보부족(infopoor)
J19_S006457,환불요청,구매진행,서비스이용,False,True,True,True,정보부족(infopoor)
J19_S006521,환불요청,서비스이용,서비스이용,False,False,False,False,정보충분
J19_S006529,환불요청,주문취소,주문취소,False,False,False,False,정보충분
J19_S006534,환불요청,주문취소,환불요청,True,True,False,True,정보부족(infopoor)
J19_S006545,환불요청,구매진행,환불요청,True,True,True,True,정보부족(infopoor)
J19_S006551,환불요청,주문취소,주문취소,False,False,False,False,정보충분
J19_S006558,환불요청,서비스이용,교환반품,False,True,True,True,정보부족(infopoor)
J19_S006564,환불요청,서비스이용,서비스이용,False,False,False,False,정보충분
J19_S006565,주문취소,환불요청,환불요청,False,False,False,False,정보충분
J19_S006566,환불요청,구매진행,구매진행,False,False,False,False,정보충분
J19_S006570,환불요청,구매진행,환불요청,True,True,False,True,정보부족(infopoor)
J19_S006579,환불요청,주문취소,주문취소,False,False,False,False,정보충분
J19_S006605,환불요청,서비스이용,서비스이용,False,False,False,False,정보충분
J19_S006654,환불요청,주문취소,주문취소,False,False,False,False,정보충분
J19_S006666,환불요청,서비스이용,구매진행,False,True,False,False,정보충분
J19_S006667,환불요청,주문취소,환불요청,True,True,False,True,정보부족(infopoor)
J19_S006679,환불요청,서비스이용,구매진행,False,True,False,False,정보충분
J19_S006680,환불요청,서비스이용,서비스이용,False,False,False,False,정보충분
J19_S006693,환불요청,배송확인,배송확인,False,False,False,False,정보충분
J19_S006697,환불요청,서비스이용,구매진행,False,True,False,False,정보충분
J19_S006704,환불요청,주문취소,주문취소,False,False,False,False,정보충분
J19_S006710,환불요청,주문취소,주문취소,False,False,False,False,정보충분
J19_S006712,환불요청,배송확인,배송확인,False,False,True,False,정보충분
J19_S006732,환불요청,서비스이용,서비스이용,False,False,False,False,정보충분
J19_S006752,환불요청,주문취소,환불요청,True,True,False,True,정보부족(infopoor)
J19_S006756,환불요청,배송확인,환불요청,True,True,False,True,정보부족(infopoor)
J19_S006757,환불요청,구매진행,구매진행,False,False,False,False,정보충분
J19_S006762,환불요청,서비스이용,서비스이용,False,False,False,False,정보충분
J19_S006793,환불요청,주문취소,배송확인,False,True,False,False,정보충분
J19_S006798,환불요청,구매진행,구매진행,False,False,False,False,정보충분
J19_S006815,환불요청,주문취소,주문취소,False,False,False,False,정보충분
J19_S006819,환불요청,구매진행,주문취소,False,True,True,True,정보부족(infopoor)
J19_S006823,환불요청,구매진행,환불요청,True,True,False,True,정보부족(infopoor)
J19_S006828,환불요청,주문취소,주문취소,False,False,False,False,정보충분
J19_S006865,환불요청,교환반품,환불요청,True,True,False,True,정보부족(infopoor)
J19_S006874,환불요청,서비스이용,환불요청,True,True,True,True,정보부족(infopoor)
J19_S006876,환불요청,주문취소,주문취소,False,False,False,False,정보충분
J19_S006930,환불요청,서비스이용,구매진행,False,True,False,False,정보충분
J19_S007001,환불요청,주문취소,주문취소,False,False,False,False,정보충분
J19_S007025,환불요청,배송확인,환불요청,True,True,False,True,정보부족(infopoor)
J19_S007033,환불요청,서비스이용,서비스이용,False,False,False,False,정보충분
J19_S007051,환불요청,서비스이용,환불요청,True,True,False,True,정보부족(infopoor)
J19_S007062,환불요청,구매진행,환불요청,True,True,True,True,정보부족(infopoor)
J19_S007064,환불요청,서비스이용,환불요청,True,True,True,True,정보부족(infopoor)
J19_S007077,환불요청,서비스이용,서비스이용,False,False,False,False,정보충분
J19_S007082,환불요청,배송확인,구매진행,False,True,False,False,정보충분
J19_S007088,환불요청,서비스이용,서비스이용,False,False,True,False,정보충분
J19_S007108,환불요청,서비스이용,주문취소,False,True,False,False,정보충분
J19_S007115,환불요청,서비스이용,환불요청,True,True,True,True,정보부족(infopoor)
J19_S007117,환불요청,주문취소,환불요청,True,True,False,True,정보부족(infopoor)
J19_S007129,환불요청,주문취소,주문취소,False,False,False,False,정보충분
J19_S007148,환불요청,주문취소,주문취소,False,False,False,False,정보충분
J19_S007192,환불요청,서비스이용,서비스이용,False,False,False,False,정보충분
J19_S007220,환불요청,서비스이용,서비스이용,False,False,False,False,정보충분
J19_S007235,환불요청,교환반품,교환반품,False,False,False,False,정보충분
J19_S007281,환불요청,배송확인,배송확인,False,False,False,False,정보충분
J19_S007284,환불요청,교환반품,구매진행,False,True,False,False,정보충분
J19_S007285,환불요청,주문취소,주문취소,False,False,False,False,정보충분
J19_S007287,환불요청,주문취소,주문취소,False,False,False,False,정보충분
J19_S007305,환불요청,배송확인,배송확인,False,False,False,False,정보충분
J19_S007319,환불요청,배송확인,배송확인,False,False,False,False,정보충분
J19_S007328,환불요청,주문취소,환불요청,True,True,True,True,정보부족(infopoor)
J19_S007358,환불요청,서비스이용,서비스이용,False,False,False,False,정보충분
J19_S007373,환불요청,서비스이용,환불요청,True,True,True,True,정보부족(infopoor)
J19_S007376,환불요청,주문취소,배송확인,False,True,False,False,정보충분
J19_S007390,환불요청,서비스이용,교환반품,False,True,True,True,정보부족(infopoor)
J19_S007393,환불요청,주문취소,주문취소,False,False,False,False,정보충분
J19_S007397,환불요청,교환반품,주문취소,False,True,False,False,정보충분
J19_S007406,환불요청,주문취소,주문취소,False,False,False,False,정보충분
J19_S007409,환불요청,서비스이용,환불요청,True,True,False,True,정보부족(infopoor)
J19_S007415,환불요청,주문취소,주문취소,False,False,False,False,정보충분
J19_S007423,환불요청,주문취소,주문취소,False,False,False,False,정보충분
J19_S007433,환불요청,구매진행,환불요청,True,True,False,True,정보부족(infopoor)
J19_S007495,환불요청,배송확인,배송확인,False,False,False,False,정보충분
J19_S007497,환불요청,주문취소,환불요청,True,True,True,True,정보부족(infopoor)
J19_S007502,환불요청,주문취소,주문취소,False,False,False,False,정보충분
J19_S007511,환불요청,서비스이용,환불요청,True,True,False,True,정보부족(infopoor)
J19_S007524,환불요청,주문취소,환불요청,True,True,False,True,정보부족(infopoor)
J19_S007566,환불요청,주문취소,주문취소,False,False,False,False,정보충분
J19_S007573,환불요청,주문취소,주문취소,False,False,False,False,정보충분
J19_S007588,환불요청,주문취소,주문취소,False,False,False,False,정보충분
J19_S007589,환불요청,주문취소,주문취소,False,False,False,False,정보충분
J19_S007599,환불요청,주문취소,주문취소,False,False,False,False,정보충분
J19_S007625,환불요청,서비스이용,서비스이용,False,False,True,False,정보충분
J19_S007640,환불요청,주문취소,주문취소,False,False,False,False,정보충분
J19_S007645,환불요청,구매진행,환불요청,True,True,True,True,정보부족(infopoor)
J19_S007647,환불요청,배송확인,배송확인,False,False,True,False,정보충분
J19_S007656,환불요청,불만제기,서비스이용,False,True,False,False,정보충분
J19_S007662,환불요청,주문취소,환불요청,True,True,False,True,정보부족(infopoor)
J19_S007665,환불요청,구매진행,환불요청,True,True,False,True,정보부족(infopoor)
J19_S007683,환불요청,주문취소,주문취소,False,False,False,False,정보충분
J19_S007692,배송확인,주문취소,배송확인,True,True,False,True,정보부족(infopoor)
J19_S007755,환불요청,구매진행,환불요청,True,True,True,True,정보부족(infopoor)
J19_S007792,환불요청,서비스이용,환불요청,True,True,True,True,정보부족(infopoor)
J19_S007847,환불요청,주문취소,주문취소,False,False,False,False,정보충분
J19_S007882,환불요청,배송확인,배송확인,False,False,False,False,정보충분
J19_S007895,환불요청,배송확인,배송확인,False,False,False,False,정보충분
J19_S007905,환불요청,구매진행,구매진행,False,False,False,False,정보충분
J19_S007975,환불요청,서비스이용,환불요청,True,True,False,True,정보부족(infopoor)
J19_S008035,배송확인,서비스이용,구매진행,False,True,False,False,정보충분
J19_S008042,환불요청,서비스이용,구매진행,False,True,False,False,정보충분
J19_S008089,환불요청,주문취소,배송확인,False,True,True,True,정보부족(infopoor)
J19_S008124,환불요청,서비스이용,서비스이용,False,False,False,False,정보충분
J19_S008126,환불요청,주문취소,주문취소,False,False,False,False,정보충분
J19_S008147,환불요청,주문취소,주문취소,False,False,True,False,정보충분
J19_S008149,환불요청,서비스이용,서비스이용,False,False,True,False,정보충분
J19_S008173,환불요청,주문취소,주문취소,False,False,False,False,정보충분
J19_S008178,환불요청,주문취소,주문취소,False,False,False,False,정보충분
J19_S008181,환불요청,서비스이용,환불요청,True,True,True,True,정보부족(infopoor)
J19_S008208,환불요청,주문취소,환불요청,True,True,False,True,정보부족(infopoor)
J19_S008228,환불요청,구매진행,구매진행,False,False,False,False,정보충분
J19_S008262,환불요청,주문취소,환불요청,True,True,False,True,정보부족(infopoor)
J19_S008282,환불요청,교환반품,환불요청,True,True,True,True,정보부족(infopoor)
J19_S008302,환불요청,서비스이용,서비스이용,False,False,False,False,정보충분
J19_S008316,환불요청,주문취소,주문취소,False,False,False,False,정보충분
J19_S008324,환불요청,구매진행,서비스이용,False,True,False,False,정보충분
J19_S008424,환불요청,배송확인,배송확인,False,False,False,False,정보충분
J19_S008449,환불요청,서비스이용,환불요청,True,True,False,True,정보부족(infopoor)
J19_S008463,환불요청,주문취소,주문취소,False,False,False,False,정보충분
J19_S008467,환불요청,서비스이용,서비스이용,False,False,False,False,정보충분
J19_S008492,환불요청,서비스이용,환불요청,True,True,False,True,정보부족(infopoor)
J19_S008507,환불요청,배송확인,환불요청,True,True,False,True,정보부족(infopoor)
J19_S008510,환불요청,교환반품,교환반품,False,False,False,False,정보충분
J19_S008512,환불요청,주문취소,환불요청,True,True,True,True,정보부족(infopoor)
J19_S008514,환불요청,주문취소,주문취소,False,False,False,False,정보충분
J19_S008620,환불요청,배송확인,배송확인,False,False,False,False,정보충분
J19_S008627,환불요청,서비스이용,환불요청,True,True,True,True,정보부족(infopoor)
J19_S008639,환불요청,서비스이용,주문취소,False,True,True,True,정보부족(infopoor)
J19_S008642,환불요청,구매진행,구매진행,False,False,False,False,정보충분
J19_S008643,환불요청,배송확인,배송확인,False,False,False,False,정보충분
J19_S008644,환불요청,주문취소,환불요청,True,True,False,True,정보부족(infopoor)
J19_S008648,환불요청,주문취소,주문취소,False,False,False,False,정보충분
J19_S008676,환불요청,구매진행,주문취소,False,True,False,False,정보충분
J19_S008687,환불요청,서비스이용,서비스이용,False,False,False,False,정보충분
J19_S008690,환불요청,주문취소,주문취소,False,False,False,False,정보충분
J19_S008693,환불요청,주문취소,주문취소,False,False,True,False,정보충분
J19_S008694,환불요청,서비스이용,서비스이용,False,False,False,False,정보충분
J19_S008718,환불요청,주문취소,주문취소,False,False,False,False,정보충분
J19_S008727,환불요청,서비스이용,서비스이용,False,False,True,False,정보충분
J19_S008747,환불요청,서비스이용,서비스이용,False,False,False,False,정보충분
J19_S008759,환불요청,서비스이용,환불요청,True,True,False,True,정보부족(infopoor)
J19_S008766,환불요청,구매진행,구매진행,False,False,False,False,정보충분
J19_S008785,환불요청,주문취소,환불요청,True,True,False,True,정보부족(infopoor)
J19_S008792,환불요청,구매진행,구매진행,False,False,False,False,정보충분
J19_S008798,환불요청,서비스이용,서비스이용,False,False,False,False,정보충분
J19_S008800,환불요청,주문취소,주문취소,False,False,False,False,정보충분
J19_S008803,환불요청,주문취소,주문취소,False,False,False,False,정보충분
J19_S008824,환불요청,교환반품,환불요청,True,True,False,True,정보부족(infopoor)
J19_S008832,환불요청,배송확인,환불요청,True,True,True,True,정보부족(infopoor)
J19_S008873,환불요청,서비스이용,환불요청,True,True,True,True,정보부족(infopoor)
J19_S008887,환불요청,서비스이용,서비스이용,False,False,False,False,정보충분
J19_S008889,환불요청,구매진행,환불요청,True,True,False,True,정보부족(infopoor)
J19_S008897,환불요청,주문취소,환불요청,True,True,False,True,정보부족(infopoor)
J19_S008903,환불요청,서비스이용,서비스이용,False,False,False,False,정보충분
J19_S008909,환불요청,서비스이용,서비스이용,False,False,False,False,정보충분
J19_S008910,환불요청,구매진행,환불요청,True,True,False,True,정보부족(infopoor)
J19_S008911,환불요청,주문취소,주문취소,False,False,False,False,정보충분
J19_S008924,환불요청,주문취소,주문취소,False,False,True,False,정보충분
J19_S008934,환불요청,주문취소,환불요청,True,True,False,True,정보부족(infopoor)
J19_S008954,환불요청,서비스이용,서비스이용,False,False,False,False,정보충분
J19_S008977,환불요청,구매진행,환불요청,True,True,False,True,정보부족(infopoor)
J19_S009005,환불요청,구매진행,구매진행,False,False,False,False,정보충분
J19_S009018,환불요청,서비스이용,서비스이용,False,False,True,False,정보충분
J19_S009022,환불요청,서비스이용,환불요청,True,True,True,True,정보부족(infopoor)
J19_S009026,환불요청,구매진행,주문취소,False,True,False,False,정보충분
J19_S009032,환불요청,서비스이용,서비스이용,False,False,False,False,정보충분
J19_S009035,환불요청,서비스이용,환불요청,True,True,True,True,정보부족(infopoor)
J19_S009038,환불요청,서비스이용,주문취소,False,True,True,True,정보부족(infopoor)
J19_S009040,환불요청,주문취소,주문취소,False,False,False,False,정보충분
J19_S009046,환불요청,서비스이용,환불요청,True,True,True,True,정보부족(infopoor)
J19_S009057,환불요청,구매진행,환불요청,True,True,False,True,정보부족(infopoor)
J19_S009058,환불요청,교환반품,환불요청,True,True,True,True,정보부족(infopoor)
J19_S009061,환불요청,주문취소,환불요청,True,True,False,True,정보부족(infopoor)
J19_S009067,환불요청,주문취소,주문취소,False,False,False,False,정보충분
J19_S009075,환불요청,구매진행,구매진행,False,False,True,False,정보충분
J19_S009085,환불요청,주문취소,환불요청,True,True,False,True,정보부족(infopoor)
J19_S009108,환불요청,서비스이용,주문취소,False,True,True,True,정보부족(infopoor)
J19_S009130,환불요청,구매진행,구매진행,False,False,False,False,정보충분
J19_S009152,환불요청,서비스이용,환불요청,True,True,False,True,정보부족(infopoor)
J19_S009170,환불요청,구매진행,주문취소,False,True,True,True,정보부족(infopoor)
J19_S009171,배송확인,구매진행,서비스이용,False,True,False,False,정보충분
J19_S009179,환불요청,주문취소,주문취소,False,False,False,False,정보충분
J19_S009194,환불요청,주문취소,주문취소,False,False,False,False,정보충분
J19_S009226,환불요청,구매진행,환불요청,True,True,False,True,정보부족(infopoor)
J19_S009269,환불요청,주문취소,주문취소,False,False,False,False,정보충분
J19_S009275,환불요청,서비스이용,서비스이용,False,False,False,False,정보충분
J19_S009311,환불요청,주문취소,주문취소,False,False,True,False,정보충분
J19_S009318,환불요청,주문취소,주문취소,False,False,False,False,정보충분
J19_S009322,교환반품,주문취소,주문취소,False,False,False,False,정보충분
J19_S009404,환불요청,주문취소,주문취소,False,False,False,False,정보충분
J19_S009408,환불요청,서비스이용,서비스이용,False,False,False,False,정보충분
J19_S009420,환불요청,배송확인,환불요청,True,True,True,True,정보부족(infopoor)
J19_S009434,환불요청,불만제기,구매진행,False,True,True,True,정보부족(infopoor)
J19_S009435,환불요청,주문취소,주문취소,False,False,False,False,정보충분
J19_S009498,환불요청,구매진행,구매진행,False,False,False,False,정보충분
J19_S009516,환불요청,주문취소,주문취소,False,False,False,False,정보충분
J19_S009526,환불요청,교환반품,환불요청,True,True,False,True,정보부족(infopoor)
J19_S009531,환불요청,서비스이용,환불요청,True,True,True,True,정보부족(infopoor)
J19_S009532,환불요청,구매진행,구매진행,False,False,False,False,정보충분
J19_S009541,환불요청,주문취소,주문취소,False,False,False,False,정보충분
J19_S009554,환불요청,교환반품,환불요청,True,True,False,True,정보부족(infopoor)
J19_S009562,배송확인,구매진행,구매진행,False,False,False,False,정보충분
J19_S009623,환불요청,주문취소,주문취소,False,False,False,False,정보충분
J19_S009644,환불요청,주문취소,주문취소,False,False,False,False,정보충분
J19_S009646,환불요청,구매진행,서비스이용,False,True,False,False,정보충분
J19_S009650,환불요청,서비스이용,서비스이용,False,False,False,False,정보충분
J19_S009657,환불요청,주문취소,주문취소,False,False,False,False,정보충분
J19_S009665,환불요청,주문취소,주문취소,False,False,False,False,정보충분
J19_S009668,구매진행,환불요청,환불요청,False,False,True,False,정보충분
J19_S009670,환불요청,주문취소,주문취소,False,False,False,False,정보충분
J19_S009700,환불요청,주문취소,주문취소,False,False,False,False,정보충분
J19_S009738,환불요청,주문취소,주문취소,False,False,False,False,정보충분
J19_S009743,환불요청,교환반품,주문취소,False,True,False,False,정보충분
J19_S009750,배송확인,구매진행,배송확인,True,True,True,True,정보부족(infopoor)
J19_S009798,환불요청,주문취소,주문취소,False,False,False,False,정보충분
J19_S009828,환불요청,주문취소,구매진행,False,True,False,False,정보충분
J19_S009852,환불요청,주문취소,주문취소,False,False,False,False,정보충분
J19_S009856,환불요청,교환반품,교환반품,False,False,False,False,정보충분
J19_S009883,환불요청,주문취소,주문취소,False,False,False,False,정보충분
J19_S009895,환불요청,주문취소,환불요청,True,True,False,True,정보부족(infopoor)
J19_S009912,환불요청,주문취소,주문취소,False,False,False,False,정보충분
J19_S009918,환불요청,서비스이용,구매진행,False,True,False,False,정보충분
J19_S009937,환불요청,서비스이용,구매진행,False,True,True,True,정보부족(infopoor)
J19_S009948,환불요청,주문취소,환불요청,True,True,True,True,정보부족(infopoor)
J19_S009958,환불요청,서비스이용,서비스이용,False,False,False,False,정보충분
J19_S009963,환불요청,주문취소,주문취소,False,False,True,False,정보충분
J19_S009964,환불요청,서비스이용,서비스이용,False,False,False,False,정보충분
J19_S009965,환불요청,배송확인,배송확인,False,False,False,False,정보충분
J19_S010016,환불요청,교환반품,주문취소,False,True,False,False,정보충분
J19_S010039,환불요청,서비스이용,서비스이용,False,False,False,False,정보충분
J19_S010058,환불요청,서비스이용,환불요청,True,True,False,True,정보부족(infopoor)
J19_S010070,환불요청,서비스이용,환불요청,True,True,False,True,정보부족(infopoor)
J19_S010079,환불요청,주문취소,주문취소,False,False,False,False,정보충분
J19_S010087,환불요청,주문취소,주문취소,False,False,False,False,정보충분
J19_S010093,환불요청,주문취소,주문취소,False,False,False,False,정보충분
J19_S010099,환불요청,주문취소,구매진행,False,True,False,False,정보충분
J19_S010108,환불요청,주문취소,주문취소,False,False,False,False,정보충분
J19_S010119,환불요청,교환반품,교환반품,False,False,False,False,정보충분
J19_S010129,환불요청,구매진행,구매진행,False,False,False,False,정보충분
J19_S010130,환불요청,서비스이용,서비스이용,False,False,False,False,정보충분
J19_S010132,환불요청,구매진행,환불요청,True,True,False,True,정보부족(infopoor)
J19_S010149,환불요청,교환반품,환불요청,True,True,True,True,정보부족(infopoor)
J19_S010160,환불요청,서비스이용,서비스이용,False,False,False,False,정보충분
J19_S010169,환불요청,구매진행,환불요청,True,True,False,True,정보부족(infopoor)
J19_S010182,환불요청,서비스이용,서비스이용,False,False,False,False,정보충분
J19_S010260,환불요청,구매진행,환불요청,True,True,False,True,정보부족(infopoor)
J19_S010269,환불요청,구매진행,주문취소,False,True,False,False,정보충분
J19_S010327,환불요청,주문취소,주문취소,False,False,False,False,정보충분
J19_S010352,환불요청,주문취소,주문취소,False,False,False,False,정보충분
J19_S010356,환불요청,주문취소,주문취소,False,False,False,False,정보충분
J19_S010368,환불요청,주문취소,주문취소,False,False,True,False,정보충분
J19_S010373,환불요청,주문취소,주문취소,False,False,False,False,정보충분
J19_S010379,환불요청,주문취소,주문취소,False,False,False,False,정보충분
J19_S010387,환불요청,주문취소,주문취소,False,False,False,False,정보충분
J19_S010390,환불요청,서비스이용,환불요청,True,True,False,True,정보부족(infopoor)
J19_S010391,환불요청,교환반품,환불요청,True,True,False,True,정보부족(infopoor)
J19_S010393,환불요청,구매진행,구매진행,False,False,False,False,정보충분
J19_S010396,환불요청,주문취소,주문취소,False,False,False,False,정보충분
J19_S010409,환불요청,서비스이용,주문취소,False,True,True,True,정보부족(infopoor)
J19_S010414,환불요청,구매진행,구매진행,False,False,False,False,정보충분
J19_S010431,환불요청,서비스이용,서비스이용,False,False,False,False,정보충분
J19_S010444,환불요청,배송확인,배송확인,False,False,False,False,정보충분
J19_S010516,환불요청,구매진행,서비스이용,False,True,False,False,정보충분
J19_S010525,환불요청,서비스이용,서비스이용,False,False,False,False,정보충분
J19_S010561,환불요청,구매진행,환불요청,True,True,False,True,정보부족(infopoor)
J19_S010567,환불요청,서비스이용,환불요청,True,True,True,True,정보부족(infopoor)
J19_S010580,환불요청,서비스이용,환불요청,True,True,False,True,정보부족(infopoor)
J19_S010586,환불요청,불만제기,환불요청,True,True,False,True,정보부족(infopoor)
J19_S010600,환불요청,구매진행,주문취소,False,True,False,False,정보충분
J19_S010637,환불요청,교환반품,교환반품,False,False,False,False,정보충분
J19_S010659,환불요청,배송확인,배송확인,False,False,True,False,정보충분
J19_S010669,환불요청,서비스이용,환불요청,True,True,True,True,정보부족(infopoor)
J19_S010673,환불요청,구매진행,구매진행,False,False,False,False,정보충분
J19_S010675,환불요청,교환반품,교환반품,False,False,False,False,정보충분
J19_S010715,환불요청,주문취소,환불요청,True,True,False,True,정보부족(infopoor)
J19_S010742,환불요청,구매진행,환불요청,True,True,False,True,정보부족(infopoor)
J19_S010743,환불요청,구매진행,구매진행,False,False,False,False,정보충분
J19_S010753,구매진행,환불요청,환불요청,False,False,False,False,정보충분
J19_S010757,환불요청,구매진행,구매진행,False,False,False,False,정보충분
J19_S010768,환불요청,주문취소,주문취소,False,False,False,False,정보충분
J19_S010782,환불요청,주문취소,주문취소,False,False,False,False,정보충분
J19_S010802,주문취소,서비스이용,서비스이용,False,False,True,False,정보충분
J19_S010803,환불요청,주문취소,주문취소,False,False,False,False,정보충분
J19_S010849,환불요청,주문취소,주문취소,False,False,False,False,정보충분
J19_S010860,환불요청,주문취소,주문취소,False,False,False,False,정보충분
J19_S010891,배송확인,구매진행,배송확인,True,True,True,True,정보부족(infopoor)
J19_S010897,환불요청,배송확인,환불요청,True,True,False,True,정보부족(infopoor)
J19_S010904,환불요청,주문취소,환불요청,True,True,False,True,정보부족(infopoor)
J19_S010929,환불요청,주문취소,구매진행,False,True,False,False,정보충분
J19_S010942,배송확인,구매진행,구매진행,False,False,False,False,정보충분
J19_S010944,환불요청,구매진행,구매진행,False,False,False,False,정보충분
J19_S010958,환불요청,주문취소,주문취소,False,False,False,False,정보충분
J19_S010963,환불요청,서비스이용,서비스이용,False,False,False,False,정보충분
J19_S010964,환불요청,서비스이용,환불요청,True,True,False,True,정보부족(infopoor)
J19_S011029,환불요청,주문취소,주문취소,False,False,False,False,정보충분
J19_S011039,환불요청,서비스이용,구매진행,False,True,False,False,정보충분
J19_S011040,환불요청,구매진행,구매진행,False,False,False,False,정보충분
J19_S011053,환불요청,배송확인,구매진행,False,True,False,False,정보충분
J19_S011067,환불요청,구매진행,환불요청,True,True,True,True,정보부족(infopoor)
J19_S011094,환불요청,주문취소,주문취소,False,False,False,False,정보충분
J19_S011132,환불요청,서비스이용,구매진행,False,True,True,True,정보부족(infopoor)
J19_S011157,환불요청,서비스이용,서비스이용,False,False,True,False,정보충분
J19_S011173,환불요청,주문취소,주문취소,False,False,False,False,정보충분
J19_S011184,환불요청,서비스이용,배송확인,False,True,True,True,정보부족(infopoor)
J19_S011187,환불요청,주문취소,환불요청,True,True,False,True,정보부족(infopoor)
J19_S011192,환불요청,배송확인,배송확인,False,False,False,False,정보충분
J19_S011243,환불요청,교환반품,환불요청,True,True,False,True,정보부족(infopoor)
J19_S011248,환불요청,서비스이용,서비스이용,False,False,False,False,정보충분
J19_S011251,환불요청,주문취소,서비스이용,False,True,False,False,정보충분
J19_S011256,환불요청,서비스이용,환불요청,True,True,True,True,정보부족(infopoor)
J19_S011265,환불요청,배송확인,환불요청,True,True,False,True,정보부족(infopoor)
J19_S011267,환불요청,서비스이용,구매진행,False,True,False,False,정보충분
J19_S011294,환불요청,배송확인,환불요청,True,True,True,True,정보부족(infopoor)
J19_S011312,환불요청,구매진행,서비스이용,False,True,False,False,정보충분
J19_S011315,환불요청,배송확인,배송확인,False,False,False,False,정보충분
J19_S011327,환불요청,주문취소,환불요청,True,True,False,True,정보부족(infopoor)
J19_S011361,환불요청,서비스이용,환불요청,True,True,False,True,정보부족(infopoor)
J19_S011362,환불요청,서비스이용,환불요청,True,True,False,True,정보부족(infopoor)
J19_S011374,환불요청,주문취소,주문취소,False,False,False,False,정보충분
J19_S011384,환불요청,구매진행,구매진행,False,False,False,False,정보충분
J19_S011385,환불요청,주문취소,주문취소,False,False,False,False,정보충분
J19_S011389,환불요청,서비스이용,환불요청,True,True,True,True,정보부족(infopoor)
J19_S011395,환불요청,불만제기,환불요청,True,True,False,True,정보부족(infopoor)
J19_S011413,환불요청,배송확인,환불요청,True,True,True,True,정보부족(infopoor)
J19_S011419,환불요청,서비스이용,배송확인,False,True,False,False,정보충분
J19_S011425,환불요청,교환반품,교환반품,False,False,False,False,정보충분
J19_S011427,환불요청,서비스이용,환불요청,True,True,False,True,정보부족(infopoor)
J19_S011434,환불요청,주문취소,주문취소,False,False,False,False,정보충분
J19_S011437,환불요청,구매진행,주문취소,False,True,False,False,정보충분
J19_S011467,환불요청,서비스이용,환불요청,True,True,True,True,정보부족(infopoor)
J19_S011470,환불요청,구매진행,서비스이용,False,True,False,False,정보충분
J19_S011488,환불요청,주문취소,환불요청,True,True,False,True,정보부족(infopoor)
J19_S011490,환불요청,서비스이용,환불요청,True,True,False,True,정보부족(infopoor)
J19_S011491,환불요청,주문취소,주문취소,False,False,False,False,정보충분
J19_S011498,환불요청,구매진행,주문취소,False,True,False,False,정보충분
J19_S011500,환불요청,주문취소,주문취소,False,False,False,False,정보충분
J19_S011504,환불요청,주문취소,주문취소,False,False,False,False,정보충분
J19_S011536,환불요청,주문취소,주문취소,False,False,False,False,정보충분
J19_S011557,환불요청,서비스이용,서비스이용,False,False,True,False,정보충분
J19_S011558,환불요청,서비스이용,서비스이용,False,False,False,False,정보충분
J19_S011565,환불요청,주문취소,환불요청,True,True,False,True,정보부족(infopoor)
J19_S011575,환불요청,서비스이용,환불요청,True,True,False,True,정보부족(infopoor)
J19_S011592,환불요청,배송확인,환불요청,True,True,False,True,정보부족(infopoor)
J19_S011601,환불요청,서비스이용,구매진행,False,True,False,False,정보충분
J19_S011608,구매진행,서비스이용,구매진행,True,True,True,True,정보부족(infopoor)
J19_S011612,서비스이용,주문취소,환불요청,False,True,False,False,정보충분
J19_S011631,환불요청,주문취소,주문취소,False,False,False,False,정보충분
J19_S011661,환불요청,주문취소,주문취소,False,False,False,False,정보충분
J19_S011662,환불요청,서비스이용,환불요청,True,True,True,True,정보부족(infopoor)
J19_S011663,환불요청,주문취소,환불요청,True,True,False,True,정보부족(infopoor)
J19_S011664,구매진행,환불요청,환불요청,False,False,False,False,정보충분
J19_S011669,환불요청,서비스이용,환불요청,True,True,True,True,정보부족(infopoor)
J19_S011674,환불요청,서비스이용,환불요청,True,True,False,True,정보부족(infopoor)
J19_S011675,환불요청,서비스이용,구매진행,False,True,True,True,정보부족(infopoor)
J19_S011680,환불요청,서비스이용,주문취소,False,True,False,False,정보충분
J19_S011683,환불요청,구매진행,구매진행,False,False,False,False,정보충분
J19_S011744,환불요청,주문취소,주문취소,False,False,False,False,정보충분
J19_S011757,환불요청,주문취소,주문취소,False,False,False,False,정보충분
J19_S011763,환불요청,주문취소,주문취소,False,False,False,False,정보충분
J19_S011785,환불요청,주문취소,주문취소,False,False,False,False,정보충분
J19_S011792,환불요청,서비스이용,서비스이용,False,False,False,False,정보충분
J19_S011820,환불요청,서비스이용,교환반품,False,True,False,False,정보충분
J19_S011836,환불요청,주문취소,주문취소,False,False,True,False,정보충분
J19_S011861,환불요청,주문취소,환불요청,True,True,False,True,정보부족(infopoor)
J19_S011870,환불요청,구매진행,구매진행,False,False,False,False,정보충분
J19_S011879,환불요청,교환반품,교환반품,False,False,False,False,정보충분
J19_S011892,환불요청,구매진행,배송확인,False,True,False,False,정보충분
J19_S011895,환불요청,주문취소,주문취소,False,False,False,False,정보충분
J19_S011901,환불요청,구매진행,주문취소,False,True,False,False,정보충분
J19_S011903,환불요청,구매진행,구매진행,False,False,False,False,정보충분
J19_S011906,환불요청,서비스이용,환불요청,True,True,False,True,정보부족(infopoor)
J19_S011914,환불요청,구매진행,구매진행,False,False,False,False,정보충분
J19_S011916,환불요청,구매진행,구매진행,False,False,True,False,정보충분
J19_S011928,환불요청,주문취소,주문취소,False,False,False,False,정보충분
J19_S011933,환불요청,서비스이용,서비스이용,False,False,True,False,정보충분
J19_S011961,환불요청,구매진행,구매진행,False,False,False,False,정보충분
J19_S011983,환불요청,서비스이용,환불요청,True,True,False,True,정보부족(infopoor)
J19_S011986,환불요청,서비스이용,서비스이용,False,False,True,False,정보충분
J19_S011988,환불요청,교환반품,환불요청,True,True,False,True,정보부족(infopoor)
J19_S011990,환불요청,주문취소,환불요청,True,True,False,True,정보부족(infopoor)
J19_S011991,환불요청,구매진행,구매진행,False,False,False,False,정보충분
J19_S012008,환불요청,서비스이용,서비스이용,False,False,False,False,정보충분
J19_S012039,환불요청,배송확인,배송확인,False,False,False,False,정보충분
J19_S012047,환불요청,교환반품,환불요청,True,True,False,True,정보부족(infopoor)
J19_S012056,환불요청,구매진행,환불요청,True,True,True,True,정보부족(infopoor)
J19_S012061,환불요청,서비스이용,서비스이용,False,False,False,False,정보충분
J19_S012063,환불요청,구매진행,환불요청,True,True,False,True,정보부족(infopoor)
J19_S012090,환불요청,주문취소,주문취소,False,False,False,False,정보충분
J19_S012127,환불요청,서비스이용,환불요청,True,True,True,True,정보부족(infopoor)
J19_S012144,환불요청,주문취소,주문취소,False,False,False,False,정보충분
J19_S012147,환불요청,구매진행,구매진행,False,False,False,False,정보충분
J19_S012156,환불요청,배송확인,환불요청,True,True,True,True,정보부족(infopoor)
J19_S012187,환불요청,서비스이용,주문취소,False,True,True,True,정보부족(infopoor)
J19_S012188,환불요청,구매진행,구매진행,False,False,False,False,정보충분
J19_S012196,환불요청,교환반품,교환반품,False,False,False,False,정보충분
J19_S012219,환불요청,주문취소,배송확인,False,True,False,False,정보충분
J19_S012242,환불요청,서비스이용,서비스이용,False,False,False,False,정보충분
J19_S012254,환불요청,주문취소,주문취소,False,False,False,False,정보충분
J19_S012269,환불요청,배송확인,환불요청,True,True,False,True,정보부족(infopoor)
J19_S012298,환불요청,주문취소,주문취소,False,False,False,False,정보충분
J19_S012300,환불요청,주문취소,주문취소,False,False,False,False,정보충분
J19_S012367,환불요청,불만제기,주문취소,False,True,True,True,정보부족(infopoor)
J19_S012368,환불요청,배송확인,배송확인,False,False,False,False,정보충분
J19_S012369,배송확인,서비스이용,서비스이용,False,False,False,False,정보충분
J19_S012377,환불요청,구매진행,주문취소,False,True,True,True,정보부족(infopoor)
J19_S012386,환불요청,구매진행,환불요청,True,True,False,True,정보부족(infopoor)
J19_S012407,환불요청,서비스이용,서비스이용,False,False,False,False,정보충분
J19_S012411,환불요청,구매진행,서비스이용,False,True,False,False,정보충분
J19_S012412,환불요청,서비스이용,환불요청,True,True,False,True,정보부족(infopoor)
J19_S012437,환불요청,주문취소,환불요청,True,True,False,True,정보부족(infopoor)
J19_S012448,환불요청,주문취소,주문취소,False,False,True,False,정보충분
J19_S012456,환불요청,서비스이용,주문취소,False,True,True,True,정보부족(infopoor)
J19_S012488,환불요청,불만제기,불만제기,False,False,True,False,정보충분
J19_S012514,환불요청,주문취소,주문취소,False,False,False,False,정보충분
J19_S012518,환불요청,주문취소,주문취소,False,False,False,False,정보충분
J19_S012522,환불요청,주문취소,주문취소,False,False,False,False,정보충분
J19_S012529,환불요청,주문취소,주문취소,False,False,False,False,정보충분
J19_S012536,환불요청,주문취소,주문취소,False,False,False,False,정보충분
J19_S012542,환불요청,구매진행,구매진행,False,False,False,False,정보충분
J19_S012545,환불요청,주문취소,주문취소,False,False,False,False,정보충분
J19_S012551,환불요청,주문취소,주문취소,False,False,False,False,정보충분
J19_S012558,환불요청,주문취소,주문취소,False,False,False,False,정보충분
J19_S012587,환불요청,주문취소,주문취소,False,False,False,False,정보충분
J19_S012588,환불요청,구매진행,환불요청,True,True,True,True,정보부족(infopoor)
J19_S012600,환불요청,배송확인,주문취소,False,True,False,False,정보충분
J19_S012611,환불요청,주문취소,구매진행,False,True,False,False,정보충분
J19_S012621,환불요청,서비스이용,서비스이용,False,False,False,False,정보충분
J19_S012630,환불요청,주문취소,주문취소,False,False,False,False,정보충분
J19_S012632,환불요청,주문취소,환불요청,True,True,False,True,정보부족(infopoor)
J19_S012639,환불요청,서비스이용,서비스이용,False,False,False,False,정보충분
J19_S012642,환불요청,서비스이용,서비스이용,False,False,False,False,정보충분
J19_S012731,환불요청,서비스이용,구매진행,False,True,False,False,정보충분
J19_S012738,환불요청,주문취소,주문취소,False,False,False,False,정보충분
J19_S012798,환불요청,서비스이용,환불요청,True,True,True,True,정보부족(infopoor)
J19_S012801,환불요청,구매진행,구매진행,False,False,False,False,정보충분
J19_S012820,환불요청,배송확인,서비스이용,False,True,False,False,정보충분
J19_S012848,환불요청,구매진행,서비스이용,False,True,False,False,정보충분
J19_S012854,환불요청,주문취소,주문취소,False,False,False,False,정보충분
J19_S012890,환불요청,불만제기,환불요청,True,True,False,True,정보부족(infopoor)
J19_S012951,환불요청,배송확인,배송확인,False,False,False,False,정보충분
J19_S012993,환불요청,주문취소,주문취소,False,False,False,False,정보충분
J19_S013003,환불요청,구매진행,주문취소,False,True,True,True,정보부족(infopoor)
J19_S013006,환불요청,구매진행,구매진행,False,False,False,False,정보충분
J19_S013030,환불요청,교환반품,교환반품,False,False,True,False,정보충분
J19_S013043,환불요청,주문취소,주문취소,False,False,False,False,정보충분
J19_S013044,환불요청,주문취소,주문취소,False,False,False,False,정보충분
J19_S013050,환불요청,주문취소,주문취소,False,False,False,False,정보충분
J19_S013051,환불요청,배송확인,배송확인,False,False,False,False,정보충분
J19_S013053,환불요청,교환반품,환불요청,True,True,False,True,정보부족(infopoor)
J19_S013070,환불요청,서비스이용,서비스이용,False,False,False,False,정보충분
J19_S013087,환불요청,구매진행,구매진행,False,False,False,False,정보충분
J19_S013132,환불요청,주문취소,환불요청,True,True,False,True,정보부족(infopoor)
J19_S013149,환불요청,구매진행,환불요청,True,True,True,True,정보부족(infopoor)
J19_S013157,환불요청,주문취소,주문취소,False,False,False,False,정보충분
J19_S013189,환불요청,주문취소,주문취소,False,False,False,False,정보충분
J19_S013225,환불요청,서비스이용,서비스이용,False,False,False,False,정보충분
J19_S013258,환불요청,주문취소,주문취소,False,False,True,False,정보충분
J19_S013263,환불요청,주문취소,주문취소,False,False,True,False,정보충분
J19_S013264,환불요청,서비스이용,서비스이용,False,False,False,False,정보충분
J19_S013267,환불요청,주문취소,주문취소,False,False,False,False,정보충분
J19_S013314,환불요청,구매진행,구매진행,False,False,False,False,정보충분
J19_S013315,환불요청,구매진행,구매진행,False,False,False,False,정보충분
J19_S013321,환불요청,서비스이용,구매진행,False,True,False,False,정보충분
J19_S013343,환불요청,서비스이용,환불요청,True,True,False,True,정보부족(infopoor)
J19_S013363,환불요청,서비스이용,환불요청,True,True,False,True,정보부족(infopoor)
J19_S013373,환불요청,교환반품,구매진행,False,True,False,False,정보충분
J19_S013414,환불요청,주문취소,환불요청,True,True,False,True,정보부족(infopoor)
J19_S013415,환불요청,주문취소,주문취소,False,False,False,False,정보충분
J19_S013418,환불요청,주문취소,주문취소,False,False,False,False,정보충분
J19_S013427,환불요청,구매진행,구매진행,False,False,False,False,정보충분
J19_S013432,환불요청,주문취소,주문취소,False,False,True,False,정보충분
J19_S013435,환불요청,구매진행,환불요청,True,True,False,True,정보부족(infopoor)
J19_S013487,환불요청,서비스이용,서비스이용,False,False,False,False,정보충분
J19_S013495,환불요청,주문취소,주문취소,False,False,False,False,정보충분
J19_S013512,환불요청,주문취소,환불요청,True,True,True,True,정보부족(infopoor)
J19_S013517,환불요청,서비스이용,배송확인,False,True,False,False,정보충분
J19_S013537,환불요청,주문취소,주문취소,False,False,False,False,정보충분
J19_S013542,환불요청,주문취소,주문취소,False,False,False,False,정보충분
J19_S013550,환불요청,구매진행,주문취소,False,True,True,True,정보부족(infopoor)
J19_S013553,환불요청,주문취소,주문취소,False,False,False,False,정보충분
J19_S013560,환불요청,구매진행,환불요청,True,True,False,True,정보부족(infopoor)
J19_S013565,환불요청,구매진행,구매진행,False,False,True,False,정보충분
J19_S013570,환불요청,서비스이용,서비스이용,False,False,False,False,정보충분
J19_S013575,환불요청,구매진행,환불요청,True,True,False,True,정보부족(infopoor)
J19_S013579,환불요청,주문취소,주문취소,False,False,False,False,정보충분
J19_S013590,환불요청,구매진행,서비스이용,False,True,False,False,정보충분
J19_S013601,환불요청,서비스이용,서비스이용,False,False,False,False,정보충분
J19_S013603,환불요청,구매진행,구매진행,False,False,False,False,정보충분
J19_S013658,환불요청,구매진행,구매진행,False,False,False,False,정보충분
J19_S013666,환불요청,주문취소,환불요청,True,True,True,True,정보부족(infopoor)
J19_S013675,배송확인,구매진행,구매진행,False,False,False,False,정보충분
J19_S013686,환불요청,주문취소,주문취소,False,False,False,False,정보충분
J19_S013718,환불요청,배송확인,배송확인,False,False,False,False,정보충분
J19_S013734,환불요청,서비스이용,서비스이용,False,False,False,False,정보충분
J19_S013739,환불요청,주문취소,주문취소,False,False,False,False,정보충분
J19_S013750,환불요청,주문취소,환불요청,True,True,True,True,정보부족(infopoor)
J19_S013776,환불요청,주문취소,환불요청,True,True,False,True,정보부족(infopoor)
J19_S013794,환불요청,구매진행,구매진행,False,False,False,False,정보충분
J19_S013800,환불요청,주문취소,주문취소,False,False,False,False,정보충분
J19_S013813,주문취소,서비스이용,주문취소,True,True,True,True,정보부족(infopoor)
J19_S013863,환불요청,교환반품,교환반품,False,False,False,False,정보충분
J19_S013870,환불요청,주문취소,주문취소,False,False,False,False,정보충분
J19_S013898,환불요청,주문취소,주문취소,False,False,False,False,정보충분
J19_S013936,환불요청,주문취소,주문취소,False,False,False,False,정보충분
J19_S013938,환불요청,배송확인,환불요청,True,True,False,True,정보부족(infopoor)
J19_S013956,환불요청,주문취소,주문취소,False,False,False,False,정보충분
J19_S013959,환불요청,구매진행,구매진행,False,False,True,False,정보충분
J19_S013971,환불요청,서비스이용,환불요청,True,True,False,True,정보부족(infopoor)
J19_S013980,환불요청,서비스이용,주문취소,False,True,False,False,정보충분
J19_S013992,환불요청,서비스이용,서비스이용,False,False,False,False,정보충분
J19_S014001,환불요청,서비스이용,서비스이용,False,False,False,False,정보충분
J19_S014015,환불요청,구매진행,구매진행,False,False,False,False,정보충분
J19_S014069,환불요청,주문취소,주문취소,False,False,False,False,정보충분
J19_S014080,환불요청,주문취소,주문취소,False,False,False,False,정보충분
J19_S014138,환불요청,구매진행,주문취소,False,True,True,True,정보부족(infopoor)
J19_S014149,주문취소,서비스이용,주문취소,True,True,True,True,정보부족(infopoor)
J19_S014158,환불요청,주문취소,주문취소,False,False,False,False,정보충분
J19_S014162,교환반품,주문취소,주문취소,False,False,False,False,정보충분
J19_S014177,환불요청,배송확인,배송확인,False,False,False,False,정보충분
J19_S014184,환불요청,구매진행,환불요청,True,True,False,True,정보부족(infopoor)
J19_S014196,주문취소,서비스이용,배송확인,False,True,False,False,정보충분
J19_S014205,환불요청,서비스이용,환불요청,True,True,True,True,정보부족(infopoor)
J19_S014208,환불요청,주문취소,주문취소,False,False,False,False,정보충분
J19_S014217,배송확인,서비스이용,배송확인,True,True,True,True,정보부족(infopoor)
J19_S014223,환불요청,주문취소,주문취소,False,False,True,False,정보충분
J19_S014225,환불요청,주문취소,환불요청,True,True,False,True,정보부족(infopoor)
J19_S014259,환불요청,주문취소,환불요청,True,True,True,True,정보부족(infopoor)
J19_S014264,구매진행,주문취소,주문취소,False,False,False,False,정보충분
J19_S014266,환불요청,서비스이용,환불요청,True,True,True,True,정보부족(infopoor)
J19_S014272,환불요청,구매진행,주문취소,False,True,False,False,정보충분
J19_S014273,환불요청,주문취소,주문취소,False,False,False,False,정보충분
J19_S014277,환불요청,구매진행,주문취소,False,True,False,False,정보충분
J19_S014290,환불요청,서비스이용,서비스이용,False,False,False,False,정보충분
J19_S014292,환불요청,구매진행,주문취소,False,True,True,True,정보부족(infopoor)
J19_S014314,환불요청,주문취소,주문취소,False,False,True,False,정보충분
J19_S014337,환불요청,주문취소,주문취소,False,False,False,False,정보충분
J19_S014411,환불요청,주문취소,주문취소,False,False,False,False,정보충분
J19_S014418,환불요청,서비스이용,환불요청,True,True,False,True,정보부족(infopoor)
J19_S014420,환불요청,주문취소,주문취소,False,False,False,False,정보충분
J19_S014425,환불요청,구매진행,구매진행,False,False,False,False,정보충분
J19_S014478,환불요청,서비스이용,서비스이용,False,False,False,False,정보충분
J19_S014489,환불요청,구매진행,구매진행,False,False,False,False,정보충분
J19_S014498,환불요청,주문취소,주문취소,False,False,False,False,정보충분
J19_S014563,환불요청,주문취소,주문취소,False,False,False,False,정보충분
J19_S014585,환불요청,주문취소,주문취소,False,False,False,False,정보충분
J19_S014602,환불요청,구매진행,구매진행,False,False,False,False,정보충분
J19_S014624,환불요청,교환반품,주문취소,False,True,False,False,정보충분
J19_S014649,환불요청,서비스이용,서비스이용,False,False,False,False,정보충분
J19_S014678,환불요청,교환반품,교환반품,False,False,False,False,정보충분
J19_S014689,환불요청,불만제기,서비스이용,False,True,True,True,정보부족(infopoor)
J19_S014690,환불요청,서비스이용,서비스이용,False,False,False,False,정보충분
J19_S014722,환불요청,주문취소,주문취소,False,False,True,False,정보충분
J19_S014728,환불요청,배송확인,환불요청,True,True,True,True,정보부족(infopoor)
J19_S014753,환불요청,구매진행,환불요청,True,True,False,True,정보부족(infopoor)
J19_S014755,환불요청,배송확인,배송확인,False,False,False,False,정보충분
J19_S014762,환불요청,주문취소,환불요청,True,True,False,True,정보부족(infopoor)
J19_S014763,환불요청,주문취소,주문취소,False,False,False,False,정보충분
J19_S014766,환불요청,교환반품,환불요청,True,True,False,True,정보부족(infopoor)
J19_S014769,환불요청,서비스이용,환불요청,True,True,True,True,정보부족(infopoor)
J19_S014779,환불요청,주문취소,주문취소,False,False,False,False,정보충분
J19_S014784,환불요청,주문취소,구매진행,False,True,False,False,정보충분
J19_S014792,환불요청,주문취소,주문취소,False,False,False,False,정보충분
J19_S014812,환불요청,서비스이용,서비스이용,False,False,False,False,정보충분
J19_S014816,환불요청,주문취소,구매진행,False,True,False,False,정보충분
J19_S014860,환불요청,서비스이용,서비스이용,False,False,False,False,정보충분
J19_S014861,환불요청,서비스이용,교환반품,False,True,True,True,정보부족(infopoor)
J19_S014866,환불요청,서비스이용,서비스이용,False,False,False,False,정보충분
J19_S014868,환불요청,서비스이용,환불요청,True,True,True,True,정보부족(infopoor)
J19_S014870,환불요청,서비스이용,서비스이용,False,False,False,False,정보충분
J19_S014937,환불요청,주문취소,주문취소,False,False,False,False,정보충분
J19_S014946,환불요청,구매진행,환불요청,True,True,True,True,정보부족(infopoor)
J19_S014955,환불요청,구매진행,구매진행,False,False,False,False,정보충분
J19_S014968,환불요청,서비스이용,환불요청,True,True,False,True,정보부족(infopoor)
J19_S014995,환불요청,서비스이용,환불요청,True,True,False,True,정보부족(infopoor)
J19_S015000,환불요청,주문취소,환불요청,True,True,False,True,정보부족(infopoor)
J19_S015017,환불요청,주문취소,주문취소,False,False,False,False,정보충분
J19_S015024,환불요청,주문취소,환불요청,True,True,False,True,정보부족(infopoor)
J19_S015035,환불요청,주문취소,주문취소,False,False,False,False,정보충분
J19_S015041,환불요청,주문취소,주문취소,False,False,False,False,정보충분
J19_S015067,환불요청,주문취소,주문취소,False,False,False,False,정보충분
J19_S015068,환불요청,서비스이용,서비스이용,False,False,False,False,정보충분
J19_S015070,환불요청,주문취소,환불요청,True,True,True,True,정보부족(infopoor)
J19_S015095,환불요청,구매진행,환불요청,True,True,False,True,정보부족(infopoor)
J19_S015100,환불요청,주문취소,주문취소,False,False,False,False,정보충분
J19_S015110,환불요청,서비스이용,환불요청,True,True,False,True,정보부족(infopoor)
J19_S015143,환불요청,배송확인,환불요청,True,True,False,True,정보부족(infopoor)
J19_S015155,환불요청,서비스이용,서비스이용,False,False,False,False,정보충분
J19_S015162,환불요청,주문취소,주문취소,False,False,False,False,정보충분
J19_S015187,환불요청,주문취소,환불요청,True,True,False,True,정보부족(infopoor)
J19_S015204,환불요청,주문취소,주문취소,False,False,False,False,정보충분
J19_S015211,환불요청,주문취소,주문취소,False,False,False,False,정보충분
J19_S015231,환불요청,서비스이용,주문취소,False,True,True,True,정보부족(infopoor)
J19_S015264,환불요청,배송확인,배송확인,False,False,True,False,정보충분
J19_S015288,환불요청,서비스이용,환불요청,True,True,False,True,정보부족(infopoor)
J19_S015333,환불요청,주문취소,환불요청,True,True,False,True,정보부족(infopoor)
J19_S015338,환불요청,불만제기,환불요청,True,True,False,True,정보부족(infopoor)
J19_S015380,서비스이용,환불요청,서비스이용,True,True,False,True,정보부족(infopoor)
J19_S015419,환불요청,주문취소,주문취소,False,False,False,False,정보충분
J19_S015421,환불요청,주문취소,서비스이용,False,True,False,False,정보충분
J19_S015434,환불요청,주문취소,주문취소,False,False,False,False,정보충분
J19_S015436,환불요청,서비스이용,서비스이용,False,False,False,False,정보충분
J19_S015437,환불요청,주문취소,주문취소,False,False,False,False,정보충분
J19_S015444,환불요청,서비스이용,구매진행,False,True,False,False,정보충분
J19_S015448,환불요청,주문취소,환불요청,True,True,False,True,정보부족(infopoor)
J19_S015453,환불요청,주문취소,주문취소,False,False,True,False,정보충분
J19_S015488,환불요청,주문취소,주문취소,False,False,False,False,정보충분
J19_S015501,환불요청,주문취소,주문취소,False,False,False,False,정보충분
J19_S015502,환불요청,서비스이용,환불요청,True,True,False,True,정보부족(infopoor)
J19_S015513,환불요청,주문취소,주문취소,False,False,False,False,정보충분
J19_S015517,환불요청,배송확인,배송확인,False,False,False,False,정보충분
J19_S015519,환불요청,배송확인,환불요청,True,True,False,True,정보부족(infopoor)
J19_S015528,환불요청,교환반품,주문취소,False,True,False,False,정보충분
J19_S015570,환불요청,배송확인,환불요청,True,True,False,True,정보부족(infopoor)
J19_S015579,환불요청,배송확인,주문취소,False,True,False,False,정보충분
J19_S015590,환불요청,서비스이용,환불요청,True,True,False,True,정보부족(infopoor)
J19_S015600,환불요청,구매진행,구매진행,False,False,False,False,정보충분
J19_S015619,환불요청,주문취소,주문취소,False,False,False,False,정보충분
J19_S015659,환불요청,배송확인,환불요청,True,True,False,True,정보부족(infopoor)
J19_S015667,환불요청,주문취소,주문취소,False,False,False,False,정보충분
J19_S015682,구매진행,서비스이용,환불요청,False,True,False,False,정보충분
J19_S015698,환불요청,주문취소,주문취소,False,False,False,False,정보충분
J19_S015728,환불요청,구매진행,주문취소,False,True,False,False,정보충분
J19_S015736,환불요청,구매진행,구매진행,False,False,False,False,정보충분
J19_S015740,환불요청,주문취소,주문취소,False,False,False,False,정보충분
J19_S015766,환불요청,서비스이용,서비스이용,False,False,True,False,정보충분
J19_S015774,환불요청,서비스이용,환불요청,True,True,False,True,정보부족(infopoor)
J19_S015786,환불요청,서비스이용,서비스이용,False,False,False,False,정보충분
J19_S015791,환불요청,배송확인,구매진행,False,True,False,False,정보충분
J19_S015793,환불요청,구매진행,환불요청,True,True,False,True,정보부족(infopoor)
J19_S015795,환불요청,서비스이용,배송확인,False,True,True,True,정보부족(infopoor)
J19_S015809,환불요청,구매진행,환불요청,True,True,False,True,정보부족(infopoor)
J19_S015813,환불요청,구매진행,주문취소,False,True,False,False,정보충분
J19_S015817,환불요청,주문취소,주문취소,False,False,False,False,정보충분
J19_S015839,환불요청,배송확인,배송확인,False,False,True,False,정보충분
J19_S015853,환불요청,서비스이용,환불요청,True,True,False,True,정보부족(infopoor)
J19_S015856,환불요청,구매진행,구매진행,False,False,False,False,정보충분
J19_S015887,환불요청,주문취소,주문취소,False,False,False,False,정보충분
J19_S015892,환불요청,배송확인,배송확인,False,False,True,False,정보충분
J19_S015916,환불요청,서비스이용,서비스이용,False,False,False,False,정보충분
J19_S015935,환불요청,서비스이용,서비스이용,False,False,False,False,정보충분
J19_S015957,환불요청,주문취소,환불요청,True,True,False,True,정보부족(infopoor)
J19_S015972,교환반품,환불요청,환불요청,False,False,False,False,정보충분
J19_S016005,환불요청,주문취소,주문취소,False,False,True,False,정보충분
J19_S016025,환불요청,주문취소,주문취소,False,False,False,False,정보충분
J19_S016056,환불요청,주문취소,주문취소,False,False,False,False,정보충분
J19_S016059,환불요청,구매진행,주문취소,False,True,False,False,정보충분
J19_S016073,환불요청,주문취소,주문취소,False,False,False,False,정보충분
J19_S016074,환불요청,서비스이용,주문취소,False,True,False,False,정보충분
J19_S016076,환불요청,구매진행,주문취소,False,True,False,False,정보충분
J19_S016078,환불요청,주문취소,환불요청,True,True,False,True,정보부족(infopoor)
J19_S016081,환불요청,주문취소,주문취소,False,False,False,False,정보충분
J19_S016102,환불요청,배송확인,환불요청,True,True,False,True,정보부족(infopoor)
J19_S016103,구매진행,서비스이용,서비스이용,False,False,False,False,정보충분
J19_S016115,환불요청,서비스이용,환불요청,True,True,True,True,정보부족(infopoor)
J19_S016143,환불요청,구매진행,구매진행,False,False,False,False,정보충분
J19_S016150,환불요청,서비스이용,주문취소,False,True,True,True,정보부족(infopoor)
J19_S016151,구매진행,서비스이용,구매진행,True,True,True,True,정보부족(infopoor)
J19_S016154,환불요청,교환반품,환불요청,True,True,False,True,정보부족(infopoor)
J19_S016160,환불요청,주문취소,주문취소,False,False,False,False,정보충분
J19_S016163,환불요청,서비스이용,서비스이용,False,False,False,False,정보충분
J19_S016175,구매진행,서비스이용,서비스이용,False,False,False,False,정보충분
J19_S016181,환불요청,구매진행,환불요청,True,True,False,True,정보부족(infopoor)
J19_S016187,환불요청,구매진행,구매진행,False,False,False,False,정보충분
J19_S016194,환불요청,서비스이용,서비스이용,False,False,False,False,정보충분
J19_S016206,환불요청,구매진행,구매진행,False,False,False,False,정보충분
J19_S016222,환불요청,배송확인,배송확인,False,False,False,False,정보충분
J19_S016236,환불요청,서비스이용,환불요청,True,True,False,True,정보부족(infopoor)
J19_S016241,환불요청,서비스이용,서비스이용,False,False,False,False,정보충분
J19_S016245,환불요청,불만제기,서비스이용,False,True,False,False,정보충분
J19_S016247,환불요청,서비스이용,서비스이용,False,False,False,False,정보충분
J19_S016259,환불요청,서비스이용,환불요청,True,True,True,True,정보부족(infopoor)
J19_S016260,환불요청,주문취소,환불요청,True,True,True,True,정보부족(infopoor)
J19_S016268,환불요청,구매진행,서비스이용,False,True,True,True,정보부족(infopoor)
J19_S016308,환불요청,구매진행,환불요청,True,True,False,True,정보부족(infopoor)
J19_S016309,환불요청,구매진행,구매진행,False,False,True,False,정보충분
J19_S016316,환불요청,주문취소,주문취소,False,False,False,False,정보충분
J19_S016329,환불요청,주문취소,주문취소,False,False,False,False,정보충분
J19_S016336,환불요청,배송확인,배송확인,False,False,False,False,정보충분
J19_S016356,환불요청,주문취소,주문취소,False,False,False,False,정보충분
J19_S016367,환불요청,서비스이용,주문취소,False,True,True,True,정보부족(infopoor)
J19_S016374,환불요청,배송확인,배송확인,False,False,False,False,정보충분
J19_S016382,환불요청,주문취소,환불요청,True,True,False,True,정보부족(infopoor)
J19_S016396,환불요청,교환반품,교환반품,False,False,False,False,정보충분
J19_S016412,환불요청,배송확인,주문취소,False,True,False,False,정보충분
J19_S016440,환불요청,주문취소,환불요청,True,True,False,True,정보부족(infopoor)
J19_S016476,환불요청,주문취소,주문취소,False,False,False,False,정보충분
J19_S016492,주문취소,배송확인,환불요청,False,True,False,False,정보충분
J19_S016495,환불요청,주문취소,주문취소,False,False,False,False,정보충분
J19_S016549,환불요청,주문취소,주문취소,False,False,False,False,정보충분
J19_S016552,환불요청,주문취소,주문취소,False,False,False,False,정보충분
J19_S016560,환불요청,주문취소,주문취소,False,False,False,False,정보충분
J19_S016564,환불요청,서비스이용,주문취소,False,True,False,False,정보충분
J19_S016576,환불요청,주문취소,주문취소,False,False,False,False,정보충분
J19_S016579,환불요청,주문취소,환불요청,True,True,False,True,정보부족(infopoor)
J19_S016581,환불요청,주문취소,주문취소,False,False,False,False,정보충분
J19_S016591,환불요청,주문취소,주문취소,False,False,False,False,정보충분
J19_S016595,환불요청,주문취소,주문취소,False,False,False,False,정보충분
J19_S016597,환불요청,주문취소,주문취소,False,False,False,False,정보충분
J19_S016604,환불요청,주문취소,주문취소,False,False,True,False,정보충분
J19_S016607,환불요청,구매진행,주문취소,False,True,False,False,정보충분
J19_S016615,환불요청,서비스이용,서비스이용,False,False,False,False,정보충분
J19_S016628,환불요청,서비스이용,배송확인,False,True,True,True,정보부족(infopoor)
J19_S016631,환불요청,주문취소,주문취소,False,False,False,False,정보충분
J19_S016661,환불요청,구매진행,환불요청,True,True,False,True,정보부족(infopoor)
J19_S016673,환불요청,주문취소,주문취소,False,False,False,False,정보충분
J19_S016682,환불요청,서비스이용,환불요청,True,True,False,True,정보부족(infopoor)
J19_S016688,환불요청,배송확인,환불요청,True,True,True,True,정보부족(infopoor)
J19_S016693,환불요청,구매진행,환불요청,True,True,False,True,정보부족(infopoor)
J19_S016708,환불요청,주문취소,주문취소,False,False,False,False,정보충분
J19_S016720,환불요청,주문취소,주문취소,False,False,False,False,정보충분
J19_S016726,환불요청,서비스이용,서비스이용,False,False,True,False,정보충분
J19_S016739,환불요청,구매진행,환불요청,True,True,True,True,정보부족(infopoor)
J19_S016742,주문취소,서비스이용,배송확인,False,True,False,False,정보충분
J19_S016743,환불요청,배송확인,배송확인,False,False,False,False,정보충분
J19_S016747,환불요청,구매진행,환불요청,True,True,True,True,정보부족(infopoor)
J19_S016753,환불요청,서비스이용,주문취소,False,True,True,True,정보부족(infopoor)
J19_S016755,환불요청,불만제기,배송확인,False,True,False,False,정보충분
J19_S016758,환불요청,서비스이용,주문취소,False,True,False,False,정보충분
J19_S016759,환불요청,주문취소,주문취소,False,False,False,False,정보충분
J19_S016780,배송확인,환불요청,환불요청,False,False,False,False,정보충분
J19_S016782,환불요청,서비스이용,서비스이용,False,False,False,False,정보충분
J19_S016801,환불요청,주문취소,주문취소,False,False,False,False,정보충분
J19_S016809,환불요청,주문취소,주문취소,False,False,False,False,정보충분
J19_S016810,환불요청,주문취소,주문취소,False,False,True,False,정보충분
J19_S016812,환불요청,주문취소,주문취소,False,False,False,False,정보충분
J19_S016824,환불요청,교환반품,환불요청,True,True,False,True,정보부족(infopoor)
J19_S016827,환불요청,서비스이용,서비스이용,False,False,False,False,정보충분
J19_S016843,환불요청,주문취소,주문취소,False,False,False,False,정보충분
J19_S016850,환불요청,서비스이용,구매진행,False,True,True,True,정보부족(infopoor)
J19_S016859,환불요청,서비스이용,환불요청,True,True,False,True,정보부족(infopoor)
J19_S016862,환불요청,주문취소,주문취소,False,False,True,False,정보충분
J19_S016877,환불요청,불만제기,서비스이용,False,True,False,False,정보충분
J19_S016882,환불요청,불만제기,환불요청,True,True,True,True,정보부족(infopoor)
J19_S016893,환불요청,구매진행,구매진행,False,False,False,False,정보충분
J19_S016897,환불요청,주문취소,주문취소,False,False,False,False,정보충분
J19_S016901,배송확인,서비스이용,서비스이용,False,False,False,False,정보충분
J19_S016905,환불요청,서비스이용,배송확인,False,True,True,True,정보부족(infopoor)
J19_S016907,환불요청,주문취소,주문취소,False,False,False,False,정보충분
J19_S016908,환불요청,서비스이용,환불요청,True,True,False,True,정보부족(infopoor)
J19_S016960,환불요청,주문취소,환불요청,True,True,False,True,정보부족(infopoor)
J19_S016973,환불요청,주문취소,주문취소,False,False,False,False,정보충분
J19_S017022,환불요청,서비스이용,환불요청,True,True,False,True,정보부족(infopoor)
J19_S017048,환불요청,주문취소,주문취소,False,False,False,False,정보충분
J19_S017053,환불요청,서비스이용,서비스이용,False,False,False,False,정보충분
J19_S017089,환불요청,주문취소,주문취소,False,False,False,False,정보충분
J19_S017097,환불요청,주문취소,주문취소,False,False,True,False,정보충분
J19_S017152,환불요청,구매진행,구매진행,False,False,False,False,정보충분
J19_S017157,환불요청,주문취소,주문취소,False,False,False,False,정보충분
J19_S017164,환불요청,배송확인,배송확인,False,False,False,False,정보충분
J19_S017166,환불요청,서비스이용,환불요청,True,True,True,True,정보부족(infopoor)
J19_S017184,환불요청,서비스이용,서비스이용,False,False,False,False,정보충분
J19_S017186,환불요청,구매진행,구매진행,False,False,False,False,정보충분
J19_S017206,환불요청,주문취소,주문취소,False,False,True,False,정보충분
J19_S017208,환불요청,서비스이용,서비스이용,False,False,False,False,정보충분
J19_S017220,환불요청,서비스이용,서비스이용,False,False,False,False,정보충분
J19_S017222,환불요청,주문취소,주문취소,False,False,False,False,정보충분
J19_S017232,환불요청,주문취소,주문취소,False,False,False,False,정보충분
J19_S017239,환불요청,서비스이용,환불요청,True,True,True,True,정보부족(infopoor)
J19_S017247,환불요청,서비스이용,환불요청,True,True,False,True,정보부족(infopoor)
J19_S017257,배송확인,환불요청,환불요청,False,False,False,False,정보충분
J19_S017280,환불요청,구매진행,구매진행,False,False,False,False,정보충분
J19_S017281,환불요청,주문취소,주문취소,False,False,False,False,정보충분
J19_S017283,환불요청,교환반품,환불요청,True,True,False,True,정보부족(infopoor)
J19_S017286,환불요청,구매진행,환불요청,True,True,False,True,정보부족(infopoor)
J19_S017299,구매진행,환불요청,구매진행,True,True,True,True,정보부족(infopoor)
J19_S017301,환불요청,주문취소,주문취소,False,False,False,False,정보충분
J19_S017307,환불요청,주문취소,환불요청,True,True,False,True,정보부족(infopoor)
J19_S017332,환불요청,서비스이용,환불요청,True,True,False,True,정보부족(infopoor)
J19_S017364,환불요청,서비스이용,환불요청,True,True,False,True,정보부족(infopoor)
J19_S017371,환불요청,불만제기,서비스이용,False,True,False,False,정보충분
J19_S017378,환불요청,주문취소,주문취소,False,False,False,False,정보충분
J19_S017390,환불요청,주문취소,환불요청,True,True,False,True,정보부족(infopoor)
J19_S017400,환불요청,구매진행,환불요청,True,True,False,True,정보부족(infopoor)
J19_S017411,환불요청,주문취소,환불요청,True,True,False,True,정보부족(infopoor)
J19_S017414,환불요청,구매진행,환불요청,True,True,False,True,정보부족(infopoor)
J19_S017455,환불요청,서비스이용,서비스이용,False,False,False,False,정보충분
J19_S017515,환불요청,구매진행,구매진행,False,False,True,False,정보충분
J19_S017523,환불요청,주문취소,주문취소,False,False,False,False,정보충분
J19_S017539,환불요청,주문취소,주문취소,False,False,False,False,정보충분
J19_S017561,환불요청,서비스이용,서비스이용,False,False,True,False,정보충분
J19_S017578,환불요청,주문취소,주문취소,False,False,True,False,정보충분
J19_S017586,환불요청,서비스이용,서비스이용,False,False,False,False,정보충분
J19_S017590,환불요청,불만제기,구매진행,False,True,False,False,정보충분
J19_S017591,환불요청,구매진행,구매진행,False,False,False,False,정보충분
J19_S017599,환불요청,서비스이용,환불요청,True,True,False,True,정보부족(infopoor)
J19_S017621,환불요청,서비스이용,서비스이용,False,False,False,False,정보충분
J19_S017642,환불요청,구매진행,구매진행,False,False,False,False,정보충분
J19_S017647,환불요청,주문취소,주문취소,False,False,False,False,정보충분
J19_S017648,환불요청,서비스이용,서비스이용,False,False,False,False,정보충분
J19_S017669,환불요청,구매진행,구매진행,False,False,False,False,정보충분
J19_S017672,환불요청,교환반품,교환반품,False,False,False,False,정보충분
J19_S017710,환불요청,서비스이용,환불요청,True,True,False,True,정보부족(infopoor)
J19_S017733,환불요청,주문취소,주문취소,False,False,False,False,정보충분
J19_S017737,환불요청,서비스이용,환불요청,True,True,False,True,정보부족(infopoor)
J19_S017775,환불요청,구매진행,구매진행,False,False,False,False,정보충분
J19_S017776,서비스이용,구매진행,환불요청,False,True,False,False,정보충분
J19_S017785,환불요청,주문취소,주문취소,False,False,True,False,정보충분
J19_S017787,환불요청,서비스이용,주문취소,False,True,True,True,정보부족(infopoor)
J19_S017804,환불요청,주문취소,주문취소,False,False,False,False,정보충분
J19_S017818,환불요청,구매진행,주문취소,False,True,False,False,정보충분
J19_S017847,환불요청,구매진행,구매진행,False,False,False,False,정보충분
J19_S017861,환불요청,교환반품,교환반품,False,False,True,False,정보충분
J19_S017863,환불요청,구매진행,환불요청,True,True,False,True,정보부족(infopoor)
J19_S017875,환불요청,주문취소,환불요청,True,True,False,True,정보부족(infopoor)
J19_S017881,환불요청,서비스이용,환불요청,True,True,False,True,정보부족(infopoor)
J19_S017898,환불요청,구매진행,구매진행,False,False,False,False,정보충분
J19_S017906,환불요청,주문취소,주문취소,False,False,False,False,정보충분
J19_S017918,환불요청,구매진행,환불요청,True,True,False,True,정보부족(infopoor)
J19_S017924,환불요청,서비스이용,서비스이용,False,False,False,False,정보충분
J19_S017949,환불요청,주문취소,주문취소,False,False,False,False,정보충분
J19_S017952,환불요청,주문취소,주문취소,False,False,False,False,정보충분
J19_S017955,환불요청,주문취소,주문취소,False,False,False,False,정보충분
J19_S017962,환불요청,구매진행,환불요청,True,True,False,True,정보부족(infopoor)
J19_S017971,환불요청,주문취소,주문취소,False,False,False,False,정보충분
J19_S017977,환불요청,서비스이용,주문취소,False,True,True,True,정보부족(infopoor)
J19_S017983,환불요청,서비스이용,서비스이용,False,False,True,False,정보충분
J19_S017985,환불요청,배송확인,배송확인,False,False,False,False,정보충분
J19_S017990,환불요청,구매진행,구매진행,False,False,False,False,정보충분
J19_S017998,환불요청,주문취소,주문취소,False,False,False,False,정보충분
J19_S018000,환불요청,구매진행,주문취소,False,True,False,False,정보충분
J19_S018012,환불요청,서비스이용,환불요청,True,True,True,True,정보부족(infopoor)
J19_S018013,환불요청,서비스이용,환불요청,True,True,True,True,정보부족(infopoor)
J19_S018035,환불요청,구매진행,구매진행,False,False,False,False,정보충분
J19_S018039,환불요청,주문취소,환불요청,True,True,True,True,정보부족(infopoor)
J19_S018042,주문취소,환불요청,환불요청,False,False,False,False,정보충분
J19_S018061,환불요청,배송확인,주문취소,False,True,False,False,정보충분
J19_S018101,주문취소,구매진행,주문취소,True,True,False,True,정보부족(infopoor)
J19_S018108,환불요청,구매진행,환불요청,True,True,False,True,정보부족(infopoor)
J19_S018111,환불요청,서비스이용,서비스이용,False,False,False,False,정보충분
J19_S018124,환불요청,서비스이용,주문취소,False,True,True,True,정보부족(infopoor)
J19_S018126,환불요청,주문취소,주문취소,False,False,False,False,정보충분
J19_S018155,환불요청,주문취소,주문취소,False,False,False,False,정보충분
J19_S018159,환불요청,주문취소,주문취소,False,False,False,False,정보충분
J19_S018175,환불요청,주문취소,환불요청,True,True,False,True,정보부족(infopoor)
J19_S018178,환불요청,서비스이용,서비스이용,False,False,True,False,정보충분
J19_S018187,환불요청,서비스이용,환불요청,True,True,False,True,정보부족(infopoor)
J19_S018217,환불요청,주문취소,주문취소,False,False,False,False,정보충분
J19_S018228,환불요청,주문취소,환불요청,True,True,True,True,정보부족(infopoor)
J19_S018231,환불요청,서비스이용,주문취소,False,True,False,False,정보충분
J19_S018232,환불요청,서비스이용,서비스이용,False,False,False,False,정보충분
J19_S018233,환불요청,배송확인,환불요청,True,True,False,True,정보부족(infopoor)
J19_S018255,환불요청,주문취소,주문취소,False,False,False,False,정보충분
J19_S018262,환불요청,배송확인,환불요청,True,True,False,True,정보부족(infopoor)
J19_S018277,환불요청,서비스이용,서비스이용,False,False,False,False,정보충분
J19_S018290,환불요청,서비스이용,환불요청,True,True,True,True,정보부족(infopoor)
J19_S018295,환불요청,구매진행,주문취소,False,True,False,False,정보충분
J19_S018303,환불요청,주문취소,주문취소,False,False,True,False,정보충분
J19_S018306,환불요청,주문취소,주문취소,False,False,False,False,정보충분
J19_S018310,환불요청,주문취소,환불요청,True,True,False,True,정보부족(infopoor)
J19_S018311,환불요청,주문취소,주문취소,False,False,False,False,정보충분
J19_S018317,환불요청,서비스이용,구매진행,False,True,False,False,정보충분
J19_S018318,환불요청,구매진행,환불요청,True,True,False,True,정보부족(infopoor)
J19_S018389,환불요청,주문취소,주문취소,False,False,True,False,정보충분
J19_S018404,환불요청,주문취소,주문취소,False,False,False,False,정보충분
J19_S018405,환불요청,서비스이용,환불요청,True,True,False,True,정보부족(infopoor)
J19_S018414,환불요청,서비스이용,서비스이용,False,False,False,False,정보충분
J19_S018426,환불요청,서비스이용,서비스이용,False,False,True,False,정보충분
J19_S018429,환불요청,배송확인,교환반품,False,True,False,False,정보충분
J19_S018433,환불요청,불만제기,환불요청,True,True,True,True,정보부족(infopoor)
J19_S018435,환불요청,구매진행,주문취소,False,True,False,False,정보충분
J19_S018449,환불요청,주문취소,주문취소,False,False,False,False,정보충분
J19_S018452,환불요청,서비스이용,환불요청,True,True,False,True,정보부족(infopoor)
J19_S018462,환불요청,구매진행,구매진행,False,False,False,False,정보충분
J19_S018468,환불요청,구매진행,구매진행,False,False,False,False,정보충분
J19_S018472,환불요청,구매진행,구매진행,False,False,False,False,정보충분
J19_S018475,환불요청,주문취소,주문취소,False,False,False,False,정보충분
J19_S018484,환불요청,서비스이용,환불요청,True,True,False,True,정보부족(infopoor)
J19_S018494,환불요청,주문취소,주문취소,False,False,False,False,정보충분
J19_S018499,환불요청,주문취소,주문취소,False,False,False,False,정보충분
J19_S018503,환불요청,서비스이용,주문취소,False,True,False,False,정보충분
J19_S018528,환불요청,주문취소,서비스이용,False,True,False,False,정보충분
J19_S018535,환불요청,서비스이용,서비스이용,False,False,False,False,정보충분
J19_S018538,환불요청,구매진행,배송확인,False,True,False,False,정보충분
J19_S018548,환불요청,주문취소,주문취소,False,False,False,False,정보충분
J19_S018550,환불요청,서비스이용,서비스이용,False,False,False,False,정보충분
J19_S018562,배송확인,환불요청,배송확인,True,True,False,True,정보부족(infopoor)
J19_S018568,환불요청,구매진행,구매진행,False,False,False,False,정보충분
J19_S018577,환불요청,주문취소,주문취소,False,False,False,False,정보충분
J19_S018593,환불요청,배송확인,배송확인,False,False,False,False,정보충분
J19_S018595,배송확인,불만제기,불만제기,False,False,False,False,정보충분
J19_S018606,환불요청,구매진행,환불요청,True,True,False,True,정보부족(infopoor)
J19_S018612,환불요청,주문취소,주문취소,False,False,False,False,정보충분
J19_S018628,환불요청,주문취소,주문취소,False,False,False,False,정보충분
J19_S018655,환불요청,서비스이용,환불요청,True,True,False,True,정보부족(infopoor)
J19_S018667,환불요청,주문취소,주문취소,False,False,False,False,정보충분
J19_S018690,환불요청,주문취소,환불요청,True,True,False,True,정보부족(infopoor)
J19_S018771,환불요청,서비스이용,주문취소,False,True,False,False,정보충분
J19_S018777,환불요청,주문취소,주문취소,False,False,False,False,정보충분
J19_S018778,환불요청,배송확인,주문취소,False,True,True,True,정보부족(infopoor)
J19_S018809,환불요청,구매진행,구매진행,False,False,False,False,정보충분
J19_S018824,환불요청,주문취소,주문취소,False,False,False,False,정보충분
J19_S018825,환불요청,구매진행,환불요청,True,True,False,True,정보부족(infopoor)
J19_S018826,환불요청,서비스이용,서비스이용,False,False,False,False,정보충분
J19_S018827,환불요청,배송확인,주문취소,False,True,False,False,정보충분
J19_S018830,환불요청,주문취소,주문취소,False,False,False,False,정보충분
J19_S018838,환불요청,서비스이용,환불요청,True,True,False,True,정보부족(infopoor)
J19_S018850,환불요청,교환반품,교환반품,False,False,False,False,정보충분
J19_S018856,환불요청,서비스이용,환불요청,True,True,True,True,정보부족(infopoor)
J19_S018858,환불요청,주문취소,주문취소,False,False,False,False,정보충분
J19_S018873,환불요청,서비스이용,서비스이용,False,False,True,False,정보충분
J19_S018882,환불요청,주문취소,주문취소,False,False,False,False,정보충분
J19_S018903,환불요청,교환반품,환불요청,True,True,False,True,정보부족(infopoor)
J19_S018926,환불요청,배송확인,환불요청,True,True,False,True,정보부족(infopoor)
J19_S018935,환불요청,구매진행,구매진행,False,False,True,False,정보충분
J19_S018942,환불요청,주문취소,주문취소,False,False,False,False,정보충분
J19_S018974,환불요청,서비스이용,서비스이용,False,False,False,False,정보충분
J19_S018982,환불요청,주문취소,환불요청,True,True,False,True,정보부족(infopoor)
J19_S018985,환불요청,주문취소,환불요청,True,True,False,True,정보부족(infopoor)
J19_S019004,환불요청,불만제기,환불요청,True,True,True,True,정보부족(infopoor)
J19_S019011,환불요청,서비스이용,환불요청,True,True,False,True,정보부족(infopoor)
J19_S019016,환불요청,서비스이용,구매진행,False,True,True,True,정보부족(infopoor)
J19_S019018,환불요청,배송확인,주문취소,False,True,True,True,정보부족(infopoor)
J19_S019020,환불요청,서비스이용,서비스이용,False,False,True,False,정보충분
J19_S019029,환불요청,서비스이용,서비스이용,False,False,False,False,정보충분
J19_S019042,환불요청,구매진행,구매진행,False,False,True,False,정보충분
J19_S019048,환불요청,주문취소,주문취소,False,False,False,False,정보충분
J19_S019060,환불요청,주문취소,주문취소,False,False,False,False,정보충분
J19_S019064,환불요청,주문취소,주문취소,False,False,False,False,정보충분
J19_S019074,환불요청,주문취소,주문취소,False,False,False,False,정보충분
J19_S019087,환불요청,서비스이용,서비스이용,False,False,False,False,정보충분
J19_S019091,환불요청,구매진행,환불요청,True,True,False,True,정보부족(infopoor)
J19_S019098,구매진행,환불요청,환불요청,False,False,False,False,정보충분
J19_S019103,환불요청,구매진행,교환반품,False,True,False,False,정보충분
J19_S019122,환불요청,주문취소,구매진행,False,True,False,False,정보충분
J19_S019140,환불요청,서비스이용,환불요청,True,True,False,True,정보부족(infopoor)
J19_S019141,환불요청,주문취소,주문취소,False,False,False,False,정보충분
J19_S019155,환불요청,서비스이용,교환반품,False,True,True,True,정보부족(infopoor)
J19_S019181,환불요청,주문취소,주문취소,False,False,False,False,정보충분
J19_S019189,환불요청,주문취소,주문취소,False,False,False,False,정보충분
J19_S019197,환불요청,구매진행,배송확인,False,True,True,True,정보부족(infopoor)
J19_S019208,환불요청,주문취소,주문취소,False,False,False,False,정보충분
J19_S019215,환불요청,서비스이용,서비스이용,False,False,False,False,정보충분
J19_S019226,환불요청,주문취소,주문취소,False,False,False,False,정보충분
J19_S019227,환불요청,서비스이용,서비스이용,False,False,False,False,정보충분
J19_S019231,환불요청,주문취소,주문취소,False,False,True,False,정보충분
J19_S019237,환불요청,교환반품,환불요청,True,True,True,True,정보부족(infopoor)
J19_S019247,환불요청,주문취소,주문취소,False,False,False,False,정보충분
J19_S019251,환불요청,주문취소,주문취소,False,False,False,False,정보충분
J19_S019257,환불요청,주문취소,환불요청,True,True,False,True,정보부족(infopoor)
J19_S019264,환불요청,주문취소,주문취소,False,False,False,False,정보충분
J19_S019270,환불요청,구매진행,구매진행,False,False,False,False,정보충분
J19_S019281,환불요청,구매진행,환불요청,True,True,False,True,정보부족(infopoor)
J19_S019286,환불요청,배송확인,배송확인,False,False,True,False,정보충분
J19_S019288,환불요청,교환반품,교환반품,False,False,False,False,정보충분
J19_S019302,환불요청,구매진행,구매진행,False,False,False,False,정보충분
J19_S019330,환불요청,배송확인,주문취소,False,True,True,True,정보부족(infopoor)
J19_S019333,환불요청,주문취소,교환반품,False,True,False,False,정보충분
J19_S019347,환불요청,배송확인,환불요청,True,True,True,True,정보부족(infopoor)
J19_S019351,환불요청,주문취소,주문취소,False,False,False,False,정보충분
J19_S019365,환불요청,주문취소,환불요청,True,True,False,True,정보부족(infopoor)
J19_S019366,환불요청,주문취소,주문취소,False,False,False,False,정보충분
J19_S019384,환불요청,서비스이용,환불요청,True,True,True,True,정보부족(infopoor)
J19_S019385,환불요청,구매진행,구매진행,False,False,True,False,정보충분
J19_S019391,환불요청,주문취소,환불요청,True,True,False,True,정보부족(infopoor)
J19_S019396,환불요청,불만제기,서비스이용,False,True,True,True,정보부족(infopoor)
J19_S019412,환불요청,구매진행,주문취소,False,True,False,False,정보충분
J19_S019414,환불요청,주문취소,환불요청,True,True,False,True,정보부족(infopoor)
J19_S019419,환불요청,불만제기,환불요청,True,True,False,True,정보부족(infopoor)
J19_S019425,환불요청,구매진행,환불요청,True,True,False,True,정보부족(infopoor)
J19_S019450,환불요청,배송확인,환불요청,True,True,False,True,정보부족(infopoor)
J19_S019454,환불요청,불만제기,주문취소,False,True,True,True,정보부족(infopoor)
J19_S019459,환불요청,서비스이용,환불요청,True,True,False,True,정보부족(infopoor)
J19_S019478,환불요청,주문취소,주문취소,False,False,False,False,정보충분
J19_S019482,환불요청,서비스이용,서비스이용,False,False,False,False,정보충분
J19_S019486,환불요청,주문취소,주문취소,False,False,False,False,정보충분
J19_S019491,환불요청,주문취소,주문취소,False,False,False,False,정보충분
J19_S019514,환불요청,구매진행,구매진행,False,False,False,False,정보충분
J19_S019554,환불요청,구매진행,환불요청,True,True,False,True,정보부족(infopoor)
J19_S019564,환불요청,구매진행,서비스이용,False,True,False,False,정보충분
J19_S019584,환불요청,불만제기,환불요청,True,True,False,True,정보부족(infopoor)
J19_S019586,환불요청,주문취소,주문취소,False,False,False,False,정보충분
J19_S019611,환불요청,구매진행,구매진행,False,False,False,False,정보충분
J19_S019620,환불요청,구매진행,구매진행,False,False,False,False,정보충분
J19_S019624,환불요청,불만제기,불만제기,False,False,False,False,정보충분
J19_S019632,환불요청,주문취소,주문취소,False,False,False,False,정보충분
J19_S019637,환불요청,구매진행,환불요청,True,True,False,True,정보부족(infopoor)
J19_S019669,환불요청,불만제기,불만제기,False,False,True,False,정보충분
J19_S019677,환불요청,서비스이용,환불요청,True,True,False,True,정보부족(infopoor)
J19_S019697,환불요청,교환반품,환불요청,True,True,False,True,정보부족(infopoor)
J19_S019714,환불요청,구매진행,환불요청,True,True,True,True,정보부족(infopoor)
J19_S019722,환불요청,서비스이용,서비스이용,False,False,True,False,정보충분
J19_S019743,환불요청,주문취소,주문취소,False,False,False,False,정보충분
J19_S019774,구매진행,환불요청,환불요청,False,False,False,False,정보충분
J19_S019808,환불요청,서비스이용,환불요청,True,True,True,True,정보부족(infopoor)
J19_S019811,환불요청,주문취소,주문취소,False,False,False,False,정보충분
J19_S019813,환불요청,배송확인,환불요청,True,True,True,True,정보부족(infopoor)
J19_S019819,환불요청,구매진행,구매진행,False,False,False,False,정보충분
J19_S019833,환불요청,불만제기,환불요청,True,True,False,True,정보부족(infopoor)
J19_S019859,환불요청,주문취소,환불요청,True,True,False,True,정보부족(infopoor)
J19_S019867,환불요청,교환반품,교환반품,False,False,False,False,정보충분
J19_S019872,환불요청,주문취소,환불요청,True,True,False,True,정보부족(infopoor)
J19_S019882,환불요청,구매진행,구매진행,False,False,False,False,정보충분
J19_S019884,환불요청,서비스이용,환불요청,True,True,False,True,정보부족(infopoor)
J19_S019894,환불요청,서비스이용,환불요청,True,True,True,True,정보부족(infopoor)
J19_S019910,환불요청,교환반품,교환반품,False,False,False,False,정보충분
J19_S019945,환불요청,주문취소,구매진행,False,True,False,False,정보충분
J19_S019961,환불요청,배송확인,배송확인,False,False,False,False,정보충분
J19_S019975,환불요청,주문취소,주문취소,False,False,False,False,정보충분
J19_S019985,환불요청,서비스이용,서비스이용,False,False,False,False,정보충분
J19_S019999,환불요청,주문취소,주문취소,False,False,False,False,정보충분
J19_S020015,환불요청,주문취소,주문취소,False,False,True,False,정보충분
J19_S020034,환불요청,서비스이용,주문취소,False,True,False,False,정보충분
J19_S020040,환불요청,주문취소,주문취소,False,False,False,False,정보충분
J19_S020042,환불요청,서비스이용,서비스이용,False,False,False,False,정보충분
J19_S020045,환불요청,주문취소,배송확인,False,True,False,False,정보충분
J19_S020067,환불요청,주문취소,환불요청,True,True,False,True,정보부족(infopoor)
J19_S020069,환불요청,서비스이용,환불요청,True,True,False,True,정보부족(infopoor)
J19_S020076,환불요청,주문취소,주문취소,False,False,False,False,정보충분
J19_S020080,환불요청,주문취소,불만제기,False,True,False,False,정보충분
J19_S020085,환불요청,주문취소,주문취소,False,False,False,False,정보충분
J19_S020088,환불요청,주문취소,주문취소,False,False,False,False,정보충분
J19_S020112,환불요청,서비스이용,주문취소,False,True,True,True,정보부족(infopoor)
J19_S020115,환불요청,구매진행,구매진행,False,False,False,False,정보충분
J19_S020137,환불요청,주문취소,주문취소,False,False,False,False,정보충분
J19_S020149,환불요청,주문취소,주문취소,False,False,False,False,정보충분
J19_S020158,환불요청,주문취소,주문취소,False,False,False,False,정보충분
J19_S020161,환불요청,주문취소,환불요청,True,True,False,True,정보부족(infopoor)
J19_S020162,환불요청,주문취소,환불요청,True,True,False,True,정보부족(infopoor)
J19_S020165,환불요청,서비스이용,서비스이용,False,False,True,False,정보충분
J19_S020169,환불요청,구매진행,주문취소,False,True,True,True,정보부족(infopoor)
J19_S020171,환불요청,주문취소,환불요청,True,True,False,True,정보부족(infopoor)
J19_S020189,환불요청,구매진행,환불요청,True,True,False,True,정보부족(infopoor)
J19_S020193,환불요청,주문취소,주문취소,False,False,False,False,정보충분
J19_S020201,환불요청,주문취소,주문취소,False,False,False,False,정보충분
J19_S020222,환불요청,주문취소,주문취소,False,False,False,False,정보충분
J19_S020261,환불요청,배송확인,환불요청,True,True,True,True,정보부족(infopoor)
J19_S020280,환불요청,교환반품,교환반품,False,False,False,False,정보충분
J19_S020283,환불요청,불만제기,교환반품,False,True,False,False,정보충분
J19_S020291,환불요청,주문취소,주문취소,False,False,False,False,정보충분
J19_S020293,환불요청,배송확인,환불요청,True,True,False,True,정보부족(infopoor)
J19_S020295,환불요청,서비스이용,서비스이용,False,False,False,False,정보충분
J19_S020309,환불요청,주문취소,환불요청,True,True,True,True,정보부족(infopoor)
J19_S020362,환불요청,서비스이용,환불요청,True,True,False,True,정보부족(infopoor)
J19_S020379,환불요청,구매진행,구매진행,False,False,False,False,정보충분
J19_S020380,환불요청,서비스이용,서비스이용,False,False,False,False,정보충분
J19_S020385,환불요청,구매진행,주문취소,False,True,False,False,정보충분
J19_S020401,환불요청,주문취소,주문취소,False,False,True,False,정보충분
J19_S020417,환불요청,불만제기,배송확인,False,True,True,True,정보부족(infopoor)
J19_S020525,환불요청,서비스이용,환불요청,True,True,True,True,정보부족(infopoor)
J19_S020537,환불요청,불만제기,불만제기,False,False,True,False,정보충분
J19_S020538,배송확인,서비스이용,배송확인,True,True,False,True,정보부족(infopoor)
J19_S020540,환불요청,서비스이용,배송확인,False,True,False,False,정보충분
J19_S020541,환불요청,서비스이용,서비스이용,False,False,False,False,정보충분
J19_S020550,환불요청,서비스이용,서비스이용,False,False,False,False,정보충분
J19_S020565,환불요청,구매진행,구매진행,False,False,False,False,정보충분
J19_S020571,환불요청,서비스이용,서비스이용,False,False,False,False,정보충분
J19_S020601,환불요청,구매진행,환불요청,True,True,False,True,정보부족(infopoor)
J19_S020625,서비스이용,환불요청,환불요청,False,False,False,False,정보충분
J19_S020628,환불요청,주문취소,환불요청,True,True,False,True,정보부족(infopoor)
J19_S020637,환불요청,서비스이용,구매진행,False,True,True,True,정보부족(infopoor)
J19_S020643,환불요청,구매진행,서비스이용,False,True,False,False,정보충분
J19_S020646,환불요청,서비스이용,주문취소,False,True,False,False,정보충분
J19_S020651,환불요청,주문취소,주문취소,False,False,False,False,정보충분
J19_S020655,환불요청,서비스이용,환불요청,True,True,True,True,정보부족(infopoor)
J19_S020674,배송확인,구매진행,배송확인,True,True,False,True,정보부족(infopoor)
J19_S020680,환불요청,주문취소,주문취소,False,False,False,False,정보충분
J19_S020686,환불요청,주문취소,주문취소,False,False,True,False,정보충분
J19_S020691,환불요청,불만제기,배송확인,False,True,True,True,정보부족(infopoor)
J19_S020696,환불요청,주문취소,주문취소,False,False,False,False,정보충분
J19_S020706,환불요청,구매진행,구매진행,False,False,False,False,정보충분
J19_S020734,환불요청,주문취소,주문취소,False,False,False,False,정보충분
J19_S020751,환불요청,구매진행,주문취소,False,True,False,False,정보충분
J19_S020757,환불요청,서비스이용,구매진행,False,True,False,False,정보충분
J19_S020759,환불요청,주문취소,환불요청,True,True,False,True,정보부족(infopoor)
J19_S020768,환불요청,구매진행,주문취소,False,True,False,False,정보충분
J19_S020779,환불요청,주문취소,주문취소,False,False,False,False,정보충분
J19_S020791,환불요청,구매진행,구매진행,False,False,False,False,정보충분
J19_S020810,환불요청,주문취소,주문취소,False,False,False,False,정보충분
J19_S020824,환불요청,주문취소,주문취소,False,False,False,False,정보충분
J19_S020842,환불요청,주문취소,주문취소,False,False,False,False,정보충분
J19_S020899,환불요청,주문취소,주문취소,False,False,False,False,정보충분
J19_S020903,환불요청,주문취소,환불요청,True,True,False,True,정보부족(infopoor)
J19_S020913,환불요청,주문취소,주문취소,False,False,False,False,정보충분
J19_S020914,환불요청,주문취소,주문취소,False,False,False,False,정보충분
J19_S020915,환불요청,주문취소,환불요청,True,True,False,True,정보부족(infopoor)
J19_S020923,환불요청,구매진행,구매진행,False,False,False,False,정보충분
J19_S020936,환불요청,주문취소,주문취소,False,False,False,False,정보충분
J19_S020938,환불요청,구매진행,구매진행,False,False,False,False,정보충분
J19_S020939,환불요청,주문취소,주문취소,False,False,False,False,정보충분
J19_S020940,환불요청,서비스이용,주문취소,False,True,False,False,정보충분
J19_S020959,환불요청,구매진행,구매진행,False,False,False,False,정보충분
J19_S020963,환불요청,주문취소,주문취소,False,False,False,False,정보충분
J19_S020979,환불요청,구매진행,주문취소,False,True,False,False,정보충분
J19_S020985,환불요청,주문취소,주문취소,False,False,False,False,정보충분
J19_S020988,환불요청,주문취소,주문취소,False,False,False,False,정보충분
J19_S021006,환불요청,구매진행,환불요청,True,True,False,True,정보부족(infopoor)
J19_S021021,환불요청,주문취소,주문취소,False,False,False,False,정보충분
J19_S021026,환불요청,배송확인,배송확인,False,False,False,False,정보충분
J19_S021028,환불요청,주문취소,주문취소,False,False,False,False,정보충분
J19_S021041,환불요청,서비스이용,구매진행,False,True,False,False,정보충분
J19_S021042,환불요청,서비스이용,서비스이용,False,False,False,False,정보충분
J19_S021045,환불요청,서비스이용,서비스이용,False,False,False,False,정보충분
J19_S021054,환불요청,구매진행,환불요청,True,True,False,True,정보부족(infopoor)
J19_S021075,환불요청,서비스이용,서비스이용,False,False,False,False,정보충분
J19_S021087,환불요청,구매진행,주문취소,False,True,False,False,정보충분
J19_S021132,환불요청,주문취소,주문취소,False,False,False,False,정보충분
J19_S021140,환불요청,서비스이용,환불요청,True,True,False,True,정보부족(infopoor)
J19_S021168,환불요청,주문취소,환불요청,True,True,False,True,정보부족(infopoor)
J19_S021197,환불요청,주문취소,주문취소,False,False,False,False,정보충분
J19_S021209,환불요청,서비스이용,서비스이용,False,False,False,False,정보충분
J19_S021227,환불요청,주문취소,주문취소,False,False,False,False,정보충분
J19_S021238,환불요청,주문취소,주문취소,False,False,False,False,정보충분
J19_S021241,환불요청,구매진행,구매진행,False,False,False,False,정보충분
J19_S021246,환불요청,구매진행,구매진행,False,False,False,False,정보충분
J19_S021247,환불요청,구매진행,구매진행,False,False,False,False,정보충분
J19_S021274,환불요청,서비스이용,서비스이용,False,False,False,False,정보충분
J19_S021284,환불요청,서비스이용,서비스이용,False,False,False,False,정보충분
J19_S021288,환불요청,서비스이용,서비스이용,False,False,False,False,정보충분
J19_S021298,환불요청,주문취소,주문취소,False,False,True,False,정보충분
J19_S021306,환불요청,주문취소,주문취소,False,False,False,False,정보충분
J19_S021321,환불요청,주문취소,주문취소,False,False,False,False,정보충분
J19_S021334,환불요청,서비스이용,서비스이용,False,False,False,False,정보충분
J19_S021339,환불요청,주문취소,주문취소,False,False,False,False,정보충분
J19_S021378,환불요청,구매진행,주문취소,False,True,False,False,정보충분
J19_S021404,환불요청,구매진행,구매진행,False,False,True,False,정보충분
J19_S021407,환불요청,서비스이용,환불요청,True,True,False,True,정보부족(infopoor)
J19_S021409,환불요청,구매진행,구매진행,False,False,False,False,정보충분
J19_S021420,환불요청,서비스이용,환불요청,True,True,False,True,정보부족(infopoor)
J19_S021429,교환반품,서비스이용,서비스이용,False,False,True,False,정보충분
J19_S021437,환불요청,구매진행,구매진행,False,False,False,False,정보충분
J19_S021438,환불요청,주문취소,주문취소,False,False,True,False,정보충분
J19_S021464,환불요청,서비스이용,환불요청,True,True,False,True,정보부족(infopoor)
J19_S021511,환불요청,주문취소,주문취소,False,False,False,False,정보충분
J19_S021520,환불요청,주문취소,주문취소,False,False,False,False,정보충분
J19_S021537,환불요청,교환반품,환불요청,True,True,False,True,정보부족(infopoor)
J19_S021538,환불요청,서비스이용,서비스이용,False,False,False,False,정보충분
J19_S021540,환불요청,주문취소,환불요청,True,True,False,True,정보부족(infopoor)
J19_S021549,환불요청,주문취소,주문취소,False,False,True,False,정보충분
J19_S021555,환불요청,교환반품,환불요청,True,True,False,True,정보부족(infopoor)
J19_S021558,환불요청,주문취소,환불요청,True,True,False,True,정보부족(infopoor)
J19_S021563,환불요청,주문취소,환불요청,True,True,False,True,정보부족(infopoor)
J19_S021564,환불요청,주문취소,주문취소,False,False,False,False,정보충분
J19_S021575,환불요청,서비스이용,환불요청,True,True,True,True,정보부족(infopoor)
J19_S021576,환불요청,서비스이용,서비스이용,False,False,False,False,정보충분
J19_S021577,환불요청,서비스이용,서비스이용,False,False,False,False,정보충분
J19_S021579,환불요청,주문취소,주문취소,False,False,False,False,정보충분
J19_S021602,환불요청,배송확인,환불요청,True,True,False,True,정보부족(infopoor)
J19_S021618,환불요청,주문취소,환불요청,True,True,False,True,정보부족(infopoor)
J19_S021619,교환반품,주문취소,주문취소,False,False,False,False,정보충분
J19_S021640,환불요청,배송확인,배송확인,False,False,False,False,정보충분
J19_S021650,환불요청,불만제기,불만제기,False,False,False,False,정보충분
J19_S021663,환불요청,구매진행,구매진행,False,False,True,False,정보충분
J19_S021684,환불요청,구매진행,구매진행,False,False,False,False,정보충분
J19_S021694,환불요청,서비스이용,서비스이용,False,False,False,False,정보충분
J19_S021719,환불요청,주문취소,주문취소,False,False,False,False,정보충분
J19_S021720,환불요청,서비스이용,서비스이용,False,False,False,False,정보충분
J19_S021746,환불요청,주문취소,주문취소,False,False,False,False,정보충분
J19_S021759,환불요청,주문취소,주문취소,False,False,False,False,정보충분
J19_S021766,환불요청,배송확인,배송확인,False,False,True,False,정보충분
J19_S021768,환불요청,주문취소,환불요청,True,True,False,True,정보부족(infopoor)
J19_S021777,환불요청,서비스이용,서비스이용,False,False,False,False,정보충분
J19_S021785,환불요청,서비스이용,구매진행,False,True,True,True,정보부족(infopoor)
J19_S021809,환불요청,서비스이용,서비스이용,False,False,False,False,정보충분
J19_S021816,환불요청,서비스이용,서비스이용,False,False,True,False,정보충분
J19_S021819,환불요청,구매진행,구매진행,False,False,False,False,정보충분
J19_S021848,환불요청,서비스이용,서비스이용,False,False,False,False,정보충분
J19_S021849,환불요청,주문취소,주문취소,False,False,False,False,정보충분
J19_S021880,환불요청,주문취소,환불요청,True,True,False,True,정보부족(infopoor)
J19_S021883,환불요청,구매진행,구매진행,False,False,False,False,정보충분
J19_S021901,환불요청,서비스이용,서비스이용,False,False,False,False,정보충분
J19_S021917,환불요청,주문취소,주문취소,False,False,False,False,정보충분
J19_S021918,환불요청,배송확인,환불요청,True,True,False,True,정보부족(infopoor)
J19_S021976,환불요청,주문취소,주문취소,False,False,False,False,정보충분
J19_S021987,환불요청,주문취소,주문취소,False,False,True,False,정보충분
J19_S022014,환불요청,주문취소,환불요청,True,True,False,True,정보부족(infopoor)
J19_S022023,환불요청,주문취소,주문취소,False,False,False,False,정보충분
J19_S022024,환불요청,서비스이용,배송확인,False,True,False,False,정보충분
J19_S022027,환불요청,구매진행,구매진행,False,False,False,False,정보충분
J19_S022050,환불요청,주문취소,주문취소,False,False,False,False,정보충분
J19_S022055,환불요청,구매진행,구매진행,False,False,False,False,정보충분
J19_S022068,환불요청,주문취소,환불요청,True,True,False,True,정보부족(infopoor)
J19_S022075,환불요청,서비스이용,환불요청,True,True,False,True,정보부족(infopoor)
J19_S022077,환불요청,주문취소,주문취소,False,False,True,False,정보충분
J19_S022084,환불요청,서비스이용,서비스이용,False,False,False,False,정보충분
J19_S022097,환불요청,주문취소,환불요청,True,True,False,True,정보부족(infopoor)
J19_S022139,환불요청,주문취소,주문취소,False,False,False,False,정보충분
J19_S022141,환불요청,서비스이용,서비스이용,False,False,False,False,정보충분
J19_S022157,환불요청,주문취소,주문취소,False,False,False,False,정보충분
J19_S022173,환불요청,불만제기,환불요청,True,True,False,True,정보부족(infopoor)
J19_S022198,환불요청,주문취소,주문취소,False,False,False,False,정보충분
J19_S022201,환불요청,주문취소,주문취소,False,False,False,False,정보충분
J19_S022210,환불요청,주문취소,주문취소,False,False,False,False,정보충분
J19_S022213,환불요청,주문취소,주문취소,False,False,False,False,정보충분
J19_S022215,환불요청,서비스이용,서비스이용,False,False,False,False,정보충분
J19_S022216,환불요청,주문취소,주문취소,False,False,False,False,정보충분
J19_S022229,환불요청,주문취소,주문취소,False,False,False,False,정보충분
J19_S022234,환불요청,주문취소,주문취소,False,False,False,False,정보충분
J19_S022274,환불요청,주문취소,환불요청,True,True,False,True,정보부족(infopoor)
J19_S022276,환불요청,구매진행,구매진행,False,False,False,False,정보충분
J19_S022277,환불요청,교환반품,교환반품,False,False,False,False,정보충분
J19_S022289,환불요청,교환반품,교환반품,False,False,False,False,정보충분
J19_S022308,환불요청,주문취소,주문취소,False,False,False,False,정보충분
J19_S022313,환불요청,배송확인,배송확인,False,False,False,False,정보충분
J19_S022322,환불요청,구매진행,서비스이용,False,True,False,False,정보충분
J19_S022332,환불요청,구매진행,구매진행,False,False,True,False,정보충분
J19_S022337,환불요청,서비스이용,서비스이용,False,False,False,False,정보충분
J19_S022342,환불요청,서비스이용,서비스이용,False,False,True,False,정보충분
J19_S022353,환불요청,구매진행,환불요청,True,True,False,True,정보부족(infopoor)
J19_S022370,환불요청,구매진행,구매진행,False,False,False,False,정보충분
J19_S022420,환불요청,구매진행,주문취소,False,True,False,False,정보충분
J19_S022428,환불요청,서비스이용,환불요청,True,True,True,True,정보부족(infopoor)
J19_S022434,환불요청,구매진행,환불요청,True,True,True,True,정보부족(infopoor)
J19_S022469,환불요청,주문취소,주문취소,False,False,False,False,정보충분
J19_S022477,환불요청,구매진행,구매진행,False,False,True,False,정보충분
J19_S022487,환불요청,배송확인,주문취소,False,True,True,True,정보부족(infopoor)
J19_S022492,환불요청,구매진행,구매진행,False,False,False,False,정보충분
J19_S022500,환불요청,구매진행,주문취소,False,True,False,False,정보충분
J19_S022506,환불요청,서비스이용,환불요청,True,True,False,True,정보부족(infopoor)
J19_S022507,환불요청,구매진행,구매진행,False,False,False,False,정보충분
J19_S022578,환불요청,주문취소,환불요청,True,True,False,True,정보부족(infopoor)
J19_S022582,환불요청,구매진행,교환반품,False,True,False,False,정보충분
J19_S022607,환불요청,주문취소,환불요청,True,True,False,True,정보부족(infopoor)
J19_S022629,환불요청,구매진행,환불요청,True,True,False,True,정보부족(infopoor)
J19_S022648,환불요청,주문취소,주문취소,False,False,True,False,정보충분
J19_S022678,환불요청,주문취소,주문취소,False,False,False,False,정보충분
J19_S022689,환불요청,주문취소,교환반품,False,True,False,False,정보충분
J19_S022704,환불요청,구매진행,구매진행,False,False,False,False,정보충분
J19_S022712,환불요청,주문취소,교환반품,False,True,False,False,정보충분
J19_S022729,환불요청,교환반품,교환반품,False,False,False,False,정보충분
J19_S022733,환불요청,불만제기,환불요청,True,True,False,True,정보부족(infopoor)
J19_S022741,환불요청,주문취소,주문취소,False,False,False,False,정보충분
J19_S022745,환불요청,서비스이용,환불요청,True,True,True,True,정보부족(infopoor)
J19_S022759,환불요청,구매진행,주문취소,False,True,False,False,정보충분
J19_S022809,환불요청,주문취소,주문취소,False,False,False,False,정보충분
J19_S022825,환불요청,서비스이용,서비스이용,False,False,False,False,정보충분
J19_S022831,환불요청,서비스이용,환불요청,True,True,False,True,정보부족(infopoor)
J19_S022844,환불요청,구매진행,구매진행,False,False,False,False,정보충분
J19_S022855,환불요청,서비스이용,서비스이용,False,False,False,False,정보충분
J19_S022868,환불요청,서비스이용,환불요청,True,True,True,True,정보부족(infopoor)
J19_S022874,환불요청,주문취소,주문취소,False,False,False,False,정보충분
J19_S022875,환불요청,주문취소,주문취소,False,False,False,False,정보충분
J19_S022877,환불요청,서비스이용,구매진행,False,True,True,True,정보부족(infopoor)
J19_S022883,환불요청,주문취소,환불요청,True,True,True,True,정보부족(infopoor)
J19_S022895,환불요청,서비스이용,환불요청,True,True,False,True,정보부족(infopoor)
J19_S022897,환불요청,서비스이용,구매진행,False,True,False,False,정보충분
J19_S022907,환불요청,주문취소,구매진행,False,True,False,False,정보충분
J19_S022921,환불요청,배송확인,교환반품,False,True,False,False,정보충분
J19_S022924,배송확인,교환반품,교환반품,False,False,False,False,정보충분
J19_S022928,환불요청,주문취소,환불요청,True,True,True,True,정보부족(infopoor)
J19_S022954,환불요청,주문취소,주문취소,False,False,False,False,정보충분
J19_S022964,환불요청,서비스이용,서비스이용,False,False,False,False,정보충분
J19_S022970,환불요청,주문취소,주문취소,False,False,False,False,정보충분
J19_S022971,환불요청,서비스이용,환불요청,True,True,False,True,정보부족(infopoor)
J19_S022975,환불요청,주문취소,주문취소,False,False,False,False,정보충분
J19_S022985,환불요청,구매진행,서비스이용,False,True,False,False,정보충분
J19_S022995,환불요청,서비스이용,서비스이용,False,False,False,False,정보충분
J19_S023000,환불요청,서비스이용,환불요청,True,True,True,True,정보부족(infopoor)
J19_S023002,환불요청,주문취소,주문취소,False,False,False,False,정보충분
J19_S023003,환불요청,서비스이용,주문취소,False,True,True,True,정보부족(infopoor)
J19_S023004,환불요청,배송확인,주문취소,False,True,True,True,정보부족(infopoor)
J19_S023008,환불요청,주문취소,주문취소,False,False,False,False,정보충분
J19_S023016,환불요청,주문취소,주문취소,False,False,False,False,정보충분
J19_S023030,환불요청,서비스이용,서비스이용,False,False,False,False,정보충분
J19_S023039,환불요청,구매진행,구매진행,False,False,False,False,정보충분
J19_S023041,환불요청,구매진행,주문취소,False,True,False,False,정보충분
J19_S023047,환불요청,서비스이용,배송확인,False,True,False,False,정보충분
J19_S023051,환불요청,불만제기,불만제기,False,False,False,False,정보충분
J19_S023053,환불요청,주문취소,환불요청,True,True,False,True,정보부족(infopoor)
J19_S023075,환불요청,서비스이용,환불요청,True,True,False,True,정보부족(infopoor)
J19_S023081,환불요청,주문취소,주문취소,False,False,False,False,정보충분
J19_S023086,환불요청,구매진행,환불요청,True,True,True,True,정보부족(infopoor)
J19_S023092,환불요청,구매진행,환불요청,True,True,False,True,정보부족(infopoor)
J19_S023102,환불요청,주문취소,환불요청,True,True,False,True,정보부족(infopoor)
J19_S023124,환불요청,주문취소,주문취소,False,False,False,False,정보충분
J19_S023140,환불요청,구매진행,환불요청,True,True,False,True,정보부족(infopoor)
J19_S023146,환불요청,주문취소,주문취소,False,False,False,False,정보충분
J19_S023150,환불요청,배송확인,배송확인,False,False,False,False,정보충분
J19_S023163,환불요청,서비스이용,서비스이용,False,False,False,False,정보충분
J19_S023170,환불요청,주문취소,환불요청,True,True,False,True,정보부족(infopoor)
J19_S023193,환불요청,서비스이용,서비스이용,False,False,False,False,정보충분
J19_S023209,환불요청,구매진행,구매진행,False,False,False,False,정보충분
J19_S023222,환불요청,주문취소,주문취소,False,False,False,False,정보충분
J19_S023230,환불요청,구매진행,구매진행,False,False,True,False,정보충분
J19_S023240,환불요청,구매진행,주문취소,False,True,True,True,정보부족(infopoor)
J19_S023241,환불요청,구매진행,환불요청,True,True,True,True,정보부족(infopoor)
J19_S023271,환불요청,서비스이용,환불요청,True,True,False,True,정보부족(infopoor)
J19_S023274,환불요청,서비스이용,주문취소,False,True,True,True,정보부족(infopoor)
J19_S023280,환불요청,서비스이용,서비스이용,False,False,False,False,정보충분
J19_S023296,환불요청,주문취소,환불요청,True,True,False,True,정보부족(infopoor)
J19_S023304,환불요청,구매진행,구매진행,False,False,True,False,정보충분
J19_S023318,환불요청,서비스이용,주문취소,False,True,True,True,정보부족(infopoor)
J19_S023373,환불요청,구매진행,환불요청,True,True,True,True,정보부족(infopoor)
J19_S023374,환불요청,주문취소,주문취소,False,False,False,False,정보충분
J19_S023394,환불요청,배송확인,배송확인,False,False,False,False,정보충분
J19_S023399,환불요청,서비스이용,구매진행,False,True,False,False,정보충분
J19_S023405,환불요청,배송확인,배송확인,False,False,False,False,정보충분
J19_S023416,환불요청,주문취소,주문취소,False,False,False,False,정보충분
J19_S023423,환불요청,서비스이용,환불요청,True,True,True,True,정보부족(infopoor)
J19_S023440,환불요청,주문취소,환불요청,True,True,True,True,정보부족(infopoor)
J19_S023475,환불요청,구매진행,환불요청,True,True,False,True,정보부족(infopoor)
J19_S023496,환불요청,서비스이용,서비스이용,False,False,True,False,정보충분
J19_S023499,구매진행,환불요청,구매진행,True,True,False,True,정보부족(infopoor)
J19_S023527,배송확인,환불요청,구매진행,False,True,False,False,정보충분
J19_S023550,환불요청,주문취소,주문취소,False,False,False,False,정보충분
J19_S023563,환불요청,서비스이용,서비스이용,False,False,True,False,정보충분
J19_S023581,환불요청,배송확인,환불요청,True,True,False,True,정보부족(infopoor)
J19_S023593,환불요청,주문취소,주문취소,False,False,True,False,정보충분
J19_S023607,환불요청,구매진행,구매진행,False,False,False,False,정보충분
J19_S023615,배송확인,구매진행,배송확인,True,True,False,True,정보부족(infopoor)
J19_S023656,환불요청,구매진행,환불요청,True,True,True,True,정보부족(infopoor)
J19_S023667,환불요청,구매진행,환불요청,True,True,True,True,정보부족(infopoor)
J19_S023694,환불요청,구매진행,환불요청,True,True,False,True,정보부족(infopoor)
J19_S023697,환불요청,구매진행,환불요청,True,True,False,True,정보부족(infopoor)
J19_S023700,주문취소,구매진행,주문취소,True,True,False,True,정보부족(infopoor)
J19_S023709,환불요청,서비스이용,서비스이용,False,False,True,False,정보충분
J19_S023724,환불요청,서비스이용,서비스이용,False,False,True,False,정보충분
J19_S023737,구매진행,환불요청,환불요청,False,False,False,False,정보충분
J19_S023761,환불요청,배송확인,배송확인,False,False,False,False,정보충분
J19_S023779,환불요청,불만제기,환불요청,True,True,False,True,정보부족(infopoor)
J19_S023787,환불요청,구매진행,주문취소,False,True,False,False,정보충분
J19_S023788,환불요청,구매진행,구매진행,False,False,True,False,정보충분
J19_S023820,환불요청,구매진행,주문취소,False,True,False,False,정보충분
J19_S023826,환불요청,주문취소,주문취소,False,False,False,False,정보충분
J19_S023838,환불요청,구매진행,구매진행,False,False,False,False,정보충분
J19_S023859,환불요청,구매진행,환불요청,True,True,True,True,정보부족(infopoor)
J19_S023864,환불요청,주문취소,환불요청,True,True,False,True,정보부족(infopoor)
J19_S023878,환불요청,구매진행,환불요청,True,True,False,True,정보부족(infopoor)
J19_S023891,구매진행,교환반품,교환반품,False,False,True,False,정보충분
J19_S023902,환불요청,구매진행,구매진행,False,False,False,False,정보충분
J19_S023911,환불요청,주문취소,주문취소,False,False,False,False,정보충분
J19_S023912,환불요청,주문취소,환불요청,True,True,False,True,정보부족(infopoor)
J19_S023913,환불요청,서비스이용,환불요청,True,True,False,True,정보부족(infopoor)
J19_S023923,환불요청,주문취소,환불요청,True,True,False,True,정보부족(infopoor)
J19_S023943,환불요청,주문취소,환불요청,True,True,False,True,정보부족(infopoor)
J19_S023947,환불요청,구매진행,서비스이용,False,True,False,False,정보충분
J19_S023981,환불요청,서비스이용,서비스이용,False,False,False,False,정보충분
J19_S024004,환불요청,주문취소,주문취소,False,False,False,False,정보충분
J19_S024023,환불요청,구매진행,주문취소,False,True,True,True,정보부족(infopoor)
J19_S024066,환불요청,배송확인,배송확인,False,False,False,False,정보충분
J19_S024080,환불요청,주문취소,주문취소,False,False,False,False,정보충분
J19_S024086,환불요청,주문취소,주문취소,False,False,False,False,정보충분
J19_S024092,환불요청,서비스이용,환불요청,True,True,True,True,정보부족(infopoor)
J19_S024098,환불요청,주문취소,주문취소,False,False,False,False,정보충분
J19_S024104,환불요청,서비스이용,서비스이용,False,False,False,False,정보충분
J19_S024117,환불요청,서비스이용,구매진행,False,True,True,True,정보부족(infopoor)
J19_S024120,환불요청,구매진행,구매진행,False,False,False,False,정보충분
J19_S024121,환불요청,구매진행,구매진행,False,False,False,False,정보충분
J19_S024129,환불요청,서비스이용,구매진행,False,True,False,False,정보충분
J19_S024133,환불요청,서비스이용,서비스이용,False,False,False,False,정보충분
J19_S024141,환불요청,구매진행,구매진행,False,False,True,False,정보충분
J19_S024164,환불요청,서비스이용,환불요청,True,True,True,True,정보부족(infopoor)
J19_S024173,환불요청,주문취소,주문취소,False,False,False,False,정보충분
J19_S024183,환불요청,배송확인,구매진행,False,True,False,False,정보충분
J19_S024192,환불요청,서비스이용,구매진행,False,True,False,False,정보충분
J19_S024231,환불요청,서비스이용,환불요청,True,True,True,True,정보부족(infopoor)
J19_S024233,환불요청,구매진행,환불요청,True,True,True,True,정보부족(infopoor)
J19_S024235,환불요청,배송확인,구매진행,False,True,False,False,정보충분
J19_S024250,환불요청,주문취소,주문취소,False,False,False,False,정보충분
J19_S024252,환불요청,주문취소,교환반품,False,True,False,False,정보충분
J19_S024253,환불요청,주문취소,주문취소,False,False,False,False,정보충분
J19_S024259,환불요청,서비스이용,주문취소,False,True,False,False,정보충분
J19_S024262,환불요청,주문취소,환불요청,True,True,False,True,정보부족(infopoor)
J19_S024280,환불요청,주문취소,환불요청,True,True,False,True,정보부족(infopoor)
J19_S024282,환불요청,주문취소,주문취소,False,False,False,False,정보충분
J19_S024291,환불요청,배송확인,환불요청,True,True,True,True,정보부족(infopoor)
J19_S024300,환불요청,주문취소,주문취소,False,False,False,False,정보충분
J19_S024302,환불요청,주문취소,주문취소,False,False,False,False,정보충분
J19_S024340,환불요청,배송확인,환불요청,True,True,False,True,정보부족(infopoor)
J19_S024345,환불요청,서비스이용,환불요청,True,True,True,True,정보부족(infopoor)
J19_S024361,환불요청,주문취소,환불요청,True,True,False,True,정보부족(infopoor)
J19_S024371,환불요청,서비스이용,서비스이용,False,False,False,False,정보충분
J19_S024381,환불요청,구매진행,환불요청,True,True,False,True,정보부족(infopoor)
J19_S024386,환불요청,주문취소,환불요청,True,True,False,True,정보부족(infopoor)
J19_S024389,환불요청,주문취소,주문취소,False,False,False,False,정보충분
J19_S024397,환불요청,불만제기,불만제기,False,False,False,False,정보충분
J19_S024408,환불요청,주문취소,주문취소,False,False,False,False,정보충분
J19_S024453,환불요청,주문취소,주문취소,False,False,True,False,정보충분
J19_S024455,환불요청,배송확인,구매진행,False,True,True,True,정보부족(infopoor)
J19_S024457,환불요청,주문취소,주문취소,False,False,False,False,정보충분
J19_S024458,환불요청,배송확인,환불요청,True,True,True,True,정보부족(infopoor)
J19_S024504,환불요청,주문취소,주문취소,False,False,False,False,정보충분
J19_S024549,환불요청,주문취소,주문취소,False,False,False,False,정보충분
J19_S024558,환불요청,구매진행,주문취소,False,True,True,True,정보부족(infopoor)
J19_S024568,환불요청,주문취소,주문취소,False,False,False,False,정보충분
J19_S024576,환불요청,구매진행,주문취소,False,True,False,False,정보충분
J19_S024621,환불요청,주문취소,주문취소,False,False,False,False,정보충분
J19_S024625,환불요청,구매진행,구매진행,False,False,True,False,정보충분
J19_S024634,환불요청,배송확인,주문취소,False,True,True,True,정보부족(infopoor)
J19_S024641,환불요청,서비스이용,서비스이용,False,False,False,False,정보충분
J19_S024650,환불요청,주문취소,주문취소,False,False,False,False,정보충분
J19_S024666,환불요청,배송확인,배송확인,False,False,False,False,정보충분
J19_S024692,환불요청,배송확인,주문취소,False,True,True,True,정보부족(infopoor)
J19_S024698,환불요청,구매진행,환불요청,True,True,True,True,정보부족(infopoor)
J19_S024708,환불요청,서비스이용,환불요청,True,True,False,True,정보부족(infopoor)
J19_S024710,환불요청,서비스이용,서비스이용,False,False,False,False,정보충분
J19_S024719,환불요청,주문취소,주문취소,False,False,False,False,정보충분
J19_S024725,환불요청,구매진행,주문취소,False,True,False,False,정보충분
J19_S024731,환불요청,주문취소,주문취소,False,False,False,False,정보충분
J19_S024732,환불요청,주문취소,주문취소,False,False,False,False,정보충분
J19_S024735,환불요청,주문취소,주문취소,False,False,False,False,정보충분
J19_S024739,환불요청,주문취소,주문취소,False,False,False,False,정보충분
J19_S024743,환불요청,주문취소,주문취소,False,False,False,False,정보충분
J19_S024760,환불요청,서비스이용,환불요청,True,True,False,True,정보부족(infopoor)
J19_S024770,환불요청,주문취소,주문취소,False,False,False,False,정보충분
J19_S024788,환불요청,구매진행,구매진행,False,False,True,False,정보충분
J19_S024790,환불요청,서비스이용,주문취소,False,True,True,True,정보부족(infopoor)
J19_S024798,교환반품,주문취소,주문취소,False,False,False,False,정보충분
J19_S024809,환불요청,주문취소,주문취소,False,False,False,False,정보충분
J19_S024813,환불요청,주문취소,주문취소,False,False,False,False,정보충분
J19_S024832,환불요청,주문취소,환불요청,True,True,False,True,정보부족(infopoor)
J19_S024856,환불요청,서비스이용,환불요청,True,True,False,True,정보부족(infopoor)
J19_S024863,환불요청,주문취소,환불요청,True,True,False,True,정보부족(infopoor)
J19_S024865,환불요청,주문취소,주문취소,False,False,False,False,정보충분
J19_S024882,환불요청,주문취소,환불요청,True,True,False,True,정보부족(infopoor)
J19_S024886,환불요청,주문취소,주문취소,False,False,False,False,정보충분
J19_S024889,환불요청,주문취소,주문취소,False,False,False,False,정보충분
J19_S024891,환불요청,서비스이용,환불요청,True,True,False,True,정보부족(infopoor)
J19_S024903,환불요청,교환반품,교환반품,False,False,False,False,정보충분
J19_S024905,환불요청,구매진행,구매진행,False,False,False,False,정보충분
J19_S024914,환불요청,서비스이용,구매진행,False,True,True,True,정보부족(infopoor)
J19_S024929,환불요청,주문취소,주문취소,False,False,False,False,정보충분
J19_S024945,환불요청,주문취소,주문취소,False,False,False,False,정보충분
J19_S024948,환불요청,서비스이용,서비스이용,False,False,False,False,정보충분
J19_S024949,환불요청,주문취소,주문취소,False,False,False,False,정보충분
J19_S024980,환불요청,주문취소,주문취소,False,False,False,False,정보충분
J19_S024996,환불요청,구매진행,구매진행,False,False,False,False,정보충분
J19_S025003,환불요청,주문취소,주문취소,False,False,False,False,정보충분
J19_S025005,환불요청,교환반품,환불요청,True,True,False,True,정보부족(infopoor)
J19_S025014,환불요청,배송확인,주문취소,False,True,False,False,정보충분
J19_S025017,환불요청,주문취소,주문취소,False,False,True,False,정보충분
J19_S025032,환불요청,주문취소,주문취소,False,False,False,False,정보충분
J19_S025034,환불요청,주문취소,주문취소,False,False,False,False,정보충분
J19_S025045,환불요청,서비스이용,서비스이용,False,False,False,False,정보충분
J19_S025047,배송확인,구매진행,구매진행,False,False,False,False,정보충분
J19_S025068,환불요청,구매진행,환불요청,True,True,True,True,정보부족(infopoor)
J19_S025069,배송확인,서비스이용,배송확인,True,True,False,True,정보부족(infopoor)
J19_S025071,환불요청,서비스이용,서비스이용,False,False,False,False,정보충분
J19_S025074,환불요청,구매진행,환불요청,True,True,False,True,정보부족(infopoor)
J19_S025085,환불요청,서비스이용,주문취소,False,True,False,False,정보충분
J19_S025098,환불요청,구매진행,구매진행,False,False,False,False,정보충분
J19_S025101,환불요청,구매진행,구매진행,False,False,False,False,정보충분
J19_S025106,환불요청,서비스이용,환불요청,True,True,False,True,정보부족(infopoor)
J19_S025108,환불요청,서비스이용,서비스이용,False,False,True,False,정보충분
J19_S025146,환불요청,구매진행,구매진행,False,False,True,False,정보충분
J19_S025147,환불요청,주문취소,주문취소,False,False,False,False,정보충분
J19_S025161,환불요청,배송확인,배송확인,False,False,False,False,정보충분
J19_S025167,환불요청,주문취소,환불요청,True,True,True,True,정보부족(infopoor)
J19_S025175,환불요청,주문취소,환불요청,True,True,False,True,정보부족(infopoor)
J19_S025176,환불요청,구매진행,서비스이용,False,True,True,True,정보부족(infopoor)
J19_S025187,환불요청,배송확인,교환반품,False,True,True,True,정보부족(infopoor)
J19_S025188,환불요청,구매진행,구매진행,False,False,False,False,정보충분
J19_S025201,환불요청,구매진행,서비스이용,False,True,True,True,정보부족(infopoor)
J19_S025210,환불요청,배송확인,주문취소,False,True,False,False,정보충분
J19_S025215,환불요청,구매진행,환불요청,True,True,False,True,정보부족(infopoor)
J19_S025227,환불요청,배송확인,배송확인,False,False,False,False,정보충분
J19_S025230,환불요청,구매진행,환불요청,True,True,False,True,정보부족(infopoor)
J19_S025248,환불요청,서비스이용,서비스이용,False,False,False,False,정보충분
J19_S025259,환불요청,구매진행,환불요청,True,True,True,True,정보부족(infopoor)
J19_S025263,환불요청,서비스이용,불만제기,False,True,False,False,정보충분
J19_S025273,환불요청,주문취소,주문취소,False,False,False,False,정보충분
J19_S025274,환불요청,서비스이용,서비스이용,False,False,False,False,정보충분
J19_S025277,환불요청,서비스이용,환불요청,True,True,False,True,정보부족(infopoor)
J19_S025314,환불요청,서비스이용,환불요청,True,True,False,True,정보부족(infopoor)
J19_S025333,환불요청,구매진행,구매진행,False,False,False,False,정보충분
J19_S025339,환불요청,구매진행,구매진행,False,False,False,False,정보충분
J19_S025357,환불요청,배송확인,환불요청,True,True,True,True,정보부족(infopoor)
J19_S025379,환불요청,구매진행,구매진행,False,False,False,False,정보충분
J19_S025381,환불요청,구매진행,환불요청,True,True,False,True,정보부족(infopoor)
J19_S025385,환불요청,주문취소,주문취소,False,False,False,False,정보충분
J19_S025401,환불요청,주문취소,주문취소,False,False,False,False,정보충분
J19_S025420,환불요청,주문취소,주문취소,False,False,False,False,정보충분
J19_S025431,환불요청,배송확인,주문취소,False,True,True,True,정보부족(infopoor)
J19_S025459,환불요청,주문취소,주문취소,False,False,False,False,정보충분
J19_S025462,환불요청,구매진행,환불요청,True,True,True,True,정보부족(infopoor)
J19_S025496,환불요청,주문취소,주문취소,False,False,False,False,정보충분
J19_S025514,환불요청,서비스이용,환불요청,True,True,False,True,정보부족(infopoor)
J19_S025519,환불요청,서비스이용,서비스이용,False,False,False,False,정보충분
J19_S025527,환불요청,서비스이용,서비스이용,False,False,False,False,정보충분
J19_S025542,환불요청,주문취소,주문취소,False,False,True,False,정보충분
J19_S025558,환불요청,주문취소,주문취소,False,False,False,False,정보충분
J19_S025562,환불요청,주문취소,주문취소,False,False,False,False,정보충분
J19_S025577,환불요청,주문취소,환불요청,True,True,False,True,정보부족(infopoor)
J19_S025578,환불요청,서비스이용,서비스이용,False,False,False,False,정보충분
J19_S025581,환불요청,서비스이용,주문취소,False,True,False,False,정보충분
J19_S025584,환불요청,주문취소,주문취소,False,False,False,False,정보충분
J19_S025590,환불요청,주문취소,주문취소,False,False,False,False,정보충분
J19_S025597,환불요청,서비스이용,주문취소,False,True,False,False,정보충분
J19_S025605,환불요청,서비스이용,환불요청,True,True,False,True,정보부족(infopoor)
J19_S025621,환불요청,주문취소,주문취소,False,False,True,False,정보충분
J19_S025644,환불요청,주문취소,주문취소,False,False,False,False,정보충분
J19_S025659,환불요청,주문취소,주문취소,False,False,True,False,정보충분
J19_S025668,환불요청,구매진행,환불요청,True,True,True,True,정보부족(infopoor)
J19_S025697,환불요청,주문취소,주문취소,False,False,False,False,정보충분
J19_S025735,환불요청,주문취소,주문취소,False,False,False,False,정보충분
J19_S025742,환불요청,배송확인,환불요청,True,True,True,True,정보부족(infopoor)
J19_S025753,환불요청,구매진행,환불요청,True,True,False,True,정보부족(infopoor)
J19_S025790,환불요청,주문취소,환불요청,True,True,True,True,정보부족(infopoor)
J19_S025798,환불요청,서비스이용,주문취소,False,True,True,True,정보부족(infopoor)
J19_S025841,환불요청,교환반품,환불요청,True,True,False,True,정보부족(infopoor)
J19_S025845,환불요청,주문취소,주문취소,False,False,False,False,정보충분
J19_S025879,환불요청,주문취소,주문취소,False,False,False,False,정보충분
J19_S025906,환불요청,주문취소,주문취소,False,False,False,False,정보충분
J19_S025920,환불요청,주문취소,주문취소,False,False,False,False,정보충분
J19_S025928,환불요청,주문취소,교환반품,False,True,False,False,정보충분
J19_S025944,환불요청,서비스이용,서비스이용,False,False,False,False,정보충분
J19_S025967,환불요청,주문취소,주문취소,False,False,False,False,정보충분
J19_S025970,환불요청,주문취소,주문취소,False,False,False,False,정보충분
J19_S025976,환불요청,주문취소,환불요청,True,True,False,True,정보부족(infopoor)
J19_S026078,환불요청,주문취소,환불요청,True,True,False,True,정보부족(infopoor)
J19_S026086,환불요청,구매진행,주문취소,False,True,False,False,정보충분
J19_S026088,환불요청,서비스이용,구매진행,False,True,True,True,정보부족(infopoor)
J19_S026100,환불요청,구매진행,환불요청,True,True,True,True,정보부족(infopoor)
J19_S026115,환불요청,불만제기,환불요청,True,True,True,True,정보부족(infopoor)
J19_S026126,환불요청,서비스이용,환불요청,True,True,True,True,정보부족(infopoor)
J19_S026150,환불요청,서비스이용,환불요청,True,True,False,True,정보부족(infopoor)
J19_S026167,환불요청,구매진행,구매진행,False,False,True,False,정보충분
J19_S026179,환불요청,주문취소,환불요청,True,True,True,True,정보부족(infopoor)
J19_S026180,환불요청,주문취소,주문취소,False,False,False,False,정보충분
J19_S026182,환불요청,주문취소,주문취소,False,False,False,False,정보충분
J19_S026189,환불요청,주문취소,주문취소,False,False,True,False,정보충분
J19_S026214,주문취소,환불요청,환불요청,False,False,False,False,정보충분
J19_S026218,환불요청,주문취소,주문취소,False,False,False,False,정보충분
J19_S026245,환불요청,주문취소,주문취소,False,False,False,False,정보충분
J19_S026264,환불요청,주문취소,환불요청,True,True,False,True,정보부족(infopoor)
J19_S026299,환불요청,구매진행,환불요청,True,True,True,True,정보부족(infopoor)
J19_S026303,환불요청,구매진행,배송확인,False,True,False,False,정보충분
J19_S026304,환불요청,교환반품,환불요청,True,True,True,True,정보부족(infopoor)
J19_S026323,환불요청,주문취소,환불요청,True,True,False,True,정보부족(infopoor)
J19_S026325,환불요청,교환반품,환불요청,True,True,False,True,정보부족(infopoor)
J19_S026343,환불요청,서비스이용,서비스이용,False,False,False,False,정보충분
J19_S026357,환불요청,교환반품,교환반품,False,False,True,False,정보충분
J19_S026367,환불요청,주문취소,주문취소,False,False,False,False,정보충분
J19_S026388,배송확인,주문취소,주문취소,False,False,False,False,정보충분
J19_S026396,환불요청,배송확인,주문취소,False,True,False,False,정보충분
J19_S026409,환불요청,배송확인,주문취소,False,True,False,False,정보충분
J19_S026414,환불요청,주문취소,주문취소,False,False,False,False,정보충분
J19_S026442,환불요청,교환반품,구매진행,False,True,True,True,정보부족(infopoor)
J19_S026448,환불요청,서비스이용,구매진행,False,True,True,True,정보부족(infopoor)
J19_S026479,환불요청,서비스이용,서비스이용,False,False,False,False,정보충분
J19_S026486,환불요청,주문취소,환불요청,True,True,False,True,정보부족(infopoor)
J19_S026516,환불요청,서비스이용,환불요청,True,True,False,True,정보부족(infopoor)
J19_S026544,환불요청,주문취소,주문취소,False,False,True,False,정보충분
J19_S026556,환불요청,주문취소,주문취소,False,False,False,False,정보충분
J19_S026559,환불요청,주문취소,주문취소,False,False,False,False,정보충분
J19_S026573,환불요청,서비스이용,환불요청,True,True,False,True,정보부족(infopoor)
J19_S026583,환불요청,서비스이용,불만제기,False,True,False,False,정보충분
J19_S026589,환불요청,서비스이용,서비스이용,False,False,True,False,정보충분
J19_S026624,환불요청,주문취소,주문취소,False,False,True,False,정보충분
J19_S026626,환불요청,구매진행,환불요청,True,True,False,True,정보부족(infopoor)
J19_S026634,환불요청,서비스이용,환불요청,True,True,False,True,정보부족(infopoor)
J19_S026641,환불요청,주문취소,주문취소,False,False,False,False,정보충분
J19_S026651,환불요청,서비스이용,환불요청,True,True,False,True,정보부족(infopoor)
J19_S026660,환불요청,주문취소,주문취소,False,False,False,False,정보충분
J19_S026663,환불요청,서비스이용,서비스이용,False,False,False,False,정보충분
J19_S026683,환불요청,구매진행,환불요청,True,True,False,True,정보부족(infopoor)
J19_S026686,환불요청,주문취소,교환반품,False,True,False,False,정보충분
J19_S026703,환불요청,서비스이용,서비스이용,False,False,False,False,정보충분
J19_S026707,환불요청,구매진행,구매진행,False,False,False,False,정보충분
J19_S026736,환불요청,주문취소,환불요청,True,True,False,True,정보부족(infopoor)
J19_S026752,환불요청,구매진행,환불요청,True,True,False,True,정보부족(infopoor)
J19_S026769,환불요청,주문취소,환불요청,True,True,False,True,정보부족(infopoor)
J19_S026773,환불요청,배송확인,환불요청,True,True,False,True,정보부족(infopoor)
J19_S026785,환불요청,주문취소,주문취소,False,False,False,False,정보충분
J19_S026806,환불요청,구매진행,배송확인,False,True,False,False,정보충분
J19_S026815,환불요청,주문취소,주문취소,False,False,False,False,정보충분
J19_S026816,환불요청,배송확인,배송확인,False,False,False,False,정보충분
J19_S026817,환불요청,배송확인,주문취소,False,True,True,True,정보부족(infopoor)
J19_S026821,환불요청,서비스이용,서비스이용,False,False,False,False,정보충분
J19_S026846,환불요청,배송확인,주문취소,False,True,True,True,정보부족(infopoor)
J19_S026848,환불요청,주문취소,환불요청,True,True,False,True,정보부족(infopoor)
J19_S026852,환불요청,서비스이용,환불요청,True,True,False,True,정보부족(infopoor)
J19_S026854,환불요청,주문취소,주문취소,False,False,True,False,정보충분
J19_S026858,환불요청,구매진행,구매진행,False,False,False,False,정보충분
J19_S026861,환불요청,주문취소,주문취소,False,False,False,False,정보충분
J19_S026869,환불요청,서비스이용,서비스이용,False,False,False,False,정보충분
J19_S026894,환불요청,배송확인,환불요청,True,True,False,True,정보부족(infopoor)
J19_S026899,환불요청,주문취소,주문취소,False,False,False,False,정보충분
J19_S026913,배송확인,구매진행,구매진행,False,False,False,False,정보충분
J19_S026934,환불요청,주문취소,주문취소,False,False,False,False,정보충분
J19_S026935,환불요청,배송확인,배송확인,False,False,False,False,정보충분
J19_S026939,환불요청,주문취소,주문취소,False,False,False,False,정보충분
J19_S026941,환불요청,배송확인,환불요청,True,True,False,True,정보부족(infopoor)
J19_S026967,환불요청,주문취소,환불요청,True,True,False,True,정보부족(infopoor)
J19_S026982,환불요청,주문취소,주문취소,False,False,False,False,정보충분
J19_S026995,주문취소,배송확인,주문취소,True,True,True,True,정보부족(infopoor)
J19_S027004,환불요청,주문취소,환불요청,True,True,False,True,정보부족(infopoor)
J19_S027005,환불요청,배송확인,배송확인,False,False,False,False,정보충분
J19_S027006,환불요청,구매진행,구매진행,False,False,False,False,정보충분
J19_S027007,환불요청,배송확인,주문취소,False,True,True,True,정보부족(infopoor)
J19_S027021,환불요청,구매진행,환불요청,True,True,True,True,정보부족(infopoor)
J19_S027024,환불요청,구매진행,주문취소,False,True,True,True,정보부족(infopoor)
J19_S027029,환불요청,배송확인,환불요청,True,True,True,True,정보부족(infopoor)
J19_S027038,환불요청,주문취소,주문취소,False,False,False,False,정보충분
J19_S027040,환불요청,서비스이용,환불요청,True,True,False,True,정보부족(infopoor)
J19_S027048,환불요청,주문취소,환불요청,True,True,False,True,정보부족(infopoor)
J19_S027054,환불요청,주문취소,주문취소,False,False,False,False,정보충분
J19_S027110,환불요청,주문취소,주문취소,False,False,False,False,정보충분
J19_S027113,환불요청,배송확인,주문취소,False,True,True,True,정보부족(infopoor)
J19_S027120,환불요청,주문취소,주문취소,False,False,False,False,정보충분
J19_S027133,환불요청,주문취소,주문취소,False,False,False,False,정보충분
J19_S027138,환불요청,구매진행,환불요청,True,True,False,True,정보부족(infopoor)
J19_S027152,배송확인,구매진행,주문취소,False,True,False,False,정보충분
J19_S027165,환불요청,서비스이용,환불요청,True,True,True,True,정보부족(infopoor)
J19_S027168,환불요청,주문취소,주문취소,False,False,True,False,정보충분
J19_S027183,환불요청,주문취소,주문취소,False,False,False,False,정보충분
J19_S027185,환불요청,구매진행,구매진행,False,False,False,False,정보충분
J19_S027187,환불요청,교환반품,주문취소,False,True,False,False,정보충분
J19_S027196,환불요청,구매진행,주문취소,False,True,True,True,정보부족(infopoor)
J19_S027203,환불요청,배송확인,서비스이용,False,True,False,False,정보충분
J19_S027210,환불요청,주문취소,주문취소,False,False,False,False,정보충분
J19_S027211,환불요청,주문취소,주문취소,False,False,False,False,정보충분
J19_S027216,환불요청,주문취소,주문취소,False,False,False,False,정보충분
J19_S027218,환불요청,서비스이용,서비스이용,False,False,False,False,정보충분
J19_S027220,환불요청,구매진행,교환반품,False,True,True,True,정보부족(infopoor)
J19_S027232,환불요청,구매진행,구매진행,False,False,False,False,정보충분
J19_S027254,환불요청,서비스이용,서비스이용,False,False,True,False,정보충분
J19_S027270,환불요청,주문취소,주문취소,False,False,True,False,정보충분
J19_S027301,환불요청,구매진행,환불요청,True,True,False,True,정보부족(infopoor)
J19_S027313,환불요청,교환반품,배송확인,False,True,False,False,정보충분
J19_S027325,환불요청,서비스이용,환불요청,True,True,True,True,정보부족(infopoor)
J19_S027327,환불요청,주문취소,환불요청,True,True,False,True,정보부족(infopoor)
J19_S027332,환불요청,주문취소,주문취소,False,False,False,False,정보충분
J19_S027352,환불요청,서비스이용,환불요청,True,True,True,True,정보부족(infopoor)
J19_S027384,구매진행,서비스이용,구매진행,True,True,True,True,정보부족(infopoor)
J19_S027385,환불요청,주문취소,주문취소,False,False,False,False,정보충분
J19_S027400,환불요청,서비스이용,주문취소,False,True,False,False,정보충분
J19_S027440,환불요청,주문취소,주문취소,False,False,False,False,정보충분
J19_S027444,환불요청,주문취소,주문취소,False,False,False,False,정보충분
J19_S027466,배송확인,구매진행,서비스이용,False,True,True,True,정보부족(infopoor)
J19_S027488,환불요청,주문취소,주문취소,False,False,True,False,정보충분
J19_S027490,환불요청,구매진행,환불요청,True,True,True,True,정보부족(infopoor)
J19_S027494,주문취소,환불요청,환불요청,False,False,False,False,정보충분
J19_S027499,환불요청,배송확인,주문취소,False,True,False,False,정보충분
J19_S027503,환불요청,교환반품,환불요청,True,True,False,True,정보부족(infopoor)
J19_S027519,환불요청,주문취소,주문취소,False,False,True,False,정보충분
J19_S027527,환불요청,서비스이용,서비스이용,False,False,False,False,정보충분
J19_S027566,환불요청,구매진행,구매진행,False,False,False,False,정보충분
J19_S027573,배송확인,구매진행,배송확인,True,True,False,True,정보부족(infopoor)
J19_S027580,환불요청,구매진행,구매진행,False,False,False,False,정보충분
J19_S027586,환불요청,교환반품,환불요청,True,True,False,True,정보부족(infopoor)
J19_S027595,환불요청,주문취소,주문취소,False,False,False,False,정보충분
J19_S027602,환불요청,교환반품,교환반품,False,False,False,False,정보충분
J19_S027628,환불요청,배송확인,배송확인,False,False,False,False,정보충분
J19_S027642,환불요청,주문취소,환불요청,True,True,False,True,정보부족(infopoor)
J19_S027659,환불요청,주문취소,주문취소,False,False,False,False,정보충분
J19_S027665,환불요청,주문취소,주문취소,False,False,False,False,정보충분
J19_S027670,환불요청,서비스이용,환불요청,True,True,False,True,정보부족(infopoor)
J19_S027681,환불요청,주문취소,주문취소,False,False,False,False,정보충분
J19_S027699,환불요청,주문취소,주문취소,False,False,False,False,정보충분
J19_S027709,환불요청,주문취소,주문취소,False,False,False,False,정보충분
J19_S027727,환불요청,주문취소,주문취소,False,False,False,False,정보충분
J19_S027732,환불요청,주문취소,주문취소,False,False,False,False,정보충분
J19_S027746,환불요청,주문취소,주문취소,False,False,True,False,정보충분
J19_S027756,배송확인,구매진행,배송확인,True,True,False,True,정보부족(infopoor)
J19_S027759,환불요청,배송확인,주문취소,False,True,True,True,정보부족(infopoor)
J19_S027762,환불요청,구매진행,주문취소,False,True,True,True,정보부족(infopoor)
J19_S027767,환불요청,서비스이용,서비스이용,False,False,True,False,정보충분
J19_S027768,환불요청,구매진행,환불요청,True,True,True,True,정보부족(infopoor)
J19_S027778,환불요청,구매진행,환불요청,True,True,False,True,정보부족(infopoor)
J19_S027792,환불요청,구매진행,서비스이용,False,True,True,True,정보부족(infopoor)
J19_S027797,환불요청,서비스이용,환불요청,True,True,False,True,정보부족(infopoor)
J19_S027811,환불요청,주문취소,주문취소,False,False,False,False,정보충분
J19_S027828,환불요청,서비스이용,환불요청,True,True,False,True,정보부족(infopoor)
J19_S027836,환불요청,주문취소,주문취소,False,False,False,False,정보충분
J19_S027848,환불요청,주문취소,주문취소,False,False,True,False,정보충분
J19_S027888,환불요청,서비스이용,서비스이용,False,False,False,False,정보충분
J19_S027895,환불요청,주문취소,주문취소,False,False,False,False,정보충분
J19_S027903,환불요청,구매진행,주문취소,False,True,False,False,정보충분
J19_S027909,환불요청,주문취소,주문취소,False,False,False,False,정보충분
J19_S027912,환불요청,주문취소,주문취소,False,False,False,False,정보충분
J19_S027915,환불요청,주문취소,주문취소,False,False,False,False,정보충분
J19_S027917,환불요청,배송확인,환불요청,True,True,True,True,정보부족(infopoor)
J19_S027921,환불요청,구매진행,불만제기,False,True,False,False,정보충분
J19_S027924,환불요청,주문취소,주문취소,False,False,False,False,정보충분
J19_S027943,환불요청,주문취소,주문취소,False,False,False,False,정보충분
J19_S027976,환불요청,서비스이용,환불요청,True,True,False,True,정보부족(infopoor)
J19_S027980,환불요청,주문취소,주문취소,False,False,False,False,정보충분
J19_S027987,환불요청,주문취소,환불요청,True,True,False,True,정보부족(infopoor)
J19_S027995,환불요청,서비스이용,환불요청,True,True,True,True,정보부족(infopoor)
J19_S028003,환불요청,서비스이용,환불요청,True,True,False,True,정보부족(infopoor)
J19_S028007,배송확인,서비스이용,서비스이용,False,False,False,False,정보충분
J19_S028011,환불요청,서비스이용,환불요청,True,True,False,True,정보부족(infopoor)
J19_S028017,환불요청,서비스이용,환불요청,True,True,True,True,정보부족(infopoor)
J19_S028020,환불요청,주문취소,주문취소,False,False,False,False,정보충분
J19_S028036,환불요청,주문취소,주문취소,False,False,True,False,정보충분
J19_S028048,환불요청,주문취소,주문취소,False,False,True,False,정보충분
J19_S028056,환불요청,구매진행,배송확인,False,True,True,True,정보부족(infopoor)
J19_S028073,환불요청,서비스이용,환불요청,True,True,True,True,정보부족(infopoor)
J19_S028080,환불요청,서비스이용,서비스이용,False,False,False,False,정보충분
J19_S028099,환불요청,서비스이용,구매진행,False,True,True,True,정보부족(infopoor)
J19_S028107,환불요청,주문취소,주문취소,False,False,False,False,정보충분
J19_S028108,환불요청,주문취소,주문취소,False,False,False,False,정보충분
J19_S028113,환불요청,주문취소,주문취소,False,False,False,False,정보충분
J19_S028127,환불요청,주문취소,환불요청,True,True,False,True,정보부족(infopoor)
J19_S028163,환불요청,주문취소,주문취소,False,False,False,False,정보충분
J19_S028182,환불요청,주문취소,주문취소,False,False,False,False,정보충분
J19_S028230,환불요청,서비스이용,서비스이용,False,False,False,False,정보충분
J19_S028242,환불요청,주문취소,주문취소,False,False,False,False,정보충분
J19_S028261,환불요청,구매진행,주문취소,False,True,False,False,정보충분
J19_S028269,환불요청,주문취소,구매진행,False,True,True,True,정보부족(infopoor)
J19_S028310,환불요청,불만제기,불만제기,False,False,False,False,정보충분
J19_S028327,환불요청,주문취소,주문취소,False,False,False,False,정보충분
J19_S028334,환불요청,주문취소,주문취소,False,False,False,False,정보충분
J19_S028344,환불요청,주문취소,주문취소,False,False,False,False,정보충분
J19_S028358,환불요청,서비스이용,서비스이용,False,False,True,False,정보충분
J19_S028367,환불요청,서비스이용,서비스이용,False,False,False,False,정보충분
J19_S028370,환불요청,교환반품,교환반품,False,False,False,False,정보충분
J19_S028371,환불요청,주문취소,주문취소,False,False,False,False,정보충분
J19_S028372,환불요청,구매진행,구매진행,False,False,False,False,정보충분
J19_S028416,환불요청,주문취소,주문취소,False,False,False,False,정보충분
J19_S028439,환불요청,구매진행,구매진행,False,False,False,False,정보충분
J19_S028462,환불요청,서비스이용,교환반품,False,True,True,True,정보부족(infopoor)
J19_S028463,환불요청,배송확인,주문취소,False,True,False,False,정보충분
J19_S028470,환불요청,서비스이용,환불요청,True,True,False,True,정보부족(infopoor)
J19_S028483,환불요청,구매진행,구매진행,False,False,False,False,정보충분
J19_S028489,환불요청,주문취소,주문취소,False,False,False,False,정보충분
J19_S028502,환불요청,서비스이용,환불요청,True,True,False,True,정보부족(infopoor)
J19_S028512,환불요청,구매진행,환불요청,True,True,False,True,정보부족(infopoor)
J19_S028513,배송확인,교환반품,배송확인,True,True,False,True,정보부족(infopoor)
J19_S028517,환불요청,주문취소,주문취소,False,False,True,False,정보충분
J19_S028521,환불요청,주문취소,주문취소,False,False,False,False,정보충분
J19_S028528,환불요청,주문취소,주문취소,False,False,True,False,정보충분
J19_S028542,환불요청,주문취소,주문취소,False,False,False,False,정보충분
J19_S028549,환불요청,서비스이용,환불요청,True,True,False,True,정보부족(infopoor)
J19_S028550,환불요청,구매진행,구매진행,False,False,False,False,정보충분
J19_S028552,환불요청,주문취소,주문취소,False,False,False,False,정보충분
J19_S028568,환불요청,불만제기,환불요청,True,True,False,True,정보부족(infopoor)
J19_S028576,환불요청,구매진행,주문취소,False,True,True,True,정보부족(infopoor)
J19_S028585,환불요청,주문취소,주문취소,False,False,False,False,정보충분
J19_S028588,환불요청,주문취소,주문취소,False,False,False,False,정보충분
J19_S028589,환불요청,주문취소,주문취소,False,False,False,False,정보충분
J19_S028605,환불요청,구매진행,배송확인,False,True,False,False,정보충분
J19_S028631,환불요청,구매진행,주문취소,False,True,False,False,정보충분
J19_S028639,환불요청,주문취소,주문취소,False,False,False,False,정보충분
J19_S028655,환불요청,서비스이용,환불요청,True,True,False,True,정보부족(infopoor)
J19_S028665,환불요청,주문취소,주문취소,False,False,False,False,정보충분
J19_S028694,환불요청,서비스이용,서비스이용,False,False,False,False,정보충분
J19_S028711,환불요청,주문취소,주문취소,False,False,False,False,정보충분
J19_S028716,환불요청,주문취소,환불요청,True,True,False,True,정보부족(infopoor)
J19_S028745,환불요청,서비스이용,환불요청,True,True,False,True,정보부족(infopoor)
J19_S028747,환불요청,주문취소,주문취소,False,False,False,False,정보충분
J19_S028754,환불요청,서비스이용,환불요청,True,True,True,True,정보부족(infopoor)
J19_S028756,환불요청,서비스이용,서비스이용,False,False,False,False,정보충분
J19_S028767,환불요청,구매진행,환불요청,True,True,False,True,정보부족(infopoor)
J19_S028790,환불요청,주문취소,주문취소,False,False,False,False,정보충분
J19_S028799,환불요청,배송확인,환불요청,True,True,True,True,정보부족(infopoor)
J19_S028818,환불요청,배송확인,환불요청,True,True,False,True,정보부족(infopoor)
J19_S028821,환불요청,배송확인,배송확인,False,False,True,False,정보충분
J19_S028833,환불요청,주문취소,환불요청,True,True,False,True,정보부족(infopoor)
J19_S028850,환불요청,주문취소,주문취소,False,False,False,False,정보충분
J19_S028852,환불요청,서비스이용,서비스이용,False,False,True,False,정보충분
J19_S028853,환불요청,서비스이용,서비스이용,False,False,False,False,정보충분
J19_S028876,환불요청,주문취소,주문취소,False,False,False,False,정보충분
J19_S028908,환불요청,구매진행,구매진행,False,False,True,False,정보충분
J19_S028909,환불요청,구매진행,구매진행,False,False,False,False,정보충분
J19_S028910,환불요청,주문취소,주문취소,False,False,False,False,정보충분
J19_S028923,환불요청,주문취소,주문취소,False,False,False,False,정보충분
J19_S028930,환불요청,교환반품,환불요청,True,True,False,True,정보부족(infopoor)
J19_S028957,환불요청,배송확인,배송확인,False,False,False,False,정보충분
J19_S028958,환불요청,서비스이용,환불요청,True,True,True,True,정보부족(infopoor)
J19_S028963,환불요청,서비스이용,서비스이용,False,False,False,False,정보충분
J19_S028968,환불요청,구매진행,환불요청,True,True,True,True,정보부족(infopoor)
J19_S028976,환불요청,서비스이용,서비스이용,False,False,False,False,정보충분
J19_S028981,환불요청,서비스이용,환불요청,True,True,True,True,정보부족(infopoor)
J19_S028983,환불요청,서비스이용,환불요청,True,True,False,True,정보부족(infopoor)
J19_S029000,환불요청,구매진행,구매진행,False,False,False,False,정보충분
J19_S029004,환불요청,구매진행,환불요청,True,True,False,True,정보부족(infopoor)
J19_S029009,환불요청,구매진행,환불요청,True,True,False,True,정보부족(infopoor)
J19_S029013,환불요청,주문취소,주문취소,False,False,False,False,정보충분
J19_S029034,환불요청,서비스이용,서비스이용,False,False,False,False,정보충분
J19_S029043,환불요청,서비스이용,환불요청,True,True,False,True,정보부족(infopoor)
J19_S029084,환불요청,서비스이용,환불요청,True,True,False,True,정보부족(infopoor)
J19_S029085,환불요청,구매진행,구매진행,False,False,False,False,정보충분
J19_S029100,환불요청,서비스이용,서비스이용,False,False,False,False,정보충분
J19_S029112,환불요청,주문취소,배송확인,False,True,False,False,정보충분
J19_S029114,환불요청,주문취소,주문취소,False,False,False,False,정보충분
J19_S029117,환불요청,주문취소,주문취소,False,False,False,False,정보충분
J19_S029127,환불요청,주문취소,환불요청,True,True,False,True,정보부족(infopoor)
J19_S029137,환불요청,구매진행,구매진행,False,False,False,False,정보충분
J19_S029143,환불요청,서비스이용,환불요청,True,True,False,True,정보부족(infopoor)
J19_S029240,환불요청,구매진행,주문취소,False,True,False,False,정보충분
J19_S029246,환불요청,주문취소,주문취소,False,False,False,False,정보충분
J19_S029259,환불요청,구매진행,주문취소,False,True,True,True,정보부족(infopoor)
J19_S029274,환불요청,주문취소,주문취소,False,False,False,False,정보충분
J19_S029275,환불요청,교환반품,환불요청,True,True,False,True,정보부족(infopoor)
J19_S029276,환불요청,서비스이용,서비스이용,False,False,True,False,정보충분
J19_S029277,환불요청,구매진행,배송확인,False,True,False,False,정보충분
J19_S029280,배송확인,불만제기,환불요청,False,True,False,False,정보충분
J19_S029291,환불요청,구매진행,구매진행,False,False,False,False,정보충분
J19_S029295,환불요청,서비스이용,서비스이용,False,False,False,False,정보충분
J19_S029333,환불요청,서비스이용,서비스이용,False,False,False,False,정보충분
J19_S029349,환불요청,서비스이용,주문취소,False,True,False,False,정보충분
J19_S029355,배송확인,서비스이용,서비스이용,False,False,True,False,정보충분
J19_S029359,환불요청,서비스이용,서비스이용,False,False,True,False,정보충분
J19_S029371,환불요청,배송확인,환불요청,True,True,False,True,정보부족(infopoor)
J19_S029386,환불요청,서비스이용,서비스이용,False,False,False,False,정보충분
J19_S029406,환불요청,불만제기,불만제기,False,False,False,False,정보충분
J19_S029412,환불요청,주문취소,주문취소,False,False,False,False,정보충분
J19_S029426,환불요청,구매진행,환불요청,True,True,False,True,정보부족(infopoor)
J19_S029443,환불요청,주문취소,주문취소,False,False,False,False,정보충분
J19_S029456,환불요청,서비스이용,환불요청,True,True,False,True,정보부족(infopoor)
J19_S029459,환불요청,불만제기,환불요청,True,True,True,True,정보부족(infopoor)
J19_S029465,환불요청,배송확인,교환반품,False,True,False,False,정보충분
J19_S029473,환불요청,서비스이용,구매진행,False,True,False,False,정보충분
J19_S029476,환불요청,서비스이용,환불요청,True,True,False,True,정보부족(infopoor)
J19_S029485,환불요청,주문취소,주문취소,False,False,False,False,정보충분
J19_S029507,환불요청,구매진행,환불요청,True,True,True,True,정보부족(infopoor)
J19_S029513,환불요청,서비스이용,환불요청,True,True,False,True,정보부족(infopoor)
J19_S029546,환불요청,구매진행,구매진행,False,False,False,False,정보충분
J19_S029548,환불요청,구매진행,주문취소,False,True,False,False,정보충분
J19_S029554,환불요청,배송확인,환불요청,True,True,False,True,정보부족(infopoor)
J19_S029559,환불요청,교환반품,교환반품,False,False,False,False,정보충분
J19_S029560,환불요청,배송확인,환불요청,True,True,True,True,정보부족(infopoor)
J19_S029573,환불요청,서비스이용,서비스이용,False,False,False,False,정보충분
J19_S029580,환불요청,주문취소,주문취소,False,False,False,False,정보충분
J19_S029593,환불요청,서비스이용,환불요청,True,True,True,True,정보부족(infopoor)
J19_S029598,환불요청,주문취소,주문취소,False,False,False,False,정보충분
J19_S029607,환불요청,주문취소,주문취소,False,False,True,False,정보충분
J19_S029609,환불요청,주문취소,주문취소,False,False,False,False,정보충분
J19_S029619,환불요청,서비스이용,서비스이용,False,False,False,False,정보충분
J19_S029622,환불요청,서비스이용,환불요청,True,True,False,True,정보부족(infopoor)
J19_S029625,환불요청,구매진행,구매진행,False,False,False,False,정보충분
J19_S029626,환불요청,구매진행,구매진행,False,False,False,False,정보충분
J19_S029627,환불요청,구매진행,주문취소,False,True,False,False,정보충분
J19_S029640,환불요청,주문취소,주문취소,False,False,False,False,정보충분
J19_S029652,환불요청,구매진행,구매진행,False,False,False,False,정보충분
J19_S029663,환불요청,서비스이용,서비스이용,False,False,False,False,정보충분
J19_S029670,환불요청,주문취소,주문취소,False,False,False,False,정보충분
J19_S029678,환불요청,서비스이용,구매진행,False,True,False,False,정보충분
J19_S029685,환불요청,주문취소,환불요청,True,True,False,True,정보부족(infopoor)
J19_S029689,환불요청,구매진행,구매진행,False,False,False,False,정보충분
J19_S029700,환불요청,구매진행,구매진행,False,False,False,False,정보충분
J19_S029705,환불요청,주문취소,환불요청,True,True,False,True,정보부족(infopoor)
J19_S029757,환불요청,주문취소,주문취소,False,False,False,False,정보충분
J19_S029800,환불요청,구매진행,구매진행,False,False,False,False,정보충분
J19_S029815,환불요청,구매진행,구매진행,False,False,False,False,정보충분
J19_S029829,환불요청,구매진행,구매진행,False,False,False,False,정보충분
J19_S029834,환불요청,구매진행,구매진행,False,False,False,False,정보충분
J19_S029841,환불요청,주문취소,주문취소,False,False,False,False,정보충분
J19_S029852,교환반품,주문취소,주문취소,False,False,False,False,정보충분
J19_S029859,환불요청,구매진행,구매진행,False,False,False,False,정보충분
J19_S029873,환불요청,주문취소,주문취소,False,False,False,False,정보충분
J19_S029893,환불요청,주문취소,주문취소,False,False,False,False,정보충분
J19_S029902,환불요청,구매진행,구매진행,False,False,False,False,정보충분
J19_S029952,환불요청,주문취소,주문취소,False,False,False,False,정보충분
J19_S029956,배송확인,주문취소,주문취소,False,False,False,False,정보충분
J19_S029957,환불요청,주문취소,주문취소,False,False,False,False,정보충분
J19_S029965,환불요청,주문취소,주문취소,False,False,True,False,정보충분
J19_S029972,환불요청,주문취소,교환반품,False,True,False,False,정보충분
J19_S029982,환불요청,서비스이용,환불요청,True,True,True,True,정보부족(infopoor)
J19_S029984,환불요청,주문취소,환불요청,True,True,False,True,정보부족(infopoor)
J19_S029997,배송확인,환불요청,환불요청,False,False,False,False,정보충분
J19_S030015,환불요청,주문취소,주문취소,False,False,False,False,정보충분
J19_S030017,환불요청,주문취소,환불요청,True,True,False,True,정보부족(infopoor)
J19_S030020,환불요청,서비스이용,서비스이용,False,False,False,False,정보충분
J19_S030021,환불요청,불만제기,서비스이용,False,True,False,False,정보충분
J19_S030033,환불요청,주문취소,주문취소,False,False,False,False,정보충분
J19_S030040,환불요청,구매진행,주문취소,False,True,False,False,정보충분
J19_S030046,환불요청,서비스이용,환불요청,True,True,False,True,정보부족(infopoor)
J19_S030048,환불요청,서비스이용,서비스이용,False,False,False,False,정보충분
J19_S030058,환불요청,주문취소,주문취소,False,False,False,False,정보충분
J19_S030063,환불요청,주문취소,주문취소,False,False,False,False,정보충분
J19_S030068,환불요청,주문취소,주문취소,False,False,False,False,정보충분
J19_S030076,환불요청,주문취소,주문취소,False,False,False,False,정보충분
J19_S030077,환불요청,주문취소,주문취소,False,False,False,False,정보충분
J19_S030084,환불요청,구매진행,구매진행,False,False,False,False,정보충분
J19_S030113,환불요청,서비스이용,서비스이용,False,False,False,False,정보충분
J19_S030125,환불요청,주문취소,주문취소,False,False,False,False,정보충분
J19_S030153,환불요청,주문취소,환불요청,True,True,False,True,정보부족(infopoor)
J19_S030157,환불요청,구매진행,서비스이용,False,True,False,False,정보충분
J19_S030161,환불요청,구매진행,구매진행,False,False,True,False,정보충분
J19_S030222,환불요청,주문취소,환불요청,True,True,False,True,정보부족(infopoor)
J19_S030225,배송확인,교환반품,배송확인,True,True,True,True,정보부족(infopoor)
J19_S030230,환불요청,주문취소,환불요청,True,True,False,True,정보부족(infopoor)
J19_S030239,환불요청,주문취소,주문취소,False,False,False,False,정보충분
J19_S030241,환불요청,구매진행,구매진행,False,False,False,False,정보충분
J19_S030255,환불요청,주문취소,환불요청,True,True,False,True,정보부족(infopoor)
J19_S030276,환불요청,주문취소,교환반품,False,True,False,False,정보충분
J19_S030293,환불요청,배송확인,배송확인,False,False,True,False,정보충분
J19_S030298,환불요청,주문취소,주문취소,False,False,False,False,정보충분
J19_S030299,환불요청,배송확인,배송확인,False,False,False,False,정보충분
J19_S030302,환불요청,주문취소,주문취소,False,False,False,False,정보충분
J19_S030303,환불요청,주문취소,주문취소,False,False,False,False,정보충분
J19_S030307,환불요청,주문취소,주문취소,False,False,False,False,정보충분
J19_S030319,환불요청,서비스이용,환불요청,True,True,False,True,정보부족(infopoor)
J19_S030365,배송확인,환불요청,배송확인,True,True,False,True,정보부족(infopoor)
J19_S030398,환불요청,서비스이용,서비스이용,False,False,False,False,정보충분
J19_S030401,환불요청,주문취소,주문취소,False,False,False,False,정보충분
J19_S030428,환불요청,서비스이용,서비스이용,False,False,False,False,정보충분
J19_S030432,환불요청,교환반품,환불요청,True,True,False,True,정보부족(infopoor)
J19_S030437,환불요청,배송확인,환불요청,True,True,False,True,정보부족(infopoor)
J19_S030477,환불요청,구매진행,주문취소,False,True,False,False,정보충분
J19_S030487,환불요청,서비스이용,서비스이용,False,False,False,False,정보충분
J19_S030489,서비스이용,환불요청,환불요청,False,False,False,False,정보충분
J19_S030490,환불요청,주문취소,주문취소,False,False,False,False,정보충분
J19_S030514,환불요청,서비스이용,환불요청,True,True,False,True,정보부족(infopoor)
J19_S030550,환불요청,구매진행,서비스이용,False,True,True,True,정보부족(infopoor)
J19_S030562,환불요청,서비스이용,환불요청,True,True,False,True,정보부족(infopoor)
J19_S030569,환불요청,주문취소,주문취소,False,False,False,False,정보충분
J19_S030581,환불요청,배송확인,배송확인,False,False,False,False,정보충분
J19_S030583,환불요청,서비스이용,서비스이용,False,False,False,False,정보충분
J19_S030596,환불요청,서비스이용,서비스이용,False,False,False,False,정보충분
J19_S030623,환불요청,주문취소,주문취소,False,False,False,False,정보충분
J19_S030630,환불요청,주문취소,주문취소,False,False,False,False,정보충분
J19_S030641,환불요청,교환반품,환불요청,True,True,False,True,정보부족(infopoor)
J19_S030666,환불요청,서비스이용,서비스이용,False,False,False,False,정보충분
J19_S030671,배송확인,구매진행,배송확인,True,True,False,True,정보부족(infopoor)
J19_S030673,구매진행,서비스이용,구매진행,True,True,True,True,정보부족(infopoor)
J19_S030705,환불요청,주문취소,주문취소,False,False,False,False,정보충분
J19_S030707,환불요청,구매진행,환불요청,True,True,False,True,정보부족(infopoor)
J19_S030728,환불요청,불만제기,불만제기,False,False,False,False,정보충분
J19_S030731,환불요청,서비스이용,서비스이용,False,False,True,False,정보충분
J19_S030747,환불요청,배송확인,주문취소,False,True,False,False,정보충분
J19_S030760,환불요청,서비스이용,서비스이용,False,False,False,False,정보충분
J19_S030768,환불요청,구매진행,주문취소,False,True,False,False,정보충분
J19_S030777,환불요청,주문취소,주문취소,False,False,False,False,정보충분
J19_S030819,환불요청,구매진행,구매진행,False,False,False,False,정보충분
J19_S030822,환불요청,주문취소,주문취소,False,False,True,False,정보충분
J19_S030826,환불요청,주문취소,주문취소,False,False,False,False,정보충분
J19_S030830,환불요청,배송확인,교환반품,False,True,False,False,정보충분
J19_S030843,배송확인,구매진행,배송확인,True,True,False,True,정보부족(infopoor)
J19_S030844,배송확인,서비스이용,서비스이용,False,False,False,False,정보충분
J19_S030845,배송확인,서비스이용,서비스이용,False,False,False,False,정보충분
J19_S030861,환불요청,서비스이용,환불요청,True,True,False,True,정보부족(infopoor)
J19_S030893,환불요청,주문취소,주문취소,False,False,False,False,정보충분
J19_S030918,환불요청,구매진행,환불요청,True,True,True,True,정보부족(infopoor)
J19_S030928,환불요청,교환반품,교환반품,False,False,False,False,정보충분
J19_S030932,환불요청,주문취소,주문취소,False,False,False,False,정보충분
J19_S030956,환불요청,서비스이용,서비스이용,False,False,True,False,정보충분
J19_S030961,배송확인,서비스이용,배송확인,True,True,False,True,정보부족(infopoor)
J19_S030963,환불요청,서비스이용,환불요청,True,True,False,True,정보부족(infopoor)
J19_S030966,교환반품,불만제기,불만제기,False,False,True,False,정보충분
J19_S030975,환불요청,교환반품,교환반품,False,False,False,False,정보충분
J19_S030981,환불요청,서비스이용,서비스이용,False,False,False,False,정보충분
J19_S030985,배송확인,불만제기,배송확인,True,True,False,True,정보부족(infopoor)
J19_S030988,환불요청,서비스이용,환불요청,True,True,False,True,정보부족(infopoor)
J19_S031011,환불요청,서비스이용,주문취소,False,True,True,True,정보부족(infopoor)
J19_S031019,환불요청,서비스이용,배송확인,False,True,True,True,정보부족(infopoor)
J19_S031026,환불요청,배송확인,교환반품,False,True,False,False,정보충분
J19_S031027,배송확인,서비스이용,배송확인,True,True,True,True,정보부족(infopoor)
J19_S031042,환불요청,서비스이용,서비스이용,False,False,False,False,정보충분
J19_S031046,환불요청,교환반품,교환반품,False,False,False,False,정보충분
J19_S031082,환불요청,주문취소,주문취소,False,False,False,False,정보충분
J19_S031088,환불요청,주문취소,주문취소,False,False,False,False,정보충분
J19_S031090,환불요청,주문취소,교환반품,False,True,False,False,정보충분
J19_S031098,환불요청,주문취소,환불요청,True,True,False,True,정보부족(infopoor)
J19_S031108,환불요청,주문취소,환불요청,True,True,False,True,정보부족(infopoor)
J19_S031127,환불요청,주문취소,주문취소,False,False,False,False,정보충분
J19_S031137,환불요청,서비스이용,서비스이용,False,False,True,False,정보충분
J19_S031150,환불요청,구매진행,환불요청,True,True,False,True,정보부족(infopoor)
J19_S031153,환불요청,서비스이용,환불요청,True,True,True,True,정보부족(infopoor)
J19_S031175,환불요청,주문취소,주문취소,False,False,False,False,정보충분
J19_S031177,환불요청,주문취소,주문취소,False,False,False,False,정보충분
J19_S031180,환불요청,주문취소,주문취소,False,False,False,False,정보충분
J19_S031200,환불요청,서비스이용,서비스이용,False,False,False,False,정보충분
J19_S031206,환불요청,교환반품,교환반품,False,False,False,False,정보충분
J19_S031240,환불요청,서비스이용,서비스이용,False,False,True,False,정보충분
J19_S031241,환불요청,서비스이용,환불요청,True,True,False,True,정보부족(infopoor)
J19_S031244,환불요청,서비스이용,환불요청,True,True,False,True,정보부족(infopoor)
J19_S031246,환불요청,주문취소,주문취소,False,False,False,False,정보충분
J19_S031260,환불요청,주문취소,주문취소,False,False,False,False,정보충분
J19_S031269,환불요청,구매진행,주문취소,False,True,False,False,정보충분
J19_S031280,환불요청,배송확인,주문취소,False,True,False,False,정보충분
J19_S031293,환불요청,주문취소,주문취소,False,False,True,False,정보충분
J19_S031296,환불요청,주문취소,주문취소,False,False,False,False,정보충분
J19_S031305,환불요청,배송확인,교환반품,False,True,False,False,정보충분
J19_S031320,환불요청,교환반품,교환반품,False,False,True,False,정보충분
J19_S031359,환불요청,불만제기,환불요청,True,True,False,True,정보부족(infopoor)
J19_S031375,환불요청,불만제기,환불요청,True,True,False,True,정보부족(infopoor)
J19_S031387,배송확인,교환반품,환불요청,False,True,False,False,정보충분
J19_S031397,환불요청,서비스이용,배송확인,False,True,True,True,정보부족(infopoor)
J19_S031398,환불요청,주문취소,주문취소,False,False,False,False,정보충분
J19_S031400,환불요청,구매진행,구매진행,False,False,False,False,정보충분
J19_S031409,환불요청,주문취소,주문취소,False,False,False,False,정보충분
J19_S031417,환불요청,서비스이용,환불요청,True,True,True,True,정보부족(infopoor)
J19_S031418,환불요청,주문취소,주문취소,False,False,False,False,정보충분
J19_S031427,환불요청,주문취소,주문취소,False,False,False,False,정보충분
J19_S031450,환불요청,배송확인,교환반품,False,True,False,False,정보충분
J19_S031456,환불요청,서비스이용,교환반품,False,True,False,False,정보충분
J19_S031483,환불요청,주문취소,교환반품,False,True,False,False,정보충분
J19_S031486,환불요청,주문취소,환불요청,True,True,False,True,정보부족(infopoor)
J19_S031535,환불요청,서비스이용,주문취소,False,True,False,False,정보충분
J19_S031576,환불요청,구매진행,환불요청,True,True,False,True,정보부족(infopoor)
J19_S031583,환불요청,배송확인,배송확인,False,False,False,False,정보충분
J19_S031584,환불요청,서비스이용,서비스이용,False,False,False,False,정보충분
J19_S031601,환불요청,서비스이용,교환반품,False,True,True,True,정보부족(infopoor)
J19_S031622,환불요청,주문취소,환불요청,True,True,False,True,정보부족(infopoor)
J19_S031631,환불요청,배송확인,주문취소,False,True,False,False,정보충분
J19_S031640,환불요청,배송확인,주문취소,False,True,False,False,정보충분
J19_S031648,환불요청,주문취소,환불요청,True,True,False,True,정보부족(infopoor)
J19_S031655,환불요청,구매진행,구매진행,False,False,False,False,정보충분
J19_S031668,환불요청,배송확인,교환반품,False,True,True,True,정보부족(infopoor)
J19_S031682,환불요청,주문취소,주문취소,False,False,False,False,정보충분
J19_S031686,환불요청,구매진행,환불요청,True,True,True,True,정보부족(infopoor)
J19_S031698,환불요청,주문취소,주문취소,False,False,False,False,정보충분
J19_S031705,환불요청,서비스이용,구매진행,False,True,True,True,정보부족(infopoor)
J19_S031717,환불요청,주문취소,환불요청,True,True,False,True,정보부족(infopoor)
J19_S031746,환불요청,구매진행,주문취소,False,True,False,False,정보충분
J19_S031748,환불요청,서비스이용,서비스이용,False,False,False,False,정보충분
J19_S031761,환불요청,주문취소,주문취소,False,False,True,False,정보충분
J19_S031772,환불요청,서비스이용,서비스이용,False,False,True,False,정보충분
J19_S031780,환불요청,주문취소,주문취소,False,False,False,False,정보충분
J19_S031790,환불요청,배송확인,환불요청,True,True,False,True,정보부족(infopoor)
J19_S031810,환불요청,주문취소,주문취소,False,False,False,False,정보충분
J19_S031811,환불요청,배송확인,환불요청,True,True,False,True,정보부족(infopoor)
J19_S031819,환불요청,서비스이용,서비스이용,False,False,False,False,정보충분
J19_S031827,환불요청,불만제기,불만제기,False,False,False,False,정보충분
J19_S031830,환불요청,교환반품,교환반품,False,False,False,False,정보충분
J19_S031869,배송확인,구매진행,배송확인,True,True,True,True,정보부족(infopoor)
J19_S031875,환불요청,구매진행,구매진행,False,False,False,False,정보충분
J19_S031906,환불요청,구매진행,구매진행,False,False,False,False,정보충분
J19_S031907,환불요청,구매진행,주문취소,False,True,False,False,정보충분
J19_S031914,환불요청,주문취소,주문취소,False,False,False,False,정보충분
J19_S031923,환불요청,서비스이용,서비스이용,False,False,True,False,정보충분
J19_S031947,환불요청,구매진행,주문취소,False,True,False,False,정보충분
J19_S031949,환불요청,주문취소,주문취소,False,False,False,False,정보충분
J19_S031954,환불요청,주문취소,주문취소,False,False,False,False,정보충분
J19_S031963,환불요청,배송확인,주문취소,False,True,True,True,정보부족(infopoor)
J19_S031972,주문취소,배송확인,배송확인,False,False,False,False,정보충분
J19_S032049,환불요청,구매진행,환불요청,True,True,True,True,정보부족(infopoor)
J19_S032066,환불요청,주문취소,주문취소,False,False,True,False,정보충분
J19_S032068,환불요청,서비스이용,서비스이용,False,False,True,False,정보충분
J19_S032083,환불요청,서비스이용,환불요청,True,True,True,True,정보부족(infopoor)
J19_S032093,구매진행,주문취소,주문취소,False,False,False,False,정보충분
J19_S032110,환불요청,서비스이용,서비스이용,False,False,False,False,정보충분
J19_S032148,환불요청,서비스이용,서비스이용,False,False,False,False,정보충분
J19_S032161,환불요청,주문취소,주문취소,False,False,False,False,정보충분
J19_S032168,환불요청,서비스이용,환불요청,True,True,True,True,정보부족(infopoor)
J19_S032180,환불요청,구매진행,구매진행,False,False,False,False,정보충분
J19_S032202,환불요청,주문취소,환불요청,True,True,False,True,정보부족(infopoor)
J19_S032216,환불요청,서비스이용,서비스이용,False,False,False,False,정보충분
J19_S032225,환불요청,주문취소,주문취소,False,False,False,False,정보충분
J19_S032227,환불요청,주문취소,주문취소,False,False,False,False,정보충분
J19_S032239,환불요청,서비스이용,환불요청,True,True,True,True,정보부족(infopoor)
J19_S032240,배송확인,서비스이용,배송확인,True,True,True,True,정보부족(infopoor)
J19_S032241,환불요청,구매진행,구매진행,False,False,True,False,정보충분
J19_S032243,주문취소,환불요청,환불요청,False,False,False,False,정보충분
J19_S032246,환불요청,주문취소,환불요청,True,True,True,True,정보부족(infopoor)
J19_S032264,환불요청,구매진행,환불요청,True,True,False,True,정보부족(infopoor)
J19_S032268,환불요청,구매진행,구매진행,False,False,True,False,정보충분
J19_S032287,환불요청,주문취소,주문취소,False,False,False,False,정보충분
J19_S032289,환불요청,서비스이용,서비스이용,False,False,False,False,정보충분
J19_S032291,환불요청,주문취소,주문취소,False,False,True,False,정보충분
J19_S032298,환불요청,서비스이용,불만제기,False,True,True,True,정보부족(infopoor)
J19_S032302,환불요청,주문취소,주문취소,False,False,False,False,정보충분
J19_S032313,환불요청,서비스이용,환불요청,True,True,True,True,정보부족(infopoor)
J19_S032331,환불요청,구매진행,주문취소,False,True,True,True,정보부족(infopoor)
J19_S032342,환불요청,주문취소,주문취소,False,False,True,False,정보충분
J19_S032344,환불요청,불만제기,교환반품,False,True,False,False,정보충분
J19_S032348,환불요청,서비스이용,서비스이용,False,False,False,False,정보충분
J19_S032399,환불요청,구매진행,주문취소,False,True,False,False,정보충분
J19_S032409,환불요청,서비스이용,환불요청,True,True,False,True,정보부족(infopoor)
J19_S032425,환불요청,서비스이용,교환반품,False,True,True,True,정보부족(infopoor)
J19_S032450,환불요청,배송확인,교환반품,False,True,False,False,정보충분
J19_S032457,환불요청,주문취소,배송확인,False,True,False,False,정보충분
J19_S032462,환불요청,구매진행,주문취소,False,True,False,False,정보충분
J19_S032471,환불요청,불만제기,불만제기,False,False,False,False,정보충분
J19_S032481,환불요청,주문취소,교환반품,False,True,False,False,정보충분
J19_S032498,환불요청,서비스이용,서비스이용,False,False,True,False,정보충분
J19_S032520,환불요청,구매진행,구매진행,False,False,False,False,정보충분
J19_S032539,환불요청,서비스이용,서비스이용,False,False,False,False,정보충분
J19_S032545,환불요청,서비스이용,서비스이용,False,False,False,False,정보충분
J19_S032553,환불요청,주문취소,주문취소,False,False,False,False,정보충분
J19_S032571,환불요청,서비스이용,환불요청,True,True,True,True,정보부족(infopoor)
J19_S032579,환불요청,주문취소,환불요청,True,True,False,True,정보부족(infopoor)
J19_S032601,배송확인,서비스이용,서비스이용,False,False,True,False,정보충분
J19_S032602,환불요청,배송확인,배송확인,False,False,False,False,정보충분
J19_S032603,환불요청,구매진행,구매진행,False,False,False,False,정보충분
J19_S032610,환불요청,서비스이용,환불요청,True,True,False,True,정보부족(infopoor)
J19_S032628,환불요청,서비스이용,환불요청,True,True,True,True,정보부족(infopoor)
J19_S032680,환불요청,구매진행,구매진행,False,False,True,False,정보충분
J19_S032686,환불요청,주문취소,주문취소,False,False,False,False,정보충분
J19_S032690,환불요청,서비스이용,서비스이용,False,False,False,False,정보충분
J19_S032695,환불요청,서비스이용,주문취소,False,True,True,True,정보부족(infopoor)
J19_S032697,환불요청,서비스이용,환불요청,True,True,True,True,정보부족(infopoor)
J19_S032714,배송확인,서비스이용,배송확인,True,True,False,True,정보부족(infopoor)
J19_S032724,환불요청,배송확인,주문취소,False,True,False,False,정보충분
J19_S032733,배송확인,서비스이용,배송확인,True,True,False,True,정보부족(infopoor)
J19_S032735,환불요청,구매진행,구매진행,False,False,False,False,정보충분
J19_S032750,환불요청,주문취소,주문취소,False,False,False,False,정보충분
J19_S032760,환불요청,구매진행,구매진행,False,False,False,False,정보충분
J19_S032776,배송확인,서비스이용,배송확인,True,True,False,True,정보부족(infopoor)
J19_S032782,환불요청,불만제기,주문취소,False,True,False,False,정보충분
J19_S032788,배송확인,환불요청,배송확인,True,True,False,True,정보부족(infopoor)
J19_S032803,배송확인,서비스이용,배송확인,True,True,False,True,정보부족(infopoor)
J19_S032818,환불요청,서비스이용,구매진행,False,True,False,False,정보충분
J19_S032823,환불요청,불만제기,서비스이용,False,True,True,True,정보부족(infopoor)
J19_S032832,환불요청,서비스이용,배송확인,False,True,False,False,정보충분
J19_S032833,환불요청,구매진행,구매진행,False,False,False,False,정보충분
J19_S032841,환불요청,주문취소,주문취소,False,False,False,False,정보충분
J19_S032853,배송확인,교환반품,교환반품,False,False,False,False,정보충분
J19_S032854,환불요청,서비스이용,주문취소,False,True,False,False,정보충분
J19_S032866,환불요청,주문취소,주문취소,False,False,False,False,정보충분
J19_S032870,교환반품,서비스이용,서비스이용,False,False,False,False,정보충분
J19_S032873,환불요청,구매진행,구매진행,False,False,False,False,정보충분
J19_S032891,환불요청,서비스이용,환불요청,True,True,False,True,정보부족(infopoor)
J19_S032892,환불요청,서비스이용,서비스이용,False,False,False,False,정보충분
J19_S032921,환불요청,구매진행,환불요청,True,True,False,True,정보부족(infopoor)
J19_S032928,환불요청,구매진행,구매진행,False,False,True,False,정보충분
J19_S032946,배송확인,서비스이용,배송확인,True,True,False,True,정보부족(infopoor)
J19_S032999,환불요청,배송확인,주문취소,False,True,True,True,정보부족(infopoor)
J19_S033007,환불요청,배송확인,배송확인,False,False,False,False,정보충분
J19_S033009,환불요청,주문취소,주문취소,False,False,False,False,정보충분
J19_S033019,교환반품,환불요청,환불요청,False,False,False,False,정보충분
J19_S033023,환불요청,배송확인,환불요청,True,True,True,True,정보부족(infopoor)
J19_S033038,환불요청,구매진행,구매진행,False,False,False,False,정보충분
J19_S033045,환불요청,배송확인,서비스이용,False,True,True,True,정보부족(infopoor)
J19_S033051,환불요청,주문취소,배송확인,False,True,False,False,정보충분
J19_S033053,환불요청,교환반품,환불요청,True,True,False,True,정보부족(infopoor)
J19_S033055,환불요청,주문취소,주문취소,False,False,False,False,정보충분
J19_S033072,교환반품,환불요청,환불요청,False,False,False,False,정보충분
J19_S033074,환불요청,구매진행,환불요청,True,True,False,True,정보부족(infopoor)
J19_S033092,환불요청,주문취소,주문취소,False,False,False,False,정보충분
J19_S033125,환불요청,주문취소,주문취소,False,False,False,False,정보충분
J19_S033129,환불요청,주문취소,구매진행,False,True,False,False,정보충분
J19_S033132,환불요청,주문취소,주문취소,False,False,False,False,정보충분
J19_S033141,환불요청,서비스이용,서비스이용,False,False,False,False,정보충분
J19_S033149,환불요청,구매진행,구매진행,False,False,False,False,정보충분
J19_S033153,환불요청,구매진행,환불요청,True,True,False,True,정보부족(infopoor)
J19_S033157,환불요청,교환반품,교환반품,False,False,False,False,정보충분
J19_S033179,환불요청,구매진행,환불요청,True,True,False,True,정보부족(infopoor)
J19_S033191,환불요청,주문취소,주문취소,False,False,False,False,정보충분
J19_S033197,환불요청,구매진행,구매진행,False,False,False,False,정보충분
J19_S033199,환불요청,주문취소,주문취소,False,False,False,False,정보충분
J19_S033208,환불요청,서비스이용,환불요청,True,True,True,True,정보부족(infopoor)
J19_S033237,환불요청,서비스이용,환불요청,True,True,False,True,정보부족(infopoor)
J19_S033246,환불요청,구매진행,환불요청,True,True,False,True,정보부족(infopoor)
J19_S033247,환불요청,서비스이용,서비스이용,False,False,False,False,정보충분
J19_S033251,환불요청,주문취소,주문취소,False,False,False,False,정보충분
J19_S033300,환불요청,주문취소,주문취소,False,False,False,False,정보충분
J19_S033321,환불요청,주문취소,구매진행,False,True,False,False,정보충분
J19_S033337,환불요청,불만제기,불만제기,False,False,False,False,정보충분
J19_S033341,환불요청,배송확인,주문취소,False,True,False,False,정보충분
J19_S033343,환불요청,서비스이용,환불요청,True,True,False,True,정보부족(infopoor)
J19_S033357,환불요청,구매진행,주문취소,False,True,True,True,정보부족(infopoor)
J19_S033376,환불요청,서비스이용,서비스이용,False,False,True,False,정보충분
J19_S033399,환불요청,서비스이용,서비스이용,False,False,False,False,정보충분
J19_S033402,환불요청,주문취소,환불요청,True,True,False,True,정보부족(infopoor)
J19_S033420,환불요청,배송확인,주문취소,False,True,True,True,정보부족(infopoor)
J19_S033441,환불요청,주문취소,주문취소,False,False,False,False,정보충분
J19_S033457,환불요청,서비스이용,서비스이용,False,False,False,False,정보충분
J19_S033462,환불요청,구매진행,환불요청,True,True,False,True,정보부족(infopoor)
J19_S033468,환불요청,서비스이용,서비스이용,False,False,False,False,정보충분
J19_S033469,환불요청,교환반품,교환반품,False,False,False,False,정보충분
J19_S033478,구매진행,서비스이용,서비스이용,False,False,True,False,정보충분
J19_S033483,환불요청,배송확인,구매진행,False,True,False,False,정보충분
J19_S033513,배송확인,구매진행,배송확인,True,True,False,True,정보부족(infopoor)
J19_S033529,환불요청,구매진행,환불요청,True,True,False,True,정보부족(infopoor)
J19_S033530,환불요청,주문취소,주문취소,False,False,False,False,정보충분
J19_S033594,배송확인,주문취소,구매진행,False,True,False,False,정보충분
J19_S033606,환불요청,구매진행,서비스이용,False,True,False,False,정보충분
J19_S033628,환불요청,배송확인,환불요청,True,True,True,True,정보부족(infopoor)
J19_S033630,환불요청,배송확인,환불요청,True,True,False,True,정보부족(infopoor)
J19_S033636,환불요청,교환반품,환불요청,True,True,True,True,정보부족(infopoor)
J19_S033678,환불요청,구매진행,환불요청,True,True,False,True,정보부족(infopoor)
J19_S033681,환불요청,주문취소,환불요청,True,True,True,True,정보부족(infopoor)
J19_S033705,배송확인,구매진행,주문취소,False,True,False,False,정보충분
J19_S033707,배송확인,서비스이용,서비스이용,False,False,True,False,정보충분
J19_S033712,환불요청,주문취소,주문취소,False,False,False,False,정보충분
J19_S033727,배송확인,구매진행,배송확인,True,True,False,True,정보부족(infopoor)
J19_S033773,환불요청,교환반품,환불요청,True,True,False,True,정보부족(infopoor)
J19_S033774,환불요청,배송확인,환불요청,True,True,False,True,정보부족(infopoor)
J19_S033784,환불요청,서비스이용,구매진행,False,True,False,False,정보충분
J19_S033785,환불요청,주문취소,주문취소,False,False,False,False,정보충분
J19_S033788,주문취소,환불요청,환불요청,False,False,False,False,정보충분
J19_S033810,환불요청,구매진행,배송확인,False,True,False,False,정보충분
J19_S033819,환불요청,교환반품,교환반품,False,False,False,False,정보충분
J19_S033859,환불요청,주문취소,주문취소,False,False,False,False,정보충분
J19_S033861,환불요청,서비스이용,환불요청,True,True,False,True,정보부족(infopoor)
J19_S033903,환불요청,주문취소,주문취소,False,False,True,False,정보충분
J19_S033915,환불요청,구매진행,주문취소,False,True,False,False,정보충분
J19_S033921,환불요청,구매진행,환불요청,True,True,False,True,정보부족(infopoor)
J19_S033926,환불요청,교환반품,교환반품,False,False,False,False,정보충분
J19_S033936,환불요청,서비스이용,서비스이용,False,False,False,False,정보충분
J19_S033944,환불요청,불만제기,환불요청,True,True,False,True,정보부족(infopoor)
J19_S033952,환불요청,주문취소,환불요청,True,True,False,True,정보부족(infopoor)
J19_S033966,환불요청,구매진행,주문취소,False,True,True,True,정보부족(infopoor)
J19_S033999,환불요청,서비스이용,서비스이용,False,False,False,False,정보충분
J19_S034005,환불요청,구매진행,주문취소,False,True,False,False,정보충분
J19_S034013,배송확인,서비스이용,배송확인,True,True,False,True,정보부족(infopoor)
J19_S034017,환불요청,서비스이용,서비스이용,False,False,False,False,정보충분
J19_S034030,환불요청,배송확인,배송확인,False,False,False,False,정보충분
J19_S034035,환불요청,서비스이용,환불요청,True,True,False,True,정보부족(infopoor)
J19_S034036,환불요청,주문취소,주문취소,False,False,False,False,정보충분
J19_S034039,환불요청,주문취소,주문취소,False,False,False,False,정보충분
J19_S034047,배송확인,환불요청,서비스이용,False,True,True,True,정보부족(infopoor)
J19_S034049,구매진행,환불요청,주문취소,False,True,False,False,정보충분
J19_S034064,환불요청,서비스이용,구매진행,False,True,False,False,정보충분
J19_S034065,환불요청,교환반품,교환반품,False,False,False,False,정보충분
J19_S034079,환불요청,구매진행,구매진행,False,False,False,False,정보충분
J19_S034085,환불요청,교환반품,교환반품,False,False,False,False,정보충분
J19_S034087,환불요청,서비스이용,서비스이용,False,False,False,False,정보충분
J19_S034090,환불요청,배송확인,교환반품,False,True,False,False,정보충분
J19_S034098,환불요청,구매진행,구매진행,False,False,False,False,정보충분
J19_S034109,환불요청,주문취소,주문취소,False,False,False,False,정보충분
J19_S034119,배송확인,구매진행,구매진행,False,False,False,False,정보충분
J19_S034130,환불요청,구매진행,환불요청,True,True,False,True,정보부족(infopoor)
J19_S034134,환불요청,구매진행,구매진행,False,False,False,False,정보충분
J19_S034162,환불요청,배송확인,배송확인,False,False,False,False,정보충분
J19_S034178,환불요청,구매진행,구매진행,False,False,False,False,정보충분
J19_S034203,환불요청,주문취소,배송확인,False,True,True,True,정보부족(infopoor)
J19_S034204,환불요청,서비스이용,환불요청,True,True,True,True,정보부족(infopoor)
J19_S034207,환불요청,서비스이용,구매진행,False,True,True,True,정보부족(infopoor)
J19_S034229,환불요청,서비스이용,환불요청,True,True,True,True,정보부족(infopoor)
J19_S034231,환불요청,서비스이용,서비스이용,False,False,False,False,정보충분
J19_S034263,구매진행,서비스이용,구매진행,True,True,False,True,정보부족(infopoor)
J19_S034273,환불요청,배송확인,배송확인,False,False,True,False,정보충분
J19_S034277,배송확인,주문취소,배송확인,True,True,False,True,정보부족(infopoor)
J19_S034282,배송확인,구매진행,배송확인,True,True,False,True,정보부족(infopoor)
J19_S034285,환불요청,구매진행,환불요청,True,True,True,True,정보부족(infopoor)
J19_S034307,환불요청,서비스이용,환불요청,True,True,False,True,정보부족(infopoor)
J19_S034316,주문취소,환불요청,교환반품,False,True,False,False,정보충분
J19_S034322,환불요청,주문취소,주문취소,False,False,False,False,정보충분
J19_S034328,환불요청,서비스이용,서비스이용,False,False,False,False,정보충분
J19_S034331,환불요청,서비스이용,배송확인,False,True,False,False,정보충분
J19_S034344,환불요청,구매진행,환불요청,True,True,False,True,정보부족(infopoor)
J19_S034348,환불요청,주문취소,주문취소,False,False,False,False,정보충분
J19_S034349,환불요청,서비스이용,서비스이용,False,False,True,False,정보충분
J19_S034350,환불요청,구매진행,구매진행,False,False,False,False,정보충분
J19_S034383,환불요청,배송확인,주문취소,False,True,False,False,정보충분
J19_S034385,환불요청,배송확인,주문취소,False,True,False,False,정보충분
J19_S034388,환불요청,배송확인,배송확인,False,False,True,False,정보충분
J19_S034403,환불요청,서비스이용,환불요청,True,True,False,True,정보부족(infopoor)
J19_S034406,교환반품,환불요청,환불요청,False,False,False,False,정보충분
J19_S034420,환불요청,서비스이용,서비스이용,False,False,False,False,정보충분
J19_S034429,환불요청,서비스이용,환불요청,True,True,True,True,정보부족(infopoor)
J19_S034431,환불요청,주문취소,주문취소,False,False,True,False,정보충분
J19_S034434,환불요청,구매진행,환불요청,True,True,False,True,정보부족(infopoor)
J19_S034438,교환반품,불만제기,불만제기,False,False,False,False,정보충분
J19_S034449,환불요청,배송확인,환불요청,True,True,False,True,정보부족(infopoor)
J19_S034459,환불요청,서비스이용,환불요청,True,True,False,True,정보부족(infopoor)
J19_S034460,환불요청,배송확인,배송확인,False,False,False,False,정보충분
J19_S034466,환불요청,배송확인,환불요청,True,True,True,True,정보부족(infopoor)
J19_S034482,환불요청,배송확인,환불요청,True,True,True,True,정보부족(infopoor)
J19_S034487,환불요청,서비스이용,서비스이용,False,False,False,False,정보충분
J19_S034503,환불요청,교환반품,교환반품,False,False,False,False,정보충분
J19_S034560,환불요청,교환반품,불만제기,False,True,False,False,정보충분
J19_S034594,교환반품,서비스이용,교환반품,True,True,False,True,정보부족(infopoor)
J19_S034616,환불요청,서비스이용,서비스이용,False,False,False,False,정보충분
J19_S034621,환불요청,서비스이용,서비스이용,False,False,False,False,정보충분
J19_S034623,환불요청,서비스이용,환불요청,True,True,True,True,정보부족(infopoor)
J19_S034635,환불요청,구매진행,환불요청,True,True,False,True,정보부족(infopoor)
J19_S034639,환불요청,주문취소,주문취소,False,False,False,False,정보충분
J19_S034653,환불요청,구매진행,서비스이용,False,True,True,True,정보부족(infopoor)
J19_S034659,배송확인,서비스이용,서비스이용,False,False,False,False,정보충분
J19_S034660,환불요청,불만제기,교환반품,False,True,True,True,정보부족(infopoor)
J19_S034671,배송확인,구매진행,배송확인,True,True,True,True,정보부족(infopoor)
J19_S034675,환불요청,서비스이용,서비스이용,False,False,False,False,정보충분
J19_S034693,환불요청,서비스이용,서비스이용,False,False,False,False,정보충분
J19_S034710,환불요청,주문취소,주문취소,False,False,False,False,정보충분
J19_S034731,환불요청,교환반품,교환반품,False,False,True,False,정보충분
J19_S034763,환불요청,구매진행,구매진행,False,False,False,False,정보충분
J19_S034770,환불요청,구매진행,구매진행,False,False,True,False,정보충분
J19_S034809,주문취소,배송확인,주문취소,True,True,True,True,정보부족(infopoor)
J19_S034825,서비스이용,환불요청,환불요청,False,False,True,False,정보충분
J19_S034828,환불요청,구매진행,구매진행,False,False,True,False,정보충분
J19_S034850,구매진행,배송확인,배송확인,False,False,False,False,정보충분
J19_S034872,환불요청,주문취소,주문취소,False,False,True,False,정보충분
J19_S034897,환불요청,구매진행,서비스이용,False,True,False,False,정보충분
J19_S034912,환불요청,주문취소,주문취소,False,False,True,False,정보충분
J19_S034913,환불요청,구매진행,환불요청,True,True,True,True,정보부족(infopoor)
J19_S034952,환불요청,주문취소,주문취소,False,False,False,False,정보충분
J19_S034955,환불요청,구매진행,구매진행,False,False,False,False,정보충분
J19_S034962,환불요청,배송확인,환불요청,True,True,False,True,정보부족(infopoor)
J19_S034984,환불요청,배송확인,배송확인,False,False,False,False,정보충분
J19_S034995,환불요청,서비스이용,환불요청,True,True,False,True,정보부족(infopoor)
J19_S034997,환불요청,주문취소,배송확인,False,True,True,True,정보부족(infopoor)
J19_S035010,환불요청,주문취소,주문취소,False,False,False,False,정보충분
J19_S035015,환불요청,주문취소,주문취소,False,False,True,False,정보충분
J19_S035050,환불요청,배송확인,배송확인,False,False,False,False,정보충분
J19_S035064,배송확인,주문취소,배송확인,True,True,True,True,정보부족(infopoor)
J19_S035076,환불요청,배송확인,배송확인,False,False,True,False,정보충분
J19_S035103,환불요청,교환반품,교환반품,False,False,False,False,정보충분
J19_S035129,환불요청,주문취소,주문취소,False,False,False,False,정보충분
J19_S035141,환불요청,서비스이용,환불요청,True,True,True,True,정보부족(infopoor)
J19_S035143,환불요청,구매진행,구매진행,False,False,True,False,정보충분
J19_S035145,환불요청,구매진행,구매진행,False,False,True,False,정보충분
J19_S035146,환불요청,구매진행,구매진행,False,False,False,False,정보충분
J19_S035152,환불요청,구매진행,환불요청,True,True,True,True,정보부족(infopoor)
J19_S035161,환불요청,주문취소,주문취소,False,False,False,False,정보충분
J19_S035167,환불요청,교환반품,환불요청,True,True,False,True,정보부족(infopoor)
J19_S035215,환불요청,교환반품,주문취소,False,True,False,False,정보충분
J19_S035220,환불요청,구매진행,주문취소,False,True,True,True,정보부족(infopoor)
J19_S035250,환불요청,주문취소,주문취소,False,False,False,False,정보충분
J19_S035274,배송확인,서비스이용,구매진행,False,True,False,False,정보충분
J19_S035281,환불요청,배송확인,환불요청,True,True,True,True,정보부족(infopoor)
J19_S035300,배송확인,서비스이용,배송확인,True,True,True,True,정보부족(infopoor)
J19_S035320,환불요청,배송확인,구매진행,False,True,True,True,정보부족(infopoor)
J19_S035352,배송확인,불만제기,배송확인,True,True,True,True,정보부족(infopoor)
J19_S035357,환불요청,구매진행,환불요청,True,True,True,True,정보부족(infopoor)
J19_S035366,환불요청,배송확인,배송확인,False,False,True,False,정보충분
J19_S035368,구매진행,배송확인,배송확인,False,False,False,False,정보충분
J19_S035395,환불요청,구매진행,환불요청,True,True,False,True,정보부족(infopoor)
J19_S035402,구매진행,환불요청,환불요청,False,False,False,False,정보충분
J19_S035425,환불요청,주문취소,주문취소,False,False,False,False,정보충분
J19_S035438,환불요청,배송확인,배송확인,False,False,True,False,정보충분
J19_S035443,환불요청,주문취소,환불요청,True,True,False,True,정보부족(infopoor)
J19_S035449,배송확인,서비스이용,배송확인,True,True,False,True,정보부족(infopoor)
J19_S035452,환불요청,주문취소,환불요청,True,True,False,True,정보부족(infopoor)
J19_S035460,환불요청,주문취소,주문취소,False,False,True,False,정보충분
J19_S035465,환불요청,주문취소,환불요청,True,True,False,True,정보부족(infopoor)
J19_S035471,교환반품,환불요청,환불요청,False,False,False,False,정보충분
J19_S035477,환불요청,주문취소,주문취소,False,False,True,False,정보충분
J19_S035537,환불요청,배송확인,환불요청,True,True,True,True,정보부족(infopoor)
J19_S035547,주문취소,배송확인,배송확인,False,False,False,False,정보충분
J19_S035574,환불요청,구매진행,구매진행,False,False,False,False,정보충분
J19_S035575,배송확인,서비스이용,서비스이용,False,False,True,False,정보충분
J19_S035598,환불요청,배송확인,주문취소,False,True,False,False,정보충분
J19_S035612,환불요청,주문취소,주문취소,False,False,True,False,정보충분
J19_S035618,배송확인,서비스이용,서비스이용,False,False,True,False,정보충분
J19_S035630,환불요청,주문취소,주문취소,False,False,False,False,정보충분
J19_S035648,환불요청,교환반품,환불요청,True,True,False,True,정보부족(infopoor)
J19_S035652,환불요청,배송확인,서비스이용,False,True,False,False,정보충분
J19_S035653,환불요청,주문취소,환불요청,True,True,False,True,정보부족(infopoor)
J19_S035672,배송확인,구매진행,배송확인,True,True,True,True,정보부족(infopoor)
J19_S035696,환불요청,서비스이용,서비스이용,False,False,False,False,정보충분
J19_S035712,환불요청,배송확인,주문취소,False,True,False,False,정보충분
J19_S035716,환불요청,불만제기,배송확인,False,True,False,False,정보충분
J19_S035752,환불요청,주문취소,주문취소,False,False,True,False,정보충분
J19_S035755,환불요청,구매진행,환불요청,True,True,True,True,정보부족(infopoor)
J19_S035765,환불요청,주문취소,교환반품,False,True,False,False,정보충분
J19_S035784,배송확인,환불요청,배송확인,True,True,True,True,정보부족(infopoor)
J19_S035789,환불요청,불만제기,환불요청,True,True,True,True,정보부족(infopoor)
J19_S035791,환불요청,주문취소,교환반품,False,True,False,False,정보충분
J19_S035799,환불요청,배송확인,주문취소,False,True,False,False,정보충분
J19_S035806,배송확인,서비스이용,서비스이용,False,False,False,False,정보충분
J19_S035816,배송확인,환불요청,배송확인,True,True,True,True,정보부족(infopoor)
J19_S035836,환불요청,구매진행,주문취소,False,True,False,False,정보충분
J19_S035852,환불요청,서비스이용,서비스이용,False,False,False,False,정보충분
J19_S035865,환불요청,구매진행,구매진행,False,False,False,False,정보충분
J19_S035893,환불요청,서비스이용,환불요청,True,True,True,True,정보부족(infopoor)
J19_S035927,환불요청,서비스이용,환불요청,True,True,True,True,정보부족(infopoor)
J19_S035932,환불요청,배송확인,배송확인,False,False,False,False,정보충분
J19_S035934,환불요청,주문취소,주문취소,False,False,False,False,정보충분
J19_S035971,환불요청,서비스이용,서비스이용,False,False,True,False,정보충분
J19_S035987,환불요청,주문취소,교환반품,False,True,False,False,정보충분
J19_S035993,배송확인,서비스이용,배송확인,True,True,False,True,정보부족(infopoor)
J19_S035995,교환반품,환불요청,환불요청,False,False,False,False,정보충분
J19_S036001,환불요청,구매진행,구매진행,False,False,False,False,정보충분
J19_S036005,배송확인,교환반품,배송확인,True,True,False,True,정보부족(infopoor)
J19_S036014,환불요청,구매진행,구매진행,False,False,False,False,정보충분
J19_S036033,환불요청,주문취소,주문취소,False,False,False,False,정보충분
J19_S036051,환불요청,배송확인,환불요청,True,True,False,True,정보부족(infopoor)
J19_S036064,환불요청,서비스이용,주문취소,False,True,True,True,정보부족(infopoor)
J19_S036080,환불요청,서비스이용,서비스이용,False,False,False,False,정보충분
J19_S036091,환불요청,주문취소,주문취소,False,False,False,False,정보충분
J19_S036103,환불요청,서비스이용,서비스이용,False,False,True,False,정보충분
J19_S036119,환불요청,서비스이용,서비스이용,False,False,False,False,정보충분
J19_S036141,배송확인,불만제기,배송확인,True,True,True,True,정보부족(infopoor)
J19_S036152,배송확인,구매진행,배송확인,True,True,True,True,정보부족(infopoor)
J19_S036154,환불요청,주문취소,주문취소,False,False,False,False,정보충분
J19_S036159,환불요청,구매진행,구매진행,False,False,False,False,정보충분
J19_S036174,환불요청,배송확인,환불요청,True,True,False,True,정보부족(infopoor)
J19_S036211,환불요청,주문취소,주문취소,False,False,False,False,정보충분
J19_S036217,배송확인,불만제기,배송확인,True,True,False,True,정보부족(infopoor)
J19_S036231,교환반품,환불요청,환불요청,False,False,False,False,정보충분
J19_S036243,환불요청,배송확인,환불요청,True,True,False,True,정보부족(infopoor)
J19_S036251,환불요청,서비스이용,서비스이용,False,False,True,False,정보충분
J19_S036277,환불요청,배송확인,주문취소,False,True,True,True,정보부족(infopoor)
J19_S036281,환불요청,배송확인,환불요청,True,True,False,True,정보부족(infopoor)
J19_S036286,배송확인,구매진행,배송확인,True,True,True,True,정보부족(infopoor)
J19_S036295,환불요청,구매진행,구매진행,False,False,False,False,정보충분
J19_S036311,환불요청,교환반품,교환반품,False,False,False,False,정보충분
J19_S036312,환불요청,구매진행,환불요청,True,True,True,True,정보부족(infopoor)
J19_S036322,환불요청,불만제기,불만제기,False,False,False,False,정보충분
J19_S036326,교환반품,환불요청,교환반품,True,True,False,True,정보부족(infopoor)
J19_S036337,환불요청,교환반품,교환반품,False,False,False,False,정보충분
J19_S036346,환불요청,교환반품,환불요청,True,True,False,True,정보부족(infopoor)
J19_S036414,환불요청,구매진행,환불요청,True,True,False,True,정보부족(infopoor)
J19_S036422,환불요청,교환반품,환불요청,True,True,False,True,정보부족(infopoor)
J19_S036437,환불요청,서비스이용,환불요청,True,True,True,True,정보부족(infopoor)
J19_S036446,환불요청,서비스이용,서비스이용,False,False,False,False,정보충분
J19_S036449,환불요청,주문취소,주문취소,False,False,False,False,정보충분
J19_S036466,배송확인,환불요청,환불요청,False,False,False,False,정보충분
J19_S036468,환불요청,주문취소,구매진행,False,True,False,False,정보충분
J19_S036494,환불요청,배송확인,배송확인,False,False,False,False,정보충분
J19_S036497,환불요청,서비스이용,서비스이용,False,False,False,False,정보충분
J19_S036502,환불요청,구매진행,주문취소,False,True,True,True,정보부족(infopoor)
J19_S036509,환불요청,서비스이용,환불요청,True,True,False,True,정보부족(infopoor)
J19_S036522,환불요청,구매진행,구매진행,False,False,False,False,정보충분
J19_S036523,환불요청,배송확인,환불요청,True,True,False,True,정보부족(infopoor)
J19_S036553,환불요청,불만제기,배송확인,False,True,False,False,정보충분
J19_S036596,환불요청,구매진행,서비스이용,False,True,False,False,정보충분
J19_S036608,환불요청,구매진행,주문취소,False,True,False,False,정보충분
J19_S036661,환불요청,구매진행,주문취소,False,True,False,False,정보충분
J19_S036673,환불요청,구매진행,환불요청,True,True,False,True,정보부족(infopoor)
J19_S036676,환불요청,서비스이용,서비스이용,False,False,False,False,정보충분
J19_S036680,환불요청,서비스이용,서비스이용,False,False,False,False,정보충분
J19_S036707,환불요청,서비스이용,서비스이용,False,False,False,False,정보충분
J19_S036733,배송확인,서비스이용,서비스이용,False,False,True,False,정보충분
J19_S036749,환불요청,서비스이용,구매진행,False,True,False,False,정보충분
J19_S036762,환불요청,서비스이용,환불요청,True,True,True,True,정보부족(infopoor)
J19_S036767,환불요청,주문취소,환불요청,True,True,False,True,정보부족(infopoor)
J19_S036772,환불요청,배송확인,배송확인,False,False,False,False,정보충분
J19_S036845,환불요청,배송확인,환불요청,True,True,False,True,정보부족(infopoor)
J19_S036853,환불요청,구매진행,교환반품,False,True,False,False,정보충분
J19_S036875,환불요청,서비스이용,서비스이용,False,False,True,False,정보충분
J19_S036879,배송확인,서비스이용,서비스이용,False,False,False,False,정보충분
J19_S036904,환불요청,교환반품,배송확인,False,True,False,False,정보충분
J19_S036912,환불요청,서비스이용,서비스이용,False,False,False,False,정보충분
J19_S036926,환불요청,서비스이용,서비스이용,False,False,False,False,정보충분
J19_S036928,환불요청,서비스이용,서비스이용,False,False,True,False,정보충분
J19_S036929,환불요청,서비스이용,교환반품,False,True,True,True,정보부족(infopoor)
J19_S036959,배송확인,구매진행,구매진행,False,False,True,False,정보충분
J19_S036978,환불요청,구매진행,환불요청,True,True,False,True,정보부족(infopoor)
J19_S036983,환불요청,구매진행,구매진행,False,False,False,False,정보충분
J19_S036993,환불요청,서비스이용,주문취소,False,True,False,False,정보충분
J19_S037010,환불요청,교환반품,교환반품,False,False,False,False,정보충분
J19_S037016,환불요청,서비스이용,환불요청,True,True,False,True,정보부족(infopoor)
J19_S037022,배송확인,구매진행,구매진행,False,False,False,False,정보충분
J19_S037035,주문취소,환불요청,환불요청,False,False,True,False,정보충분
J19_S037038,환불요청,주문취소,주문취소,False,False,False,False,정보충분
J19_S037050,환불요청,주문취소,환불요청,True,True,False,True,정보부족(infopoor)
J19_S037051,환불요청,서비스이용,서비스이용,False,False,False,False,정보충분
J19_S037058,환불요청,불만제기,환불요청,True,True,True,True,정보부족(infopoor)
J19_S037067,환불요청,교환반품,구매진행,False,True,False,False,정보충분
J19_S037092,구매진행,환불요청,환불요청,False,False,False,False,정보충분
J19_S037129,환불요청,서비스이용,서비스이용,False,False,True,False,정보충분
J19_S037134,환불요청,주문취소,환불요청,True,True,False,True,정보부족(infopoor)
J19_S037171,교환반품,주문취소,주문취소,False,False,False,False,정보충분
J19_S037181,환불요청,서비스이용,구매진행,False,True,False,False,정보충분
J19_S037190,환불요청,서비스이용,서비스이용,False,False,False,False,정보충분
J19_S037193,교환반품,환불요청,환불요청,False,False,True,False,정보충분
J19_S037251,환불요청,서비스이용,주문취소,False,True,True,True,정보부족(infopoor)
J19_S037254,환불요청,주문취소,환불요청,True,True,True,True,정보부족(infopoor)
J19_S037259,환불요청,주문취소,환불요청,True,True,False,True,정보부족(infopoor)
J19_S037261,환불요청,주문취소,환불요청,True,True,False,True,정보부족(infopoor)
J19_S037288,환불요청,배송확인,배송확인,False,False,False,False,정보충분
J19_S037298,배송확인,서비스이용,배송확인,True,True,False,True,정보부족(infopoor)
J19_S037302,환불요청,주문취소,주문취소,False,False,False,False,정보충분
J19_S037325,환불요청,배송확인,환불요청,True,True,False,True,정보부족(infopoor)
J19_S037362,환불요청,서비스이용,환불요청,True,True,False,True,정보부족(infopoor)
J19_S037387,환불요청,주문취소,교환반품,False,True,False,False,정보충분
J19_S037388,환불요청,구매진행,주문취소,False,True,False,False,정보충분
J19_S037396,환불요청,배송확인,환불요청,True,True,False,True,정보부족(infopoor)
J19_S037407,환불요청,서비스이용,환불요청,True,True,True,True,정보부족(infopoor)
J19_S037409,환불요청,주문취소,배송확인,False,True,False,False,정보충분
J19_S037443,환불요청,구매진행,구매진행,False,False,False,False,정보충분
J19_S037468,환불요청,구매진행,배송확인,False,True,True,True,정보부족(infopoor)
J19_S037470,환불요청,서비스이용,서비스이용,False,False,False,False,정보충분
J19_S037487,환불요청,구매진행,구매진행,False,False,False,False,정보충분
J19_S037496,환불요청,배송확인,환불요청,True,True,False,True,정보부족(infopoor)
J19_S037511,환불요청,구매진행,환불요청,True,True,False,True,정보부족(infopoor)
J19_S037538,환불요청,주문취소,주문취소,False,False,False,False,정보충분
J19_S037554,환불요청,구매진행,주문취소,False,True,False,False,정보충분
J19_S037573,교환반품,배송확인,배송확인,False,False,False,False,정보충분
J19_S037579,환불요청,주문취소,환불요청,True,True,False,True,정보부족(infopoor)
J19_S037589,환불요청,주문취소,주문취소,False,False,False,False,정보충분
J19_S037595,환불요청,주문취소,주문취소,False,False,False,False,정보충분
J19_S037610,환불요청,서비스이용,환불요청,True,True,False,True,정보부족(infopoor)
J19_S037619,환불요청,주문취소,주문취소,False,False,False,False,정보충분
J19_S037629,환불요청,서비스이용,서비스이용,False,False,True,False,정보충분
J19_S037645,환불요청,서비스이용,환불요청,True,True,True,True,정보부족(infopoor)
J19_S037669,환불요청,교환반품,교환반품,False,False,False,False,정보충분
J19_S037687,배송확인,구매진행,주문취소,False,True,True,True,정보부족(infopoor)
J19_S037690,환불요청,서비스이용,서비스이용,False,False,False,False,정보충분
J19_S037716,환불요청,교환반품,교환반품,False,False,False,False,정보충분
J19_S037741,환불요청,서비스이용,주문취소,False,True,True,True,정보부족(infopoor)
J19_S037751,환불요청,구매진행,주문취소,False,True,False,False,정보충분
J19_S037786,환불요청,불만제기,배송확인,False,True,True,True,정보부족(infopoor)
J19_S037840,환불요청,서비스이용,서비스이용,False,False,False,False,정보충분
J19_S037849,배송확인,서비스이용,서비스이용,False,False,True,False,정보충분
J19_S037864,배송확인,교환반품,배송확인,True,True,False,True,정보부족(infopoor)
J19_S037894,환불요청,주문취소,주문취소,False,False,False,False,정보충분
J19_S037903,서비스이용,환불요청,교환반품,False,True,False,False,정보충분
J19_S037933,교환반품,환불요청,교환반품,True,True,False,True,정보부족(infopoor)
J19_S037939,환불요청,서비스이용,서비스이용,False,False,False,False,정보충분
J19_S037972,환불요청,서비스이용,환불요청,True,True,False,True,정보부족(infopoor)
J19_S037994,환불요청,구매진행,환불요청,True,True,False,True,정보부족(infopoor)
J19_S038012,환불요청,서비스이용,구매진행,False,True,False,False,정보충분
J19_S038044,환불요청,주문취소,주문취소,False,False,False,False,정보충분
J19_S038046,환불요청,주문취소,환불요청,True,True,False,True,정보부족(infopoor)
J19_S038082,환불요청,불만제기,주문취소,False,True,True,True,정보부족(infopoor)
J19_S038099,환불요청,구매진행,서비스이용,False,True,True,True,정보부족(infopoor)
J19_S038102,서비스이용,불만제기,불만제기,False,False,False,False,정보충분
J19_S038113,환불요청,주문취소,주문취소,False,False,True,False,정보충분
J19_S038129,구매진행,서비스이용,서비스이용,False,False,False,False,정보충분
J19_S038134,환불요청,서비스이용,서비스이용,False,False,False,False,정보충분
J19_S038138,환불요청,구매진행,주문취소,False,True,True,True,정보부족(infopoor)
J19_S038154,환불요청,서비스이용,환불요청,True,True,True,True,정보부족(infopoor)
J19_S038164,환불요청,구매진행,주문취소,False,True,False,False,정보충분
J19_S038165,환불요청,주문취소,주문취소,False,False,True,False,정보충분
J19_S038181,환불요청,배송확인,환불요청,True,True,False,True,정보부족(infopoor)
J19_S038216,환불요청,구매진행,주문취소,False,True,True,True,정보부족(infopoor)
J19_S038219,환불요청,배송확인,환불요청,True,True,False,True,정보부족(infopoor)
J19_S038241,환불요청,구매진행,주문취소,False,True,False,False,정보충분
J19_S038255,환불요청,구매진행,구매진행,False,False,False,False,정보충분
J19_S038261,환불요청,구매진행,환불요청,True,True,True,True,정보부족(infopoor)
J19_S038278,환불요청,구매진행,구매진행,False,False,False,False,정보충분
J19_S038283,환불요청,주문취소,주문취소,False,False,False,False,정보충분
J19_S038287,배송확인,교환반품,배송확인,True,True,False,True,정보부족(infopoor)
J19_S038301,환불요청,서비스이용,서비스이용,False,False,False,False,정보충분
