call_id,label
J16_S000274,환불요청
J16_S000345,환불요청
J16_S000809,배송확인
J16_S000853,배송확인
J16_S000863,환불요청
J16_S000897,배송확인
J16_S000915,환불요청
J16_S001183,환불요청
J16_S001576,배송확인
J16_S001584,배송확인
J16_S001619,환불요청
J16_S001622,환불요청
J16_S001856,배송확인
J16_S002323,환불요청
J16_S002491,배송확인
J16_S002583,배송확인
J16_S002623,환불요청
J16_S003724,환불요청
J16_S003875,환불요청
J16_S004080,환불요청
J16_S004108,배송확인
J16_S004392,배송확인
J16_S004492,환불요청
J16_S004872,환불요청
J16_S005149,환불요청
J16_S005263,환불요청
J16_S005293,환불요청
J16_S005450,환불요청
J16_S005599,배송확인
J16_S005678,배송확인
J16_S005771,환불요청
J16_S005789,배송확인
J16_S005792,배송확인
J16_S005898,배송확인
J16_S006017,배송확인
J16_S006082,배송확인
J16_S006166,환불요청
J16_S006272,환불요청
J16_S006598,환불요청
J16_S006703,환불요청
J16_S006922,배송확인
J16_S006949,배송확인
J17_S000067,배송확인
J17_S000149,환불요청
J17_S000177,환불요청
J17_S000201,배송확인
J17_S000235,환불요청
J17_S000244,배송확인
J17_S000260,배송확인
J17_S000263,배송확인
J17_S000334,환불요청
J17_S000403,환불요청
J17_S000470,환불요청
J17_S000584,환불요청
J17_S000635,환불요청
J17_S000786,환불요청
J17_S000872,환불요청
J17_S000920,환불요청
J17_S000927,배송확인
J17_S001116,배송확인
J17_S001278,환불요청
J17_S001279,환불요청
J17_S001375,환불요청
J17_S001384,환불요청
J17_S001447,배송확인
J17_S001463,환불요청
J17_S001533,배송확인
J17_S001568,환불요청
J17_S001663,환불요청
J17_S001917,환불요청
J17_S002013,환불요청
J17_S002169,배송확인
J17_S002177,배송확인
J17_S002240,환불요청
J17_S002247,환불요청
J17_S002291,배송확인
J17_S002310,배송확인
J17_S002327,배송확인
J17_S002330,배송확인
J17_S002356,배송확인
J17_S002633,배송확인
J17_S002669,환불요청
J17_S002730,환불요청
J17_S003029,환불요청
J17_S003041,배송확인
J17_S003071,배송확인
J17_S003135,환불요청
J17_S003166,배송확인
J17_S003170,환불요청
J17_S003184,환불요청
J17_S003350,환불요청
J17_S003394,환불요청
J17_S003402,환불요청
J17_S003437,환불요청
J17_S003609,배송확인
J17_S003691,배송확인
J17_S003845,환불요청
J17_S003868,배송확인
J17_S003886,환불요청
J17_S003891,배송확인
J17_S003892,배송확인
J17_S004042,배송확인
J17_S004139,배송확인
J17_S004229,배송확인
J17_S004277,환불요청
J17_S004318,배송확인
J17_S004402,환불요청
J17_S004561,배송확인
J17_S004593,배송확인
J17_S004653,배송확인
J17_S004754,배송확인
J17_S004796,배송확인
J17_S005125,환불요청
J17_S005299,배송확인
J17_S005827,환불요청
J17_S005869,환불요청
J17_S005914,환불요청
J17_S005939,배송확인
J17_S005988,환불요청
J17_S006044,환불요청
J17_S006313,환불요청
J17_S006334,환불요청
J17_S006366,환불요청
J17_S006413,환불요청
J17_S006554,환불요청
J17_S006562,환불요청
J17_S006604,배송확인
J18_S000003,배송확인
J18_S000004,배송확인
J18_S000010,환불요청
J18_S000011,배송확인
J18_S000014,배송확인
J18_S000018,배송확인
J18_S000023,환불요청
J18_S000025,환불요청
J18_S000036,배송확인
J18_S000040,환불요청
J18_S000059,배송확인
J18_S000063,배송확인
J18_S000070,배송확인
J18_S000078,환불요청
J18_S000079,환불요청
J18_S000084,환불요청
J18_S000085,배송확인
J18_S000087,배송확인
J18_S000088,배송확인
J18_S000090,배송확인
J18_S000092,배송확인
J18_S000106,배송확인
J18_S000122,배송확인
J18_S000124,배송확인
J18_S000129,환불요청
J18_S000155,환불요청
J18_S000163,환불요청
J18_S000170,환불요청
J18_S000171,환불요청
J18_S000172,환불요청
J18_S000177,환불요청
J18_S000181,배송확인
J18_S000193,환불요청
J18_S000197,배송확인
J18_S000201,환불요청
J18_S000206,환불요청
J18_S000209,환불요청
J18_S000211,환불요청
J18_S000217,환불요청
J18_S000220,환불요청
J18_S000222,배송확인
J18_S000225,환불요청
J18_S000230,환불요청
J18_S000232,배송확인
J18_S000235,배송확인
J18_S000236,환불요청
J18_S000238,배송확인
J18_S000258,배송확인
J18_S000266,배송확인
J18_S000267,배송확인
J18_S000271,배송확인
J18_S000275,환불요청
J18_S000276,환불요청
J18_S000279,환불요청
J18_S000290,환불요청
J18_S000305,배송확인
J18_S000308,환불요청
J18_S000309,배송확인
J18_S000311,배송확인
J18_S000314,환불요청
J18_S000316,배송확인
J18_S000321,환불요청
J18_S000328,환불요청
J18_S000336,배송확인
J18_S000348,환불요청
J18_S000351,환불요청
J18_S000365,배송확인
J18_S000371,배송확인
J18_S000374,환불요청
J18_S000379,환불요청
J18_S000381,환불요청
J18_S000384,배송확인
J18_S000388,환불요청
J18_S000394,환불요청
J18_S000395,배송확인
J18_S000398,배송확인
J18_S000399,배송확인
J18_S000403,배송확인
J18_S000406,환불요청
J18_S000407,환불요청
J18_S000409,배송확인
J18_S000411,배송확인
J18_S000415,배송확인
J18_S000421,배송확인
J18_S000425,배송확인
J18_S000431,배송확인
J18_S000432,환불요청
J18_S000435,환불요청
J18_S000436,배송확인
J18_S000437,배송확인
J18_S000441,배송확인
J18_S000447,배송확인
J18_S000448,배송확인
J18_S000450,배송확인
J18_S000455,환불요청
J18_S000456,환불요청
J18_S000459,배송확인
J18_S000461,환불요청
J18_S000467,배송확인
J18_S000471,환불요청
J18_S000475,배송확인
J18_S000482,배송확인
J18_S000484,환불요청
J18_S000489,환불요청
J18_S000492,환불요청
J18_S000496,환불요청
J18_S000500,환불요청
J18_S000507,환불요청
J18_S000510,배송확인
J18_S000519,환불요청
J18_S000521,배송확인
J18_S000528,배송확인
J18_S000543,환불요청
J18_S000544,환불요청
J18_S000545,환불요청
J18_S000550,환불요청
J18_S000557,환불요청
J18_S000562,환불요청
J18_S000563,환불요청
J18_S000570,배송확인
J18_S000578,배송확인
J18_S000580,환불요청
J18_S000582,배송확인
J18_S000584,환불요청
J18_S000587,배송확인
J18_S000603,환불요청
J18_S000606,배송확인
J18_S000610,배송확인
J18_S000622,환불요청
J18_S000627,배송확인
J18_S000628,환불요청
J18_S000630,환불요청
J18_S000636,환불요청
J18_S000661,환불요청
J18_S000666,배송확인
J18_S000676,배송확인
J18_S000678,환불요청
J18_S000687,배송확인
J18_S000688,환불요청
J18_S000691,환불요청
J18_S000697,배송확인
J18_S000702,배송확인
J18_S000708,배송확인
J18_S000709,배송확인
J18_S000715,배송확인
J18_S000725,환불요청
J18_S000726,배송확인
J18_S000730,환불요청
J18_S000740,환불요청
J18_S000742,배송확인
J18_S000744,환불요청
J18_S000753,배송확인
J18_S000754,환불요청
J18_S000755,환불요청
J18_S000760,배송확인
J18_S000761,환불요청
J18_S000763,환불요청
J18_S000766,배송확인
J18_S000769,배송확인
J18_S000771,배송확인
J18_S000777,배송확인
J18_S000778,배송확인
J18_S000783,환불요청
J18_S000786,배송확인
J18_S000790,환불요청
J18_S000794,환불요청
J18_S000795,환불요청
J18_S000796,배송확인
J18_S000803,배송확인
J18_S000808,배송확인
J18_S000810,배송확인
J18_S000811,배송확인
J18_S000819,환불요청
J18_S000821,환불요청
J18_S000823,배송확인
J18_S000828,배송확인
J18_S000829,배송확인
J18_S000831,환불요청
J18_S000832,환불요청
J18_S000839,환불요청
J18_S000843,환불요청
J18_S000860,배송확인
J18_S000870,환불요청
J18_S000873,배송확인
J18_S000875,배송확인
J18_S000882,배송확인
J18_S000890,환불요청
J18_S000891,환불요청
J18_S000903,환불요청
J18_S000904,환불요청
J18_S000910,배송확인
J18_S000911,환불요청
J18_S000930,환불요청
J18_S000935,배송확인
J18_S000940,환불요청
J18_S000949,환불요청
J18_S000963,환불요청
J18_S000964,환불요청
J18_S000977,환불요청
J18_S000988,환불요청
J18_S000996,배송확인
J18_S001000,환불요청
J18_S001019,환불요청
J18_S001020,배송확인
J18_S001024,배송확인
J18_S001026,배송확인
J18_S001033,배송확인
J18_S001036,배송확인
J18_S001040,환불요청
J18_S001044,환불요청
J18_S001051,환불요청
J18_S001071,배송확인
J18_S001072,환불요청
J18_S001075,배송확인
J18_S001078,환불요청
J18_S001080,배송확인
J18_S001087,환불요청
J18_S001096,환불요청
J18_S001098,배송확인
J18_S001115,환불요청
J18_S001123,환불요청
J18_S001124,배송확인
J18_S001128,배송확인
J18_S001135,배송확인
J18_S001136,배송확인
J18_S001139,환불요청
J18_S001142,배송확인
J18_S001153,환불요청
J18_S001155,배송확인
J18_S001161,배송확인
J18_S001163,환불요청
J18_S001169,환불요청
J18_S001179,배송확인
J18_S001183,환불요청
J18_S001188,환불요청
J18_S001193,환불요청
J18_S001201,배송확인
J18_S001210,배송확인
J18_S001211,환불요청
J18_S001213,환불요청
J18_S001215,환불요청
J18_S001218,배송확인
J18_S001223,환불요청
J18_S001224,환불요청
J18_S001231,배송확인
J18_S001233,배송확인
J18_S001234,배송확인
J18_S001235,환불요청
J18_S001236,환불요청
J18_S001249,배송확인
J18_S001260,환불요청
J18_S001261,환불요청
J18_S001265,환불요청
J18_S001267,환불요청
J18_S001271,환불요청
J18_S001273,배송확인
J18_S001277,배송확인
J18_S001284,환불요청
J18_S001290,배송확인
J18_S001300,배송확인
J18_S001306,배송확인
J18_S001312,환불요청
J18_S001314,환불요청
J18_S001323,환불요청
J18_S001328,배송확인
J18_S001334,배송확인
J18_S001336,배송확인
J18_S001338,환불요청
J18_S001341,배송확인
J18_S001342,환불요청
J18_S001351,환불요청
J18_S001354,환불요청
J18_S001360,환불요청
J18_S001368,배송확인
J18_S001377,배송확인
J18_S001379,배송확인
J18_S001385,환불요청
J18_S001386,환불요청
J18_S001389,배송확인
J18_S001391,환불요청
J18_S001394,환불요청
J18_S001396,배송확인
J18_S001397,환불요청
J18_S001399,환불요청
J18_S001401,배송확인
J18_S001404,배송확인
J18_S001409,배송확인
J18_S001414,배송확인
J18_S001419,배송확인
J18_S001432,환불요청
J18_S001443,환불요청
J18_S001444,환불요청
J18_S001446,환불요청
J18_S001449,배송확인
J18_S001464,배송확인
J18_S001466,배송확인
J18_S001474,배송확인
J18_S001475,환불요청
J18_S001482,배송확인
J18_S001484,환불요청
J18_S001486,환불요청
J18_S001489,환불요청
J18_S001493,환불요청
J18_S001497,환불요청
J18_S001502,환불요청
J18_S001508,배송확인
J18_S001514,배송확인
J18_S001519,배송확인
J18_S001522,배송확인
J18_S001527,배송확인
J18_S001534,배송확인
J18_S001535,배송확인
J18_S001541,배송확인
J18_S001543,배송확인
J18_S001548,배송확인
J18_S001558,배송확인
J18_S001559,환불요청
J18_S001561,환불요청
J18_S001563,배송확인
J18_S001582,환불요청
J18_S001585,배송확인
J18_S001587,환불요청
J18_S001590,배송확인
J18_S001592,배송확인
J18_S001601,배송확인
J18_S001610,배송확인
J18_S001614,배송확인
J18_S001615,배송확인
J18_S001623,배송확인
J18_S001626,배송확인
J18_S001630,배송확인
J18_S001631,배송확인
J18_S001635,환불요청
J18_S001641,배송확인
J18_S001649,배송확인
J18_S001651,배송확인
J18_S001654,환불요청
J18_S001670,환불요청
J18_S001671,배송확인
J18_S001687,환불요청
J18_S001691,배송확인
J18_S001696,배송확인
J18_S001702,배송확인
J18_S001710,배송확인
J18_S001711,배송확인
J18_S001727,배송확인
J18_S001732,배송확인
J18_S001743,배송확인
J18_S001749,배송확인
J18_S001750,환불요청
J18_S001751,환불요청
J18_S001753,배송확인
J18_S001755,환불요청
J18_S001757,환불요청
J18_S001762,배송확인
J18_S001764,배송확인
J18_S001766,환불요청
J18_S001776,환불요청
J18_S001781,환불요청
J18_S001784,배송확인
J18_S001785,배송확인
J18_S001788,배송확인
J18_S001795,배송확인
J18_S001799,환불요청
J18_S001804,배송확인
J18_S001805,배송확인
J18_S001808,배송확인
J18_S001812,배송확인
J18_S001815,배송확인
J18_S001817,배송확인
J18_S001824,배송확인
J18_S001828,배송확인
J18_S001831,배송확인
J18_S001837,환불요청
J18_S001839,배송확인
J18_S001843,배송확인
J18_S001845,환불요청
J18_S001854,배송확인
J18_S001864,환불요청
J18_S001865,환불요청
J18_S001869,배송확인
J18_S001870,배송확인
J18_S001873,배송확인
J18_S001879,배송확인
J18_S001885,배송확인
J18_S001888,배송확인
J18_S001890,배송확인
J18_S001899,배송확인
J18_S001911,배송확인
J18_S001914,배송확인
J18_S001918,환불요청
J18_S001922,배송확인
J18_S001929,배송확인
J18_S001930,배송확인
J18_S001933,배송확인
J18_S001938,환불요청
J18_S001939,배송확인
J18_S001947,배송확인
J18_S001948,배송확인
J18_S001949,환불요청
J18_S001953,배송확인
J18_S001964,배송확인
J18_S001966,배송확인
J18_S001970,환불요청
J18_S001976,환불요청
J18_S001977,배송확인
J18_S001981,배송확인
J18_S001984,배송확인
J18_S001989,환불요청
J18_S001991,배송확인
J18_S001992,환불요청
J18_S001994,배송확인
J18_S001998,환불요청
J18_S002003,배송확인
J18_S002010,배송확인
J18_S002013,배송확인
J18_S002017,배송확인
J18_S002022,배송확인
J18_S002026,환불요청
J18_S002028,환불요청
J18_S002033,환불요청
J18_S002034,환불요청
J18_S002041,배송확인
J18_S002048,환불요청
J18_S002052,배송확인
J18_S002057,배송확인
J18_S002065,환불요청
J18_S002073,환불요청
J18_S002074,환불요청
J18_S002079,환불요청
J18_S002082,배송확인
J18_S002087,배송확인
J18_S002089,환불요청
J18_S002091,배송확인
J18_S002099,배송확인
J18_S002102,배송확인
J18_S002109,배송확인
J18_S002118,배송확인
J18_S002121,환불요청
J18_S002129,환불요청
J18_S002131,배송확인
J18_S002138,배송확인
J18_S002145,환불요청
J18_S002148,배송확인
J18_S002150,환불요청
J18_S002151,배송확인
J18_S002152,배송확인
J18_S002153,환불요청
J18_S002154,배송확인
J18_S002156,환불요청
J18_S002161,환불요청
J18_S002164,배송확인
J18_S002173,환불요청
J18_S002179,배송확인
J18_S002194,환불요청
J18_S002203,배송확인
J18_S002204,환불요청
J18_S002206,배송확인
J18_S002210,배송확인
J18_S002211,배송확인
J18_S002218,배송확인
J18_S002226,배송확인
J18_S002228,환불요청
J18_S002234,배송확인
J18_S002236,환불요청
J18_S002241,배송확인
J18_S002242,환불요청
J18_S002245,배송확인
J18_S002250,배송확인
J18_S002255,배송확인
J18_S002263,환불요청
J18_S002265,환불요청
J18_S002268,배송확인
J18_S002269,환불요청
J18_S002276,환불요청
J18_S002280,배송확인
J18_S002289,환불요청
J18_S002297,환불요청
J18_S002300,환불요청
J18_S002313,환불요청
J18_S002315,배송확인
J18_S002320,환불요청
J18_S002322,환불요청
J18_S002331,배송확인
J18_S002339,환불요청
J18_S002340,환불요청
J18_S002351,환불요청
J18_S002352,환불요청
J18_S002356,배송확인
J18_S002363,환불요청
J18_S002364,환불요청
J18_S002378,환불요청
J18_S002380,환불요청
J18_S002384,배송확인
J18_S002390,배송확인
J18_S002396,배송확인
J18_S002399,환불요청
J18_S002400,환불요청
J18_S002403,배송확인
J18_S002408,환불요청
J18_S002411,배송확인
J18_S002419,배송확인
J18_S002423,배송확인
J18_S002429,환불요청
J18_S002431,배송확인
J18_S002432,배송확인
J18_S002435,배송확인
J18_S002438,환불요청
J18_S002439,배송확인
J18_S002441,배송확인
J18_S002444,환불요청
J18_S002454,배송확인
J18_S002461,환불요청
J18_S002463,배송확인
J18_S002474,배송확인
J18_S002489,환불요청
J18_S002491,배송확인
J18_S002494,배송확인
J18_S002496,환불요청
J18_S002497,배송확인
J18_S002498,배송확인
J18_S002500,배송확인
J18_S002501,배송확인
J18_S002509,환불요청
J18_S002511,배송확인
J18_S002512,배송확인
J18_S002515,배송확인
J18_S002519,배송확인
J18_S002531,배송확인
J18_S002533,배송확인
J18_S002536,환불요청
J18_S002538,배송확인
J18_S002542,배송확인
J18_S002543,배송확인
J18_S002547,배송확인
J18_S002551,배송확인
J18_S002557,배송확인
J18_S002560,배송확인
J18_S002566,배송확인
J18_S002572,배송확인
J18_S002578,배송확인
J18_S002590,배송확인
J18_S002593,배송확인
J18_S002597,배송확인
J18_S002599,환불요청
J18_S002603,배송확인
J18_S002604,배송확인
J18_S002605,환불요청
J18_S002608,배송확인
J18_S002609,배송확인
J18_S002610,배송확인
J18_S002611,배송확인
J18_S002616,배송확인
J18_S002621,환불요청
J18_S002622,배송확인
J18_S002624,배송확인
J18_S002625,환불요청
J18_S002635,배송확인
J18_S002636,환불요청
J18_S002637,배송확인
J18_S002644,배송확인
J18_S002646,배송확인
J18_S002647,배송확인
J18_S002648,배송확인
J18_S002649,배송확인
J18_S002651,배송확인
J18_S002659,배송확인
J18_S002660,배송확인
J18_S002661,환불요청
J18_S002666,배송확인
J18_S002669,환불요청
J18_S002671,배송확인
J18_S002675,환불요청
J18_S002686,환불요청
J18_S002697,환불요청
J18_S002702,배송확인
J18_S002704,환불요청
J18_S002705,배송확인
J18_S002713,배송확인
J18_S002721,환불요청
J18_S002725,환불요청
J18_S002727,환불요청
J18_S002728,환불요청
J18_S002734,환불요청
J18_S002736,배송확인
J18_S002741,환불요청
J18_S002750,배송확인
J18_S002764,환불요청
J18_S002781,배송확인
J18_S002792,배송확인
J18_S002793,배송확인
J18_S002795,배송확인
J18_S002796,배송확인
J18_S002804,배송확인
J18_S002808,배송확인
J18_S002813,배송확인
J18_S002821,배송확인
J18_S002834,배송확인
J18_S002837,배송확인
J18_S002839,배송확인
J18_S002851,배송확인
J18_S002858,배송확인
J18_S002861,배송확인
J18_S002863,배송확인
J18_S002864,배송확인
J18_S002865,배송확인
J18_S002874,배송확인
J18_S002884,배송확인
J18_S002885,배송확인
J18_S002892,배송확인
J18_S002896,배송확인
J18_S002911,환불요청
J18_S002915,배송확인
J18_S002916,배송확인
J18_S002921,배송확인
J18_S002924,환불요청
J18_S002936,배송확인
J18_S002937,배송확인
J18_S002945,환불요청
J18_S002947,배송확인
J18_S002961,배송확인
J18_S002962,환불요청
J18_S002967,환불요청
J18_S002968,환불요청
J18_S002970,환불요청
J18_S002973,배송확인
J18_S002983,배송확인
J18_S002985,배송확인
J18_S002998,배송확인
J18_S003002,배송확인
J18_S003016,환불요청
J18_S003017,환불요청
J18_S003019,환불요청
J18_S003022,배송확인
J18_S003025,배송확인
J18_S003026,배송확인
J18_S003031,배송확인
J18_S003032,배송확인
J18_S003041,환불요청
J18_S003043,배송확인
J18_S003045,환불요청
J18_S003056,환불요청
J18_S003057,배송확인
J18_S003061,배송확인
J18_S003063,환불요청
J18_S003075,환불요청
J18_S003081,배송확인
J18_S003084,환불요청
J18_S003088,배송확인
J18_S003089,배송확인
J18_S003107,배송확인
J18_S003116,배송확인
J18_S003118,배송확인
J18_S003128,환불요청
J18_S003136,환불요청
J18_S003140,배송확인
J18_S003147,환불요청
J18_S003152,배송확인
J18_S003153,환불요청
J18_S003156,환불요청
J18_S003194,배송확인
J18_S003198,배송확인
J18_S003202,환불요청
J18_S003203,환불요청
J18_S003215,배송확인
J18_S003221,환불요청
J18_S003222,환불요청
J18_S003229,환불요청
J18_S003241,배송확인
J18_S003248,환불요청
J18_S003253,배송확인
J18_S003254,배송확인
J18_S003260,배송확인
J18_S003269,환불요청
J18_S003270,환불요청
J18_S003272,배송확인
J18_S003278,배송확인
J18_S003279,배송확인
J18_S003287,환불요청
J18_S003300,환불요청
J18_S003308,배송확인
J18_S003318,배송확인
J18_S003322,배송확인
J18_S003323,배송확인
J18_S003330,배송확인
J18_S003334,환불요청
J18_S003343,배송확인
J18_S003346,환불요청
J18_S003347,배송확인
J18_S003356,환불요청
J18_S003357,배송확인
J18_S003362,환불요청
J18_S003365,배송확인
J18_S003382,환불요청
J18_S003391,배송확인
J18_S003400,배송확인
J18_S003414,배송확인
J18_S003416,배송확인
J18_S003430,환불요청
J18_S003431,환불요청
J18_S003439,배송확인
J18_S003443,환불요청
J18_S003447,환불요청
J18_S003455,환불요청
J18_S003457,배송확인
J18_S003468,환불요청
J18_S003470,배송확인
J18_S003475,배송확인
J18_S003477,환불요청
J18_S003491,환불요청
J18_S003498,배송확인
J18_S003500,환불요청
J18_S003503,환불요청
J18_S003504,환불요청
J18_S003507,환불요청
J18_S003514,배송확인
J18_S003516,환불요청
J18_S003529,배송확인
J18_S003531,환불요청
J18_S003538,배송확인
J18_S003544,환불요청
J18_S003545,환불요청
J18_S003548,환불요청
J18_S003559,배송확인
J18_S003561,배송확인
J18_S003562,배송확인
J18_S003565,배송확인
J18_S003566,환불요청
J18_S003569,배송확인
J18_S003574,배송확인
J18_S003579,배송확인
J18_S003580,배송확인
J18_S003582,배송확인
J18_S003584,배송확인
J18_S003585,배송확인
J18_S003587,환불요청
J18_S003601,배송확인
J18_S003609,환불요청
J18_S003612,배송확인
J18_S003613,배송확인
J18_S003620,배송확인
J18_S003623,배송확인
J18_S003627,환불요청
J18_S003629,환불요청
J18_S003631,환불요청
J18_S003634,배송확인
J18_S003637,배송확인
J18_S003639,환불요청
J18_S003643,배송확인
J18_S003644,환불요청
J18_S003647,환불요청
J18_S003649,배송확인
J18_S003652,배송확인
J18_S003656,환불요청
J18_S003661,배송확인
J18_S003662,배송확인
J18_S003678,환불요청
J18_S003687,배송확인
J18_S003703,환불요청
J18_S003704,환불요청
J18_S003711,환불요청
J18_S003713,배송확인
J18_S003716,배송확인
J18_S003729,배송확인
J18_S003730,배송확인
J18_S003742,환불요청
J18_S003745,환불요청
J18_S003746,환불요청
J18_S003750,환불요청
J18_S003752,배송확인
J18_S003753,환불요청
J18_S003758,환불요청
J18_S003759,배송확인
J18_S003764,배송확인
J18_S003780,배송확인
J18_S003785,배송확인
J18_S003788,배송확인
J18_S003793,배송확인
J18_S003798,배송확인
J18_S003799,환불요청
J18_S003801,환불요청
J18_S003804,환불요청
J18_S003806,배송확인
J18_S003808,배송확인
J18_S003809,환불요청
J18_S003814,배송확인
J18_S003816,환불요청
J18_S003819,환불요청
J18_S003820,환불요청
J18_S003821,환불요청
J18_S003823,배송확인
J18_S003826,환불요청
J18_S003834,배송확인
J18_S003838,환불요청
J18_S003842,배송확인
J18_S003850,배송확인
J18_S003853,배송확인
J18_S003856,환불요청
J18_S003862,환불요청
J18_S003863,배송확인
J18_S003865,배송확인
J18_S003872,배송확인
J18_S003873,환불요청
J18_S003883,환불요청
J18_S003887,환불요청
J18_S003891,배송확인
J18_S003894,환불요청
J18_S003898,배송확인
J18_S003905,배송확인
J18_S003910,환불요청
J18_S003919,배송확인
J18_S003922,배송확인
J18_S003929,배송확인
J18_S003946,환불요청
J18_S003954,배송확인
J18_S003956,배송확인
J18_S003962,환불요청
J18_S003965,배송확인
J18_S003970,배송확인
J18_S003986,배송확인
J18_S003987,배송확인
J18_S003990,배송확인
J18_S003991,배송확인
J18_S003995,배송확인
J18_S003997,환불요청
J18_S003998,배송확인
J18_S004009,배송확인
J18_S004013,배송확인
J18_S004023,환불요청
J18_S004025,환불요청
J18_S004031,환불요청
J18_S004040,배송확인
J18_S004042,환불요청
J18_S004046,배송확인
J18_S004048,환불요청
J18_S004049,배송확인
J18_S004051,환불요청
J18_S004053,배송확인
J18_S004081,배송확인
J18_S004084,배송확인
J18_S004090,배송확인
J18_S004092,환불요청
J18_S004093,배송확인
J18_S004098,배송확인
J18_S004099,배송확인
J18_S004111,환불요청
J18_S004113,배송확인
J18_S004120,배송확인
J18_S004127,배송확인
J18_S004136,배송확인
J18_S004140,환불요청
J18_S004143,배송확인
J18_S004155,환불요청
J18_S004157,환불요청
J18_S004158,환불요청
J18_S004159,환불요청
J18_S004162,배송확인
J18_S004164,환불요청
J18_S004165,배송확인
J18_S004171,환불요청
J18_S004181,환불요청
J18_S004189,배송확인
J18_S004197,배송확인
J18_S004198,환불요청
J18_S004200,배송확인
J18_S004208,배송확인
J18_S004218,환불요청
J18_S004221,환불요청
J18_S004231,환불요청
J18_S004234,환불요청
J18_S004236,환불요청
J18_S004240,배송확인
J18_S004254,배송확인
J18_S004259,배송확인
J18_S004265,배송확인
J18_S004269,환불요청
J18_S004277,배송확인
J18_S004289,환불요청
J18_S004290,환불요청
J18_S004291,환불요청
J18_S004295,환불요청
J18_S004296,배송확인
J18_S004302,환불요청
J18_S004312,환불요청
J18_S004313,환불요청
J18_S004315,배송확인
J18_S004319,환불요청
J18_S004320,환불요청
J18_S004334,배송확인
J18_S004354,배송확인
J18_S004360,환불요청
J18_S004361,환불요청
J18_S004374,환불요청
J18_S004377,환불요청
J18_S004379,배송확인
J18_S004387,배송확인
J18_S004391,환불요청
J18_S004396,환불요청
J18_S004411,배송확인
J18_S004414,환불요청
J18_S004418,배송확인
J18_S004440,배송확인
J18_S004443,배송확인
J18_S004455,배송확인
J18_S004458,환불요청
J18_S004465,환불요청
J18_S004467,환불요청
J18_S004488,환불요청
J18_S004500,배송확인
J18_S004501,환불요청
J18_S004504,환불요청
J18_S004508,배송확인
J18_S004517,배송확인
J18_S004532,환불요청
J18_S004540,환불요청
J18_S004542,배송확인
J18_S004549,환불요청
J18_S004552,배송확인
J18_S004560,환불요청
J18_S004568,배송확인
J18_S004570,배송확인
J18_S004571,배송확인
J18_S004572,배송확인
J18_S004574,환불요청
J18_S004577,배송확인
J18_S004581,배송확인
J18_S004591,배송확인
J18_S004605,환불요청
J18_S004609,배송확인
J18_S004615,환불요청
J18_S004619,환불요청
J18_S004622,배송확인
J18_S004626,환불요청
J18_S004627,배송확인
J18_S004631,배송확인
J18_S004632,환불요청
J18_S004634,환불요청
J18_S004637,환불요청
J18_S004647,배송확인
J18_S004653,배송확인
J18_S004654,환불요청
J18_S004660,배송확인
J18_S004663,환불요청
J18_S004667,배송확인
J18_S004679,배송확인
J18_S004682,배송확인
J18_S004683,배송확인
J18_S004684,환불요청
J18_S004692,환불요청
J18_S004694,배송확인
J18_S004699,배송확인
J18_S004705,배송확인
J18_S004708,환불요청
J18_S004709,배송확인
J18_S004740,배송확인
J18_S004742,배송확인
J18_S004745,배송확인
J18_S004746,배송확인
J18_S004753,환불요청
J18_S004761,환불요청
J18_S004763,배송확인
J18_S004765,배송확인
J18_S004767,배송확인
J18_S004769,환불요청
J18_S004771,배송확인
J18_S004786,배송확인
J18_S004787,환불요청
J18_S004792,환불요청
J18_S004803,배송확인
J18_S004821,환불요청
J18_S004830,배송확인
J18_S004833,환불요청
J18_S004838,환불요청
J18_S004839,배송확인
J18_S004842,환불요청
J18_S004852,환불요청
J18_S004857,배송확인
J18_S004865,환불요청
J18_S004867,환불요청
J18_S004869,환불요청
J18_S004870,배송확인
J18_S004872,배송확인
J18_S004874,배송확인
J18_S004888,환불요청
J18_S004890,배송확인
J18_S004894,배송확인
J18_S004896,환불요청
J18_S004900,환불요청
J18_S004914,환불요청
J18_S004919,배송확인
J18_S004921,배송확인
J18_S004924,배송확인
J18_S004929,환불요청
J18_S004931,배송확인
J18_S004933,배송확인
J18_S004945,배송확인
J18_S004953,환불요청
J18_S004959,환불요청
J18_S004966,배송확인
J18_S004980,배송확인
J18_S004983,배송확인
J18_S004993,환불요청
J18_S005004,배송확인
J18_S005013,배송확인
J18_S005017,배송확인
J18_S005020,환불요청
J18_S005025,환불요청
J18_S005029,배송확인
J18_S005032,배송확인
J18_S005033,환불요청
J18_S005042,배송확인
J18_S005046,배송확인
J18_S005050,환불요청
J18_S005053,배송확인
J18_S005062,환불요청
J18_S005064,환불요청
J18_S005073,배송확인
J18_S005077,배송확인
J18_S005080,환불요청
J18_S005084,환불요청
J18_S005109,환불요청
J18_S005111,배송확인
J18_S005112,환불요청
J18_S005113,배송확인
J18_S005115,환불요청
J18_S005123,배송확인
J18_S005125,환불요청
J18_S005126,배송확인
J18_S005138,배송확인
J18_S005141,배송확인
J18_S005142,환불요청
J18_S005147,환불요청
J18_S005159,배송확인
J18_S005160,배송확인
J18_S005170,환불요청
J18_S005172,배송확인
J18_S005181,배송확인
J18_S005191,환불요청
J18_S005192,배송확인
J18_S005196,환불요청
J18_S005200,배송확인
J18_S005204,환불요청
J18_S005225,배송확인
J18_S005230,배송확인
J18_S005244,배송확인
J18_S005252,배송확인
J18_S005261,환불요청
J18_S005262,환불요청
J18_S005266,배송확인
J18_S005269,배송확인
J18_S005271,배송확인
J18_S005280,환불요청
J18_S005283,환불요청
J18_S005285,환불요청
J18_S005298,환불요청
J18_S005304,환불요청
J18_S005318,배송확인
J18_S005322,배송확인
J18_S005333,배송확인
J18_S005348,환불요청
J18_S005357,배송확인
J18_S005372,배송확인
J18_S005374,배송확인
J18_S005393,환불요청
J18_S005399,배송확인
J18_S005403,배송확인
J18_S005418,환불요청
J18_S005427,배송확인
J18_S005428,환불요청
J18_S005437,환불요청
J18_S005439,배송확인
J18_S005442,배송확인
J18_S005443,배송확인
J18_S005452,배송확인
J18_S005461,배송확인
J18_S005477,배송확인
J18_S005481,배송확인
J18_S005485,배송확인
J18_S005501,환불요청
J18_S005502,배송확인
J18_S005503,환불요청
J18_S005505,배송확인
J18_S005510,배송확인
J18_S005520,배송확인
J18_S005525,배송확인
J18_S005527,환불요청
J18_S005530,배송확인
J18_S005536,환불요청
J18_S005537,환불요청
J18_S005539,환불요청
J18_S005540,환불요청
J18_S005541,환불요청
J18_S005544,배송확인
J18_S005551,환불요청
J18_S005552,환불요청
J18_S005553,환불요청
J18_S005554,배송확인
J18_S005560,배송확인
J18_S005571,배송확인
J18_S005573,환불요청
J18_S005579,배송확인
J18_S005580,배송확인
J18_S005582,환불요청
J18_S005588,배송확인
J18_S005609,배송확인
J18_S005616,배송확인
J18_S005620,배송확인
J18_S005621,환불요청
J18_S005623,환불요청
J18_S005633,환불요청
J18_S005635,배송확인
J18_S005637,배송확인
J18_S005640,환불요청
J18_S005642,환불요청
J18_S005643,배송확인
J18_S005646,환불요청
J18_S005647,환불요청
J18_S005654,환불요청
J18_S005655,배송확인
J18_S005660,배송확인
J18_S005668,환불요청
J18_S005676,환불요청
J18_S005681,환불요청
J18_S005691,환불요청
J18_S005695,환불요청
J18_S005703,환불요청
J18_S005705,환불요청
J18_S005711,환불요청
J18_S005719,환불요청
J18_S005728,환불요청
J18_S005735,배송확인
J18_S005737,배송확인
J18_S005740,배송확인
J18_S005741,환불요청
J18_S005751,배송확인
J18_S005755,배송확인
J18_S005757,환불요청
J18_S005764,환불요청
J18_S005766,환불요청
J18_S005768,배송확인
J18_S005778,배송확인
J18_S005783,환불요청
J18_S005786,배송확인
J18_S005803,배송확인
J18_S005804,배송확인
J18_S005807,환불요청
J18_S005821,배송확인
J18_S005824,배송확인
J18_S005835,배송확인
J18_S005837,배송확인
J18_S005840,환불요청
J18_S005860,환불요청
J18_S005876,환불요청
J18_S005881,배송확인
J18_S005886,환불요청
J18_S005887,배송확인
J18_S005897,환불요청
J18_S005906,환불요청
J18_S005914,환불요청
J18_S005916,환불요청
J18_S005923,배송확인
J18_S005927,배송확인
J18_S005929,배송확인
J18_S005939,배송확인
J18_S005948,환불요청
J18_S005950,배송확인
J18_S005963,환불요청
J18_S005973,환불요청
J18_S005974,배송확인
J18_S005976,배송확인
J18_S005978,배송확인
J18_S005983,배송확인
J18_S005988,환불요청
J18_S005990,배송확인
J18_S005997,배송확인
J18_S005999,환불요청
J18_S006002,환불요청
J18_S006003,배송확인
J18_S006004,배송확인
J18_S006012,환불요청
J18_S006013,배송확인
J18_S006026,환불요청
J18_S006031,환불요청
J18_S006032,환불요청
J18_S006034,배송확인
J18_S006037,환불요청
J18_S006044,배송확인
J18_S006045,환불요청
J18_S006058,배송확인
J18_S006070,배송확인
J18_S006075,배송확인
J18_S006082,배송확인
J18_S006088,배송확인
J18_S006094,환불요청
J18_S006095,배송확인
J18_S006099,환불요청
J18_S006100,환불요청
J18_S006104,배송확인
J18_S006105,환불요청
J18_S006113,배송확인
J18_S006115,환불요청
J18_S006116,배송확인
J18_S006117,환불요청
J18_S006122,환불요청
J18_S006125,환불요청
J18_S006130,배송확인
J18_S006136,배송확인
J18_S006139,환불요청
J18_S006145,배송확인
J18_S006153,배송확인
J18_S006157,환불요청
J18_S006159,환불요청
J18_S006162,환불요청
J18_S006166,환불요청
J18_S006167,환불요청
J18_S006175,환불요청
J18_S006176,환불요청
J18_S006177,배송확인
J18_S006179,배송확인
J18_S006180,배송확인
J18_S006181,배송확인
J18_S006182,환불요청
J18_S006189,배송확인
J18_S006192,배송확인
J18_S006194,환불요청
J18_S006198,환불요청
J18_S006215,배송확인
J18_S006220,배송확인
J18_S006224,배송확인
J18_S006229,배송확인
J18_S006231,환불요청
J18_S006239,배송확인
J18_S006243,배송확인
J18_S006247,환불요청
J18_S006255,배송확인
J18_S006261,배송확인
J18_S006264,환불요청
J18_S006267,배송확인
J18_S006270,환불요청
J18_S006271,환불요청
J18_S006274,배송확인
J18_S006287,환불요청
J18_S006303,환불요청
J18_S006305,환불요청
J18_S006307,배송확인
J18_S006308,배송확인
J18_S006317,환불요청
J18_S006319,배송확인
J18_S006324,환불요청
J18_S006327,환불요청
J18_S006328,환불요청
J18_S006333,배송확인
J18_S006335,배송확인
J18_S006348,환불요청
J18_S006357,환불요청
J18_S006358,환불요청
J18_S006361,환불요청
J18_S006376,배송확인
J18_S006390,배송확인
J18_S006394,환불요청
J18_S006402,배송확인
J18_S006409,배송확인
J18_S006411,배송확인
J18_S006416,환불요청
J18_S006424,환불요청
J18_S006427,환불요청
J18_S006431,환불요청
J18_S006434,환불요청
J18_S006453,환불요청
J18_S006455,배송확인
J18_S006456,환불요청
J18_S006463,환불요청
J18_S006465,배송확인
J18_S006474,환불요청
J18_S006477,환불요청
J18_S006479,환불요청
J18_S006484,환불요청
J18_S006489,환불요청
J18_S006495,환불요청
J18_S006497,환불요청
J18_S006502,환불요청
J18_S006508,환불요청
J18_S006515,배송확인
J18_S006521,배송확인
J18_S006522,환불요청
J18_S006529,환불요청
J18_S006541,배송확인
J18_S006542,배송확인
J18_S006544,배송확인
J18_S006546,환불요청
J18_S006550,배송확인
J18_S006551,배송확인
J18_S006559,배송확인
J18_S006562,환불요청
J18_S006564,환불요청
J18_S006571,배송확인
J18_S006575,환불요청
J18_S006582,배송확인
J18_S006585,환불요청
J18_S006588,환불요청
J18_S006589,환불요청
J18_S006594,배송확인
J18_S006599,배송확인
J18_S006602,환불요청
J18_S006607,환불요청
J18_S006614,환불요청
J18_S006622,배송확인
J18_S006623,환불요청
J18_S006630,환불요청
J18_S006631,환불요청
J18_S006637,환불요청
J18_S006660,환불요청
J18_S006662,환불요청
J18_S006664,배송확인
J18_S006668,환불요청
J18_S006673,환불요청
J18_S006676,환불요청
J18_S006679,환불요청
J18_S006680,환불요청
J18_S006683,환불요청
J18_S006686,환불요청
J18_S006690,배송확인
J18_S006703,배송확인
J18_S006705,배송확인
J18_S006719,환불요청
J18_S006720,배송확인
J18_S006725,배송확인
J18_S006729,배송확인
J18_S006735,환불요청
J18_S006746,환불요청
J18_S006747,환불요청
J18_S006748,배송확인
J18_S006749,배송확인
J18_S006752,환불요청
J18_S006755,배송확인
J18_S006763,환불요청
J18_S006766,환불요청
J18_S006770,배송확인
J18_S006773,환불요청
J18_S006774,환불요청
J18_S006775,환불요청
J18_S006785,배송확인
J18_S006792,배송확인
J18_S006795,배송확인
J18_S006802,배송확인
J18_S006813,환불요청
J18_S006816,배송확인
J18_S006827,환불요청
J18_S006831,배송확인
J18_S006832,배송확인
J18_S006835,배송확인
J18_S006836,환불요청
J18_S006849,환불요청
J18_S006852,환불요청
J18_S006869,환불요청
J18_S006877,환불요청
J18_S006879,배송확인
J18_S006880,환불요청
J18_S006886,배송확인
J18_S006889,환불요청
J18_S006890,환불요청
J18_S006891,환불요청
J18_S006893,환불요청
J18_S006894,환불요청
J18_S006895,환불요청
J18_S006903,배송확인
J18_S006916,환불요청
J18_S006919,배송확인
J18_S006925,환불요청
J18_S006930,환불요청
J18_S006931,배송확인
J18_S006932,배송확인
J18_S006934,배송확인
J18_S006935,배송확인
J18_S006937,환불요청
J18_S006943,환불요청
J18_S006953,환불요청
J18_S006957,배송확인
J18_S006972,배송확인
J18_S006980,환불요청
J18_S006983,환불요청
J18_S006985,환불요청
J18_S006994,환불요청
J18_S006997,배송확인
J18_S007002,환불요청
J18_S007004,배송확인
J18_S007007,환불요청
J18_S007008,환불요청
J18_S007010,배송확인
J18_S007014,배송확인
J18_S007022,환불요청
J18_S007023,환불요청
J18_S007035,환불요청
J18_S007037,배송확인
J18_S007042,환불요청
J18_S007043,환불요청
J18_S007044,환불요청
J18_S007047,배송확인
J18_S007054,환불요청
J18_S007061,환불요청
J18_S007065,배송확인
J18_S007066,배송확인
J18_S007070,환불요청
J18_S007074,배송확인
J18_S007081,환불요청
J18_S007099,배송확인
J18_S007106,환불요청
J18_S007111,환불요청
J18_S007117,환불요청
J18_S007118,환불요청
J18_S007125,환불요청
J18_S007138,환불요청
J18_S007140,배송확인
J18_S007156,환불요청
J18_S007173,환불요청
J18_S007178,환불요청
J18_S007187,환불요청
J18_S007188,배송확인
J18_S007205,환불요청
J18_S007207,환불요청
J18_S007217,배송확인
J18_S007226,환불요청
J18_S007228,환불요청
J18_S007231,환불요청
J18_S007242,환불요청
J18_S007246,환불요청
J18_S007259,배송확인
J18_S007260,배송확인
J18_S007270,환불요청
J18_S007278,배송확인
J18_S007289,환불요청
J18_S007290,배송확인
J18_S007292,배송확인
J18_S007297,환불요청
J18_S007308,환불요청
J18_S007311,환불요청
J18_S007313,배송확인
J18_S007314,환불요청
J18_S007318,배송확인
J18_S007319,배송확인
J18_S007323,배송확인
J18_S007331,환불요청
J18_S007342,환불요청
J18_S007348,배송확인
J18_S007356,환불요청
J18_S007360,환불요청
J18_S007362,환불요청
J18_S007363,환불요청
J18_S007367,환불요청
J18_S007369,환불요청
J18_S007376,환불요청
J18_S007378,환불요청
J18_S007393,배송확인
J18_S007394,배송확인
J18_S007403,배송확인
J18_S007405,환불요청
J18_S007412,배송확인
J18_S007414,환불요청
J18_S007428,환불요청
J18_S007432,환불요청
J18_S007433,환불요청
J18_S007438,환불요청
J18_S007441,환불요청
J18_S007444,배송확인
J18_S007456,배송확인
J18_S007460,배송확인
J18_S007468,환불요청
J18_S007475,환불요청
J18_S007477,환불요청
J18_S007489,환불요청
J18_S007495,환불요청
J18_S007507,환불요청
J18_S007521,배송확인
J18_S007522,배송확인
J18_S007534,배송확인
J18_S007538,배송확인
J18_S007540,환불요청
J18_S007546,배송확인
J18_S007584,환불요청
J18_S007594,환불요청
J18_S007601,배송확인
J18_S007603,환불요청
J18_S007605,환불요청
J18_S007629,배송확인
J18_S007635,환불요청
J18_S007639,환불요청
J18_S007640,배송확인
J18_S007641,환불요청
J18_S007658,환불요청
J18_S007660,환불요청
J18_S007661,환불요청
J18_S007663,환불요청
J18_S007664,배송확인
J18_S007673,환불요청
J18_S007677,배송확인
J18_S007679,환불요청
J18_S007684,환불요청
J18_S007686,배송확인
J18_S007688,배송확인
J18_S007695,환불요청
J18_S007696,배송확인
J18_S007703,배송확인
J18_S007706,배송확인
J18_S007712,배송확인
J18_S007723,환불요청
J18_S007727,배송확인
J18_S007730,환불요청
J18_S007742,환불요청
J18_S007744,환불요청
J18_S007746,환불요청
J18_S007749,환불요청
J18_S007768,환불요청
J18_S007769,환불요청
J18_S007770,환불요청
J18_S007771,배송확인
J18_S007775,환불요청
J18_S007777,배송확인
J18_S007786,배송확인
J18_S007800,배송확인
J18_S007810,환불요청
J18_S007811,환불요청
J18_S007813,환불요청
J18_S007816,환불요청
J18_S007817,환불요청
J18_S007829,환불요청
J18_S007831,환불요청
J18_S007846,환불요청
J18_S007848,환불요청
J18_S007849,배송확인
J18_S007858,환불요청
J18_S007877,환불요청
J18_S007883,배송확인
J18_S007886,환불요청
J18_S007890,환불요청
J18_S007893,환불요청
J18_S007908,환불요청
J18_S007914,환불요청
J18_S007923,환불요청
J18_S007933,배송확인
J18_S007936,환불요청
J18_S007945,배송확인
J18_S007955,환불요청
J18_S007959,환불요청
J18_S007969,환불요청
J18_S007980,환불요청
J18_S007988,환불요청
J18_S008005,환불요청
J18_S008010,환불요청
J18_S008012,환불요청
J18_S008016,배송확인
J18_S008020,배송확인
J18_S008031,배송확인
J18_S008036,배송확인
J18_S008043,환불요청
J18_S008046,배송확인
J18_S008054,배송확인
J18_S008057,배송확인
J18_S008072,환불요청
J18_S008087,환불요청
J18_S008088,배송확인
J18_S008089,배송확인
J18_S008104,배송확인
J18_S008109,배송확인
J18_S008113,환불요청
J18_S008114,환불요청
J18_S008115,환불요청
J18_S008117,환불요청
J18_S008118,환불요청
J18_S008121,환불요청
J18_S008127,환불요청
J18_S008152,환불요청
J18_S008153,배송확인
J18_S008162,배송확인
J18_S008165,환불요청
J18_S008166,배송확인
J18_S008167,환불요청
J18_S008182,환불요청
J18_S008187,환불요청
J18_S008196,배송확인
J18_S008206,배송확인
J18_S008212,환불요청
J18_S008215,배송확인
J18_S008223,환불요청
J18_S008232,환불요청
J18_S008234,환불요청
J18_S008235,환불요청
J18_S008236,환불요청
J18_S008237,배송확인
J18_S008241,환불요청
J18_S008249,환불요청
J18_S008261,배송확인
J18_S008265,환불요청
J18_S008267,배송확인
J18_S008268,배송확인
J18_S008271,배송확인
J18_S008275,배송확인
J18_S008287,환불요청
J18_S008288,배송확인
J18_S008300,배송확인
J18_S008302,배송확인
J18_S008304,환불요청
J18_S008305,배송확인
J18_S008307,환불요청
J18_S008315,환불요청
J18_S008317,환불요청
J18_S008318,환불요청
J18_S008324,배송확인
J18_S008327,환불요청
J18_S008346,환불요청
J18_S008352,환불요청
J18_S008353,배송확인
J18_S008355,배송확인
J18_S008362,환불요청
J18_S008379,환불요청
J18_S008389,환불요청
J18_S008391,배송확인
J18_S008400,배송확인
J18_S008403,환불요청
J18_S008406,환불요청
J18_S008409,배송확인
J18_S008410,배송확인
J18_S008414,환불요청
J18_S008420,환불요청
J18_S008421,환불요청
J18_S008423,배송확인
J18_S008429,환불요청
J18_S008441,배송확인
J18_S008442,환불요청
J18_S008448,환불요청
J18_S008459,배송확인
J18_S008471,환불요청
J18_S008473,환불요청
J18_S008475,환불요청
J18_S008480,배송확인
J18_S008482,환불요청
J18_S008483,환불요청
J18_S008488,환불요청
J18_S008490,환불요청
J18_S008491,환불요청
J18_S008492,배송확인
J18_S008494,배송확인
J18_S008522,환불요청
J18_S008527,환불요청
J18_S008532,배송확인
J18_S008537,배송확인
J18_S008540,환불요청
J18_S008545,배송확인
J18_S008546,배송확인
J18_S008559,환불요청
J18_S008562,환불요청
J18_S008564,배송확인
J18_S008569,배송확인
J18_S008578,환불요청
J18_S008581,환불요청
J18_S008584,환불요청
J18_S008591,환불요청
J18_S008592,환불요청
J18_S008597,환불요청
J18_S008605,환불요청
J18_S008618,환불요청
J18_S008634,환불요청
J18_S008639,배송확인
J18_S008640,환불요청
J18_S008643,환불요청
J18_S008646,환불요청
J18_S008651,배송확인
J18_S008656,환불요청
J18_S008668,환불요청
J18_S008670,배송확인
J18_S008678,배송확인
J18_S008700,배송확인
J18_S008731,배송확인
J18_S008742,배송확인
J18_S008751,배송확인
J18_S008759,배송확인
J18_S008760,환불요청
J18_S008762,배송확인
J18_S008765,환불요청
J18_S008776,환불요청
J18_S008779,배송확인
J18_S008782,환불요청
J18_S008786,환불요청
J18_S008787,환불요청
J18_S008794,환불요청
J18_S008795,배송확인
J18_S008808,환불요청
J18_S008810,환불요청
J18_S008815,배송확인
J18_S008816,환불요청
J18_S008817,환불요청
J18_S008823,환불요청
J18_S008828,환불요청
J18_S008836,배송확인
J18_S008838,환불요청
J18_S008839,환불요청
J18_S008840,환불요청
J18_S008844,환불요청
J18_S008848,배송확인
J18_S008850,배송확인
J18_S008854,환불요청
J18_S008863,배송확인
J18_S008867,배송확인
J18_S008869,배송확인
J18_S008880,배송확인
J18_S008888,환불요청
J18_S008891,배송확인
J18_S008896,환불요청
J18_S008900,환불요청
J18_S008903,배송확인
J18_S008905,환불요청
J18_S008906,배송확인
J18_S008914,배송확인
J18_S008919,배송확인
J18_S008921,환불요청
J18_S008930,배송확인
J18_S008949,배송확인
J18_S008953,환불요청
J18_S008955,배송확인
J18_S008960,환불요청
J18_S008975,배송확인
J18_S008986,배송확인
J18_S008996,배송확인
J18_S009017,배송확인
J18_S009020,배송확인
J18_S009042,환불요청
J18_S009044,배송확인
J18_S009047,배송확인
J18_S009048,환불요청
J18_S009053,배송확인
J18_S009066,환불요청
J18_S009069,배송확인
J18_S009086,환불요청
J18_S009091,배송확인
J18_S009100,환불요청
J18_S009112,환불요청
J18_S009125,환불요청
J18_S009138,배송확인
J18_S009143,환불요청
J18_S009144,배송확인
J18_S009149,환불요청
J18_S009150,환불요청
J18_S009158,환불요청
J18_S009163,환불요청
J18_S009169,배송확인
J18_S009173,배송확인
J18_S009176,환불요청
J18_S009181,배송확인
J18_S009183,환불요청
J18_S009188,환불요청
J18_S009193,환불요청
J18_S009195,배송확인
J18_S009199,배송확인
J18_S009201,배송확인
J18_S009208,배송확인
J18_S009211,배송확인
J18_S009219,환불요청
J18_S009224,환불요청
J18_S009228,배송확인
J18_S009231,환불요청
J18_S009245,배송확인
J18_S009247,배송확인
J18_S009253,환불요청
J18_S009255,환불요청
J18_S009256,환불요청
J18_S009259,배송확인
J18_S009267,배송확인
J18_S009273,배송확인
J18_S009278,환불요청
J18_S009279,환불요청
J18_S009282,환불요청
J18_S009284,환불요청
J18_S009292,환불요청
J18_S009296,환불요청
J18_S009325,배송확인
J18_S009336,배송확인
J18_S009340,배송확인
J18_S009346,배송확인
J18_S009352,환불요청
J18_S009357,배송확인
J18_S009368,환불요청
J18_S009373,환불요청
J18_S009377,환불요청
J18_S009387,환불요청
J18_S009388,환불요청
J18_S009389,환불요청
J18_S009396,배송확인
J18_S009398,배송확인
J18_S009404,배송확인
J18_S009410,배송확인
J18_S009411,환불요청
J18_S009412,환불요청
J18_S009418,환불요청
J18_S009425,배송확인
J18_S009433,환불요청
J18_S009441,배송확인
J18_S009443,환불요청
J18_S009447,환불요청
J18_S009458,환불요청
J18_S009460,환불요청
J18_S009467,환불요청
J18_S009468,배송확인
J18_S009471,환불요청
J18_S009474,환불요청
J18_S009477,배송확인
J18_S009480,배송확인
J18_S009487,배송확인
J18_S009489,배송확인
J18_S009495,배송확인
J18_S009506,배송확인
J18_S009517,배송확인
J18_S009531,배송확인
J18_S009536,환불요청
J18_S009541,배송확인
J18_S009549,환불요청
J18_S009553,배송확인
J18_S009555,환불요청
J18_S009562,배송확인
J18_S009567,환불요청
J18_S009577,환불요청
J18_S009581,환불요청
J18_S009593,환불요청
J18_S009596,환불요청
J18_S009609,배송확인
J18_S009610,환불요청
J18_S009631,배송확인
J18_S009633,환불요청
J18_S009636,환불요청
J18_S009637,환불요청
J18_S009641,환불요청
J18_S009661,배송확인
J18_S009667,환불요청
J18_S009684,환불요청
J18_S009695,환불요청
J18_S009698,환불요청
J18_S009699,환불요청
J18_S009703,배송확인
J18_S009711,환불요청
J18_S009712,환불요청
J18_S009721,환불요청
J18_S009722,환불요청
J18_S009725,환불요청
J18_S009727,환불요청
J18_S009758,환불요청
J18_S009760,환불요청
J18_S009761,배송확인
J18_S009762,배송확인
J18_S009763,환불요청
J18_S009765,환불요청
J18_S009770,환불요청
J18_S009776,배송확인
J18_S009779,배송확인
J18_S009781,환불요청
J18_S009787,환불요청
J18_S009796,환불요청
J18_S009797,환불요청
J18_S009810,배송확인
J18_S009818,배송확인
J18_S009835,환불요청
J18_S009845,배송확인
J18_S009861,환불요청
J18_S009866,배송확인
J18_S009868,환불요청
J18_S009869,환불요청
J18_S009872,환불요청
J18_S009884,환불요청
J18_S009886,환불요청
J18_S009890,환불요청
J18_S009893,환불요청
J18_S009894,환불요청
J18_S009902,환불요청
J18_S009913,환불요청
J18_S009917,배송확인
J18_S009921,배송확인
J18_S009925,환불요청
J18_S009929,환불요청
J18_S009935,환불요청
J18_S009940,환불요청
J18_S009943,환불요청
J18_S009945,환불요청
J18_S009953,배송확인
J18_S009955,환불요청
J18_S009957,환불요청
J18_S009959,환불요청
J18_S009973,배송확인
J18_S009982,배송확인
J18_S009984,배송확인
J18_S009985,환불요청
J18_S009987,배송확인
J18_S009989,배송확인
J18_S009991,환불요청
J18_S009994,배송확인
J18_S010009,환불요청
J18_S010014,배송확인
J18_S010021,환불요청
J18_S010024,환불요청
J18_S010028,배송확인
J18_S010040,배송확인
J18_S010042,배송확인
J18_S010046,배송확인
J18_S010047,배송확인
J18_S010052,환불요청
J18_S010054,배송확인
J18_S010055,배송확인
J18_S010056,배송확인
J18_S010057,배송확인
J18_S010063,배송확인
J18_S010068,환불요청
J18_S010070,배송확인
J18_S010084,환불요청
J18_S010087,환불요청
J18_S010089,환불요청
J18_S010099,환불요청
J18_S010106,환불요청
J18_S010109,환불요청
J18_S010111,환불요청
J18_S010113,배송확인
J18_S010133,배송확인
J18_S010136,환불요청
J18_S010146,배송확인
J18_S010150,배송확인
J18_S010160,환불요청
J18_S010161,환불요청
J18_S010162,배송확인
J18_S010176,환불요청
J18_S010179,환불요청
J18_S010184,배송확인
J18_S010188,배송확인
J18_S010201,배송확인
J18_S010208,환불요청
J18_S010210,배송확인
J18_S010211,환불요청
J18_S010212,배송확인
J18_S010228,배송확인
J18_S010229,환불요청
J18_S010232,배송확인
J18_S010237,배송확인
J18_S010238,배송확인
J18_S010239,배송확인
J18_S010241,배송확인
J18_S010242,배송확인
J18_S010243,환불요청
J18_S010275,배송확인
J18_S010277,환불요청
J18_S010279,환불요청
J18_S010282,환불요청
J18_S010291,환불요청
J18_S010292,환불요청
J18_S010294,환불요청
J18_S010343,배송확인
J18_S010351,환불요청
J18_S010361,배송확인
J18_S010362,배송확인
J18_S010370,환불요청
J18_S010395,환불요청
J18_S010402,환불요청
J18_S010406,환불요청
J18_S010422,환불요청
J18_S010432,환불요청
J18_S010434,환불요청
J18_S010438,환불요청
J18_S010443,환불요청
J18_S010445,환불요청
J18_S010448,배송확인
J18_S010450,환불요청
J18_S010452,배송확인
J18_S010464,환불요청
J18_S010467,환불요청
J18_S010469,환불요청
J18_S010472,배송확인
J18_S010473,배송확인
J18_S010475,환불요청
J18_S010479,배송확인
J18_S010483,환불요청
J18_S010488,배송확인
J18_S010490,환불요청
J18_S010495,배송확인
J18_S010504,환불요청
J18_S010516,환불요청
J18_S010524,배송확인
J18_S010528,환불요청
J18_S010533,환불요청
J18_S010544,배송확인
J18_S010560,환불요청
J18_S010568,배송확인
J18_S010571,환불요청
J18_S010575,환불요청
J18_S010590,환불요청
J18_S010594,배송확인
J18_S010595,배송확인
J18_S010604,배송확인
J18_S010607,환불요청
J18_S010611,환불요청
J18_S010612,배송확인
J18_S010615,배송확인
J18_S010616,환불요청
J18_S010617,환불요청
J18_S010634,배송확인
J18_S010637,배송확인
J18_S010639,배송확인
J18_S010641,환불요청
J18_S010643,환불요청
J18_S010644,배송확인
J18_S010645,환불요청
J18_S010647,환불요청
J18_S010649,환불요청
J18_S010651,배송확인
J18_S010655,환불요청
J18_S010660,배송확인
J18_S010664,환불요청
J18_S010679,배송확인
J18_S010687,배송확인
J18_S010689,배송확인
J18_S010693,환불요청
J18_S010694,환불요청
J18_S010696,배송확인
J18_S010700,배송확인
J18_S010703,배송확인
J18_S010708,환불요청
J18_S010711,환불요청
J18_S010712,환불요청
J18_S010713,환불요청
J18_S010714,배송확인
J18_S010722,배송확인
J18_S010723,환불요청
J18_S010724,환불요청
J18_S010727,배송확인
J18_S010732,배송확인
J18_S010744,환불요청
J18_S010748,배송확인
J18_S010749,환불요청
J18_S010751,환불요청
J18_S010759,배송확인
J18_S010761,배송확인
J18_S010766,환불요청
J18_S010788,환불요청
J18_S010790,환불요청
J18_S010795,환불요청
J18_S010801,환불요청
J18_S010807,환불요청
J18_S010809,환불요청
J18_S010810,환불요청
J18_S010812,배송확인
J18_S010821,배송확인
J18_S010833,환불요청
J18_S010834,환불요청
J18_S010839,배송확인
J18_S010840,환불요청
J18_S010846,배송확인
J18_S010857,환불요청
J18_S010869,환불요청
J18_S010874,환불요청
J18_S010895,배송확인
J18_S010896,환불요청
J18_S010903,배송확인
J18_S010917,환불요청
J18_S010920,환불요청
J18_S010922,배송확인
J18_S010925,환불요청
J18_S010926,환불요청
J18_S010930,환불요청
J18_S010931,환불요청
J18_S010933,배송확인
J18_S010937,배송확인
J18_S010939,배송확인
J18_S010946,배송확인
J18_S010951,배송확인
J18_S010960,환불요청
J18_S010962,환불요청
J18_S010964,배송확인
J18_S010966,환불요청
J18_S010973,배송확인
J18_S010983,환불요청
J18_S011002,환불요청
J18_S011005,환불요청
J18_S011010,환불요청
J18_S011012,배송확인
J18_S011025,환불요청
J18_S011026,배송확인
J18_S011031,배송확인
J18_S011032,환불요청
J18_S011035,배송확인
J18_S011040,환불요청
J18_S011042,환불요청
J18_S011046,환불요청
J18_S011047,환불요청
J18_S011049,배송확인
J18_S011053,배송확인
J18_S011055,환불요청
J18_S011071,환불요청
J18_S011090,환불요청
J18_S011095,환불요청
J18_S011115,환불요청
J18_S011118,환불요청
J18_S011124,환불요청
J18_S011128,환불요청
J18_S011130,배송확인
J18_S011139,환불요청
J18_S011143,환불요청
J18_S011145,배송확인
J18_S011155,배송확인
J18_S011158,환불요청
J18_S011161,배송확인
J18_S011163,배송확인
J18_S011165,배송확인
J18_S011168,배송확인
J18_S011173,환불요청
J18_S011177,환불요청
J18_S011189,배송확인
J18_S011193,환불요청
J18_S011215,환불요청
J18_S011217,배송확인
J18_S011220,환불요청
J18_S011221,배송확인
J18_S011225,배송확인
J18_S011227,환불요청
J18_S011229,배송확인
J18_S011232,배송확인
J18_S011236,환불요청
J18_S011242,환불요청
J18_S011247,환불요청
J18_S011248,배송확인
J18_S011250,배송확인
J18_S011253,배송확인
J18_S011261,환불요청
J18_S011266,환불요청
J18_S011278,환불요청
J18_S011280,배송확인
J18_S011281,배송확인
J18_S011285,환불요청
J18_S011294,배송확인
J18_S011298,배송확인
J18_S011306,환불요청
J18_S011312,배송확인
J18_S011322,배송확인
J18_S011331,환불요청
J18_S011334,환불요청
J18_S011343,배송확인
J18_S011344,배송확인
J18_S011349,환불요청
J18_S011353,배송확인
J18_S011354,배송확인
J18_S011363,환불요청
J18_S011365,배송확인
J18_S011375,환불요청
J18_S011378,배송확인
J18_S011383,환불요청
J18_S011392,환불요청
J18_S011393,배송확인
J18_S011395,배송확인
J18_S011396,배송확인
J18_S011400,환불요청
J18_S011404,환불요청
J18_S011407,배송확인
J18_S011408,환불요청
J18_S011409,환불요청
J18_S011412,배송확인
J18_S011431,환불요청
J18_S011437,환불요청
J18_S011438,배송확인
J18_S011448,배송확인
J18_S011461,환불요청
J18_S011466,환불요청
J18_S011467,배송확인
J18_S011468,배송확인
J18_S011469,배송확인
J18_S011477,환불요청
J18_S011491,배송확인
J18_S011498,환불요청
J18_S011499,배송확인
J18_S011504,환불요청
J18_S011505,환불요청
J18_S011558,배송확인
J18_S011563,배송확인
J18_S011567,환불요청
J18_S011570,배송확인
J18_S011571,배송확인
J18_S011578,환불요청
J18_S011596,배송확인
J18_S011598,환불요청
J18_S011608,배송확인
J18_S011636,배송확인
J18_S011656,배송확인
J18_S011660,환불요청
J18_S011675,배송확인
J18_S011685,배송확인
J18_S011696,환불요청
J18_S011701,환불요청
J18_S011708,배송확인
J18_S011709,환불요청
J18_S011712,배송확인
J18_S011714,환불요청
J18_S011720,배송확인
J18_S011722,환불요청
J18_S011728,환불요청
J18_S011733,환불요청
J18_S011740,배송확인
J18_S011745,배송확인
J18_S011751,환불요청
J18_S011753,환불요청
J18_S011754,환불요청
J18_S011755,환불요청
J18_S011768,배송확인
J18_S011769,환불요청
J18_S011770,배송확인
J18_S011773,배송확인
J18_S011787,배송확인
J18_S011803,환불요청
J18_S011809,환불요청
J18_S011821,환불요청
J18_S011825,배송확인
J18_S011829,배송확인
J18_S011832,환불요청
J18_S011834,배송확인
J18_S011836,환불요청
J18_S011838,배송확인
J18_S011839,환불요청
J18_S011845,환불요청
J18_S011848,환불요청
J18_S011852,배송확인
J18_S011855,배송확인
J18_S011873,배송확인
J18_S011877,배송확인
J18_S011879,배송확인
J18_S011890,배송확인
J18_S011891,환불요청
J18_S011898,환불요청
J18_S011902,배송확인
J18_S011903,배송확인
J18_S011904,배송확인
J18_S011905,환불요청
J18_S011915,환불요청
J18_S011919,배송확인
J18_S011922,환불요청
J18_S011926,배송확인
J18_S011937,환불요청
J18_S011946,환불요청
J18_S011953,배송확인
J18_S011954,배송확인
J18_S011957,환불요청
J18_S011958,배송확인
J18_S011960,배송확인
J18_S011961,배송확인
J18_S011963,배송확인
J18_S011976,환불요청
J18_S011980,환불요청
J18_S011985,환불요청
J18_S011992,배송확인
J18_S011993,환불요청
J18_S011998,배송확인
J18_S011999,배송확인
J18_S012004,배송확인
J18_S012007,환불요청
J18_S012015,배송확인
J18_S012016,배송확인
J18_S012017,환불요청
J18_S012021,배송확인
J18_S012031,배송확인
J18_S012036,배송확인
J18_S012040,환불요청
J18_S012046,배송확인
J18_S012050,환불요청
J18_S012053,환불요청
J18_S012064,배송확인
J18_S012069,배송확인
J18_S012074,환불요청
J18_S012076,배송확인
J18_S012079,배송확인
J18_S012081,환불요청
J18_S012082,배송확인
J18_S012086,배송확인
J18_S012094,배송확인
J18_S012095,환불요청
J18_S012096,환불요청
J18_S012100,환불요청
J18_S012101,환불요청
J18_S012112,배송확인
J18_S012113,배송확인
J18_S012115,환불요청
J18_S012122,배송확인
J18_S012126,환불요청
J18_S012128,배송확인
J18_S012130,배송확인
J18_S012136,배송확인
J18_S012137,환불요청
J18_S012139,환불요청
J18_S012140,환불요청
J18_S012148,환불요청
J18_S012150,환불요청
J18_S012152,환불요청
J18_S012158,배송확인
J18_S012160,배송확인
J18_S012161,배송확인
J18_S012177,배송확인
J18_S012180,환불요청
J18_S012189,배송확인
J18_S012191,배송확인
J18_S012193,배송확인
J18_S012195,배송확인
J18_S012234,환불요청
J18_S012241,환불요청
J18_S012247,배송확인
J18_S012250,환불요청
J18_S012251,배송확인
J18_S012254,배송확인
J18_S012257,환불요청
J18_S012262,배송확인
J18_S012263,배송확인
J18_S012264,환불요청
J18_S012268,배송확인
J18_S012269,환불요청
J18_S012272,배송확인
J18_S012277,환불요청
J18_S012285,환불요청
J18_S012286,환불요청
J18_S012287,환불요청
J18_S012288,환불요청
J18_S012294,배송확인
J18_S012308,배송확인
J18_S012309,배송확인
J18_S012312,환불요청
J18_S012320,환불요청
J18_S012321,환불요청
J18_S012328,배송확인
J18_S012330,환불요청
J18_S012331,환불요청
J18_S012339,배송확인
J18_S012344,배송확인
J18_S012350,환불요청
J18_S012363,환불요청
J18_S012364,배송확인
J18_S012367,배송확인
J18_S012369,환불요청
J18_S012370,환불요청
J18_S012373,배송확인
J18_S012379,배송확인
J18_S012382,환불요청
J18_S012383,배송확인
J18_S012389,환불요청
J18_S012391,환불요청
J18_S012393,배송확인
J18_S012398,환불요청
J18_S012401,배송확인
J18_S012403,환불요청
J18_S012406,환불요청
J18_S012409,환불요청
J18_S012413,배송확인
J18_S012417,배송확인
J18_S012420,배송확인
J18_S012425,배송확인
J18_S012428,배송확인
J18_S012431,환불요청
J18_S012433,배송확인
J18_S012441,환불요청
J18_S012448,배송확인
J18_S012449,환불요청
J18_S012458,배송확인
J18_S012459,배송확인
J18_S012467,배송확인
J18_S012469,배송확인
J18_S012478,배송확인
J18_S012483,환불요청
J18_S012500,환불요청
J18_S012503,환불요청
J18_S012511,환불요청
J18_S012514,환불요청
J18_S012520,배송확인
J18_S012524,환불요청
J18_S012530,환불요청
J18_S012538,환불요청
J18_S012542,배송확인
J18_S012543,환불요청
J18_S012558,배송확인
J18_S012561,환불요청
J18_S012572,배송확인
J18_S012573,환불요청
J18_S012578,배송확인
J18_S012580,환불요청
J18_S012583,배송확인
J18_S012589,환불요청
J18_S012590,환불요청
J18_S012597,배송확인
J18_S012599,환불요청
J18_S012601,환불요청
J18_S012605,환불요청
J18_S012609,환불요청
J18_S012613,배송확인
J18_S012622,환불요청
J18_S012635,환불요청
J18_S012644,환불요청
J18_S012656,환불요청
J18_S012658,환불요청
J18_S012659,환불요청
J18_S012661,환불요청
J18_S012663,환불요청
J18_S012672,환불요청
J18_S012673,배송확인
J18_S012683,환불요청
J18_S012703,배송확인
J18_S012713,환불요청
J18_S012715,환불요청
J18_S012717,환불요청
J18_S012721,환불요청
J18_S012725,환불요청
J18_S012727,환불요청
J18_S012731,배송확인
J18_S012733,환불요청
J18_S012746,배송확인
J18_S012758,환불요청
J18_S012763,배송확인
J18_S012767,배송확인
J18_S012768,배송확인
J18_S012781,환불요청
J18_S012784,배송확인
J18_S012785,배송확인
J18_S012789,배송확인
J18_S012796,환불요청
J18_S012807,배송확인
J18_S012808,배송확인
J18_S012819,배송확인
J18_S012823,환불요청
J18_S012824,배송확인
J18_S012832,환불요청
J18_S012833,배송확인
J18_S012836,배송확인
J18_S012844,환불요청
J18_S012848,환불요청
J18_S012860,배송확인
J18_S012863,배송확인
J18_S012866,환불요청
J18_S012871,배송확인
J18_S012888,배송확인
J18_S012892,배송확인
J18_S012899,환불요청
J18_S012902,환불요청
J18_S012904,환불요청
J18_S012909,배송확인
J18_S012917,환불요청
J18_S012919,배송확인
J18_S012920,환불요청
J18_S012925,환불요청
J18_S012943,환불요청
J18_S012946,배송확인
J18_S012954,배송확인
J18_S012956,배송확인
J18_S012971,배송확인
J18_S012972,환불요청
J18_S012980,배송확인
J18_S013000,배송확인
J18_S013002,환불요청
J18_S013016,배송확인
J18_S013020,환불요청
J18_S013027,환불요청
J18_S013038,환불요청
J18_S013039,환불요청
J18_S013040,배송확인
J18_S013043,배송확인
J18_S013048,환불요청
J18_S013049,배송확인
J18_S013051,환불요청
J18_S013053,배송확인
J18_S013054,환불요청
J18_S013056,배송확인
J18_S013058,배송확인
J18_S013059,환불요청
J18_S013062,배송확인
J18_S013072,환불요청
J18_S013081,환불요청
J18_S013082,환불요청
J18_S013083,환불요청
J18_S013085,환불요청
J18_S013094,배송확인
J18_S013096,배송확인
J18_S013100,배송확인
J18_S013107,환불요청
J18_S013112,배송확인
J18_S013114,환불요청
J18_S013125,환불요청
J18_S013127,환불요청
J18_S013128,환불요청
J18_S013131,환불요청
J18_S013136,환불요청
J18_S013140,환불요청
J18_S013147,환불요청
J18_S013149,환불요청
J18_S013157,배송확인
J18_S013158,배송확인
J18_S013160,환불요청
J18_S013161,배송확인
J18_S013162,환불요청
J18_S013179,환불요청
J18_S013186,배송확인
J18_S013187,배송확인
J18_S013189,환불요청
J18_S013198,환불요청
J18_S013216,배송확인
J18_S013230,환불요청
J18_S013234,환불요청
J18_S013238,환불요청
J18_S013245,환불요청
J18_S013247,환불요청
J18_S013267,환불요청
J18_S013268,환불요청
J18_S013273,환불요청
J18_S013279,배송확인
J18_S013283,환불요청
J18_S013293,환불요청
J18_S013296,환불요청
J18_S013298,배송확인
J18_S013302,배송확인
J18_S013307,환불요청
J18_S013314,환불요청
J18_S013316,환불요청
J18_S013330,환불요청
J18_S013331,배송확인
J18_S013334,환불요청
J18_S013337,환불요청
J18_S013339,배송확인
J18_S013351,환불요청
J18_S013356,환불요청
J18_S013357,배송확인
J18_S013360,환불요청
J18_S013363,환불요청
J18_S013371,배송확인
J18_S013377,환불요청
J18_S013385,환불요청
J18_S013386,환불요청
J18_S013388,환불요청
J18_S013390,환불요청
J18_S013403,환불요청
J18_S013404,환불요청
J18_S013409,환불요청
J18_S013415,환불요청
J18_S013426,환불요청
J18_S013436,환불요청
J18_S013437,배송확인
J18_S013440,배송확인
J18_S013441,환불요청
J18_S013446,배송확인
J18_S013451,환불요청
J18_S013454,배송확인
J18_S013456,환불요청
J18_S013461,환불요청
J18_S013479,배송확인
J18_S013492,배송확인
J18_S013498,환불요청
J18_S013500,환불요청
J18_S013504,환불요청
J18_S013506,배송확인
J18_S013509,환불요청
J18_S013516,환불요청
J18_S013538,배송확인
J18_S013555,환불요청
J18_S013559,배송확인
J18_S013564,배송확인
J18_S013572,환불요청
J18_S013575,배송확인
J18_S013583,환불요청
J18_S013585,환불요청
J18_S013586,배송확인
J18_S013587,환불요청
J18_S013592,배송확인
J18_S013594,환불요청
J18_S013596,환불요청
J18_S013601,환불요청
J18_S013603,환불요청
J18_S013609,배송확인
J18_S013619,환불요청
J18_S013623,배송확인
J18_S013624,환불요청
J18_S013626,환불요청
J18_S013634,배송확인
J18_S013640,환불요청
J18_S013660,환불요청
J18_S013668,환불요청
J18_S013683,배송확인
J18_S013684,환불요청
J18_S013685,배송확인
J18_S013688,환불요청
J18_S013701,환불요청
J18_S013703,환불요청
J18_S013707,배송확인
J18_S013710,환불요청
J18_S013716,배송확인
J18_S013721,환불요청
J18_S013724,환불요청
J18_S013741,환불요청
J18_S013746,환불요청
J18_S013754,환불요청
J18_S013756,환불요청
J18_S013762,배송확인
J18_S013771,배송확인
J18_S013779,환불요청
J18_S013789,배송확인
J18_S013803,환불요청
J18_S013815,환불요청
J18_S013817,환불요청
J18_S013822,환불요청
J18_S013825,환불요청
J18_S013832,환불요청
J18_S013837,환불요청
J18_S013847,환불요청
J18_S013848,환불요청
J18_S013849,배송확인
J18_S013850,환불요청
J18_S013854,환불요청
J18_S013857,환불요청
J18_S013858,환불요청
J18_S013859,환불요청
J18_S013863,배송확인
J18_S013867,배송확인
J18_S013878,환불요청
J18_S013881,환불요청
J18_S013889,환불요청
J18_S013892,환불요청
J18_S013897,환불요청
J18_S013903,환불요청
J18_S013910,환불요청
J18_S013912,배송확인
J18_S013923,환불요청
J18_S013929,환불요청
J18_S013940,환불요청
J18_S013953,배송확인
J18_S013954,배송확인
J18_S013955,환불요청
J18_S013959,배송확인
J18_S013964,배송확인
J18_S013966,환불요청
J18_S014006,환불요청
J18_S014010,환불요청
J18_S014020,배송확인
J18_S014022,환불요청
J18_S014023,환불요청
J18_S014034,환불요청
J18_S014050,환불요청
J18_S014054,배송확인
J18_S014076,환불요청
J18_S014087,환불요청
J18_S014089,환불요청
J18_S014095,배송확인
J18_S014100,배송확인
J18_S014101,환불요청
J18_S014104,배송확인
J18_S014107,환불요청
J18_S014109,배송확인
J18_S014112,배송확인
J18_S014114,환불요청
J18_S014116,배송확인
J18_S014118,환불요청
J18_S014119,환불요청
J18_S014131,환불요청
J18_S014138,배송확인
J18_S014139,환불요청
J18_S014145,배송확인
J18_S014147,환불요청
J18_S014149,환불요청
J18_S014155,환불요청
J18_S014157,환불요청
J18_S014160,환불요청
J18_S014169,환불요청
J18_S014172,배송확인
J18_S014174,환불요청
J18_S014181,환불요청
J18_S014185,환불요청
J18_S014192,환불요청
J18_S014201,환불요청
J18_S014214,환불요청
J18_S014218,환불요청
J18_S014220,배송확인
J18_S014225,환불요청
J18_S014231,배송확인
J18_S014233,환불요청
J18_S014243,배송확인
J18_S014245,환불요청
J18_S014250,환불요청
J18_S014252,환불요청
J18_S014253,환불요청
J18_S014264,환불요청
J18_S014278,환불요청
J18_S014284,배송확인
J18_S014292,배송확인
J18_S014309,환불요청
J18_S014310,배송확인
J18_S014312,환불요청
J18_S014313,환불요청
J18_S014314,환불요청
J18_S014316,배송확인
J18_S014318,환불요청
J18_S014319,환불요청
J18_S014320,환불요청
J18_S014335,환불요청
J18_S014339,환불요청
J18_S014342,배송확인
J18_S014343,환불요청
J18_S014346,환불요청
J18_S014348,환불요청
J18_S014350,배송확인
J18_S014364,배송확인
J18_S014365,환불요청
J18_S014366,배송확인
J18_S014367,환불요청
J18_S014372,환불요청
J18_S014374,환불요청
J18_S014386,환불요청
J18_S014387,배송확인
J18_S014389,환불요청
J18_S014398,배송확인
J18_S014403,환불요청
J18_S014404,환불요청
J18_S014406,배송확인
J18_S014409,환불요청
J18_S014413,배송확인
J18_S014416,환불요청
J18_S014420,환불요청
J18_S014424,환불요청
J18_S014425,환불요청
J18_S014428,환불요청
J18_S014435,환불요청
J18_S014438,환불요청
J18_S014445,환불요청
J18_S014448,배송확인
J18_S014458,환불요청
J18_S014467,환불요청
J18_S014488,환불요청
J18_S014505,환불요청
J18_S014511,환불요청
J18_S014519,배송확인
J18_S014524,배송확인
J18_S014529,환불요청
J18_S014532,배송확인
J18_S014538,환불요청
J18_S014542,환불요청
J18_S014553,배송확인
J18_S014559,환불요청
J18_S014564,환불요청
J18_S014579,환불요청
J18_S014582,배송확인
J18_S014583,환불요청
J18_S014587,환불요청
J18_S014589,배송확인
J18_S014591,배송확인
J18_S014598,환불요청
J18_S014599,환불요청
J18_S014605,환불요청
J18_S014606,환불요청
J18_S014611,환불요청
J18_S014613,환불요청
J18_S014614,환불요청
J18_S014615,환불요청
J18_S014627,배송확인
J18_S014628,배송확인
J18_S014633,배송확인
J18_S014639,환불요청
J18_S014641,환불요청
J18_S014649,환불요청
J18_S014655,배송확인
J18_S014663,배송확인
J18_S014672,배송확인
J18_S014675,환불요청
J18_S014681,환불요청
J18_S014683,배송확인
J18_S014684,환불요청
J18_S014694,배송확인
J18_S014702,환불요청
J18_S014705,환불요청
J18_S014712,배송확인
J18_S014713,환불요청
J18_S014714,환불요청
J18_S014728,환불요청
J18_S014729,배송확인
J18_S014738,환불요청
J18_S014739,환불요청
J18_S014740,환불요청
J18_S014743,환불요청
J18_S014762,환불요청
J18_S014772,배송확인
J18_S014782,환불요청
J18_S014785,환불요청
J18_S014786,환불요청
J18_S014791,배송확인
J18_S014793,환불요청
J18_S014800,배송확인
J18_S014818,배송확인
J18_S014826,환불요청
J18_S014851,환불요청
J18_S014853,환불요청
J18_S014858,환불요청
J18_S014861,배송확인
J18_S014862,환불요청
J18_S014864,환불요청
J18_S014874,배송확인
J18_S014881,배송확인
J18_S014883,배송확인
J18_S014886,배송확인
J18_S014891,환불요청
J18_S014893,배송확인
J18_S014894,환불요청
J18_S014895,환불요청
J18_S014899,배송확인
J18_S014903,환불요청
J18_S014908,환불요청
J18_S014909,배송확인
J18_S014910,환불요청
J18_S014917,환불요청
J18_S014924,환불요청
J18_S014929,환불요청
J18_S014930,환불요청
J18_S014932,배송확인
J18_S014940,환불요청
J18_S014946,환불요청
J18_S014947,배송확인
J18_S014950,배송확인
J18_S014951,배송확인
J18_S014963,환불요청
J18_S014964,환불요청
J18_S014995,환불요청
J18_S015014,환불요청
J18_S015015,배송확인
J18_S015029,배송확인
J18_S015030,환불요청
J18_S015045,환불요청
J18_S015058,환불요청
J18_S015066,배송확인
J18_S015068,배송확인
J18_S015073,배송확인
J18_S015075,배송확인
J18_S015076,환불요청
J18_S015078,배송확인
J18_S015092,배송확인
J18_S015094,배송확인
J18_S015104,환불요청
J18_S015106,환불요청
J18_S015111,환불요청
J18_S015114,환불요청
J18_S015119,배송확인
J18_S015125,환불요청
J18_S015127,환불요청
J18_S015133,배송확인
J18_S015134,환불요청
J18_S015139,배송확인
J18_S015148,환불요청
J18_S015153,환불요청
J18_S015156,배송확인
J18_S015158,배송확인
J18_S015169,배송확인
J18_S015172,환불요청
J18_S015175,배송확인
J18_S015177,배송확인
J18_S015179,환불요청
J18_S015185,환불요청
J18_S015196,환불요청
J18_S015201,환불요청
J18_S015205,배송확인
J18_S015206,환불요청
J18_S015211,배송확인
J18_S015212,환불요청
J18_S015220,환불요청
J18_S015221,배송확인
J18_S015222,환불요청
J18_S015225,환불요청
J18_S015227,환불요청
J18_S015228,환불요청
J18_S015233,환불요청
J18_S015234,환불요청
J18_S015236,배송확인
J18_S015238,환불요청
J18_S015241,환불요청
J18_S015247,배송확인
J18_S015250,배송확인
J18_S015262,배송확인
J18_S015263,환불요청
J18_S015264,환불요청
J18_S015270,배송확인
J18_S015272,환불요청
J18_S015283,환불요청
J18_S015284,배송확인
J18_S015294,환불요청
J18_S015308,배송확인
J18_S015318,배송확인
J18_S015331,환불요청
J18_S015335,환불요청
J18_S015345,배송확인
J18_S015348,환불요청
J18_S015349,배송확인
J18_S015352,환불요청
J18_S015355,배송확인
J18_S015369,환불요청
J18_S015370,환불요청
J18_S015376,환불요청
J18_S015384,환불요청
J18_S015387,배송확인
J18_S015396,환불요청
J18_S015398,배송확인
J18_S015399,환불요청
J18_S015400,환불요청
J18_S015409,환불요청
J18_S015414,배송확인
J18_S015415,환불요청
J18_S015421,배송확인
J18_S015429,배송확인
J18_S015434,환불요청
J18_S015438,환불요청
J18_S015439,환불요청
J18_S015440,배송확인
J18_S015441,배송확인
J18_S015444,환불요청
J18_S015452,배송확인
J18_S015483,환불요청
J18_S015484,환불요청
J18_S015488,환불요청
J18_S015489,배송확인
J18_S015498,환불요청
J18_S015505,환불요청
J18_S015506,환불요청
J18_S015507,배송확인
J18_S015510,배송확인
J18_S015511,환불요청
J18_S015514,환불요청
J18_S015521,환불요청
J18_S015526,배송확인
J18_S015527,배송확인
J18_S015529,환불요청
J18_S015534,환불요청
J18_S015538,배송확인
J18_S015542,배송확인
J18_S015543,환불요청
J18_S015545,환불요청
J18_S015546,배송확인
J18_S015547,환불요청
J18_S015551,환불요청
J18_S015560,환불요청
J18_S015563,환불요청
J18_S015569,환불요청
J18_S015573,환불요청
J18_S015589,환불요청
J18_S015593,환불요청
J18_S015602,배송확인
J18_S015605,환불요청
J18_S015609,배송확인
J18_S015611,배송확인
J18_S015616,배송확인
J18_S015618,환불요청
J18_S015619,배송확인
J18_S015620,배송확인
J18_S015627,환불요청
J18_S015631,환불요청
J18_S015635,환불요청
J18_S015647,환불요청
J18_S015650,배송확인
J18_S015651,환불요청
J18_S015655,환불요청
J18_S015659,환불요청
J18_S015662,환불요청
J18_S015664,환불요청
J18_S015676,배송확인
J18_S015678,환불요청
J18_S015680,환불요청
J18_S015681,배송확인
J18_S015703,배송확인
J18_S015705,환불요청
J18_S015706,배송확인
J18_S015707,환불요청
J18_S015711,배송확인
J18_S015712,환불요청
J18_S015746,배송확인
J18_S015766,환불요청
J18_S015774,배송확인
J18_S015776,환불요청
J18_S015785,배송확인
J18_S015804,환불요청
J18_S015805,환불요청
J18_S015809,환불요청
J18_S015811,배송확인
J18_S015830,환불요청
J18_S015835,배송확인
J18_S015858,배송확인
J18_S015864,배송확인
J18_S015866,배송확인
J18_S015867,환불요청
J18_S015868,환불요청
J18_S015881,배송확인
J18_S015894,환불요청
J18_S015899,환불요청
J18_S015903,배송확인
J18_S015904,환불요청
J18_S015909,환불요청
J18_S015910,배송확인
J18_S015912,배송확인
J18_S015915,환불요청
J18_S015934,배송확인
J18_S015953,배송확인
J18_S015954,배송확인
J18_S015957,환불요청
J18_S015966,배송확인
J18_S015968,배송확인
J18_S015972,배송확인
J18_S015973,배송확인
J18_S015986,환불요청
J18_S015988,환불요청
J18_S015991,환불요청
J18_S015993,환불요청
J18_S015999,배송확인
J18_S016022,배송확인
J18_S016028,배송확인
J18_S016029,환불요청
J18_S016036,환불요청
J18_S016037,배송확인
J18_S016042,환불요청
J18_S016043,환불요청
J18_S016053,배송확인
J18_S016056,배송확인
J18_S016059,배송확인
J18_S016071,배송확인
J18_S016087,환불요청
J18_S016088,배송확인
J18_S016089,배송확인
J18_S016090,환불요청
J18_S016101,배송확인
J18_S016105,배송확인
J18_S016116,환불요청
J18_S016124,환불요청
J18_S016128,환불요청
J18_S016141,환불요청
J18_S016142,배송확인
J18_S016145,환불요청
J18_S016146,배송확인
J18_S016153,환불요청
J18_S016156,환불요청
J18_S016157,환불요청
J18_S016159,배송확인
J18_S016163,환불요청
J18_S016167,환불요청
J18_S016168,환불요청
J18_S016181,환불요청
J18_S016183,배송확인
J18_S016185,환불요청
J18_S016201,환불요청
J18_S016204,환불요청
J18_S016206,배송확인
J18_S016211,배송확인
J18_S016217,환불요청
J18_S016218,배송확인
J18_S016220,환불요청
J18_S016225,환불요청
J18_S016231,배송확인
J18_S016237,환불요청
J18_S016239,배송확인
J18_S016240,환불요청
J18_S016243,배송확인
J18_S016250,배송확인
J18_S016255,배송확인
J18_S016260,환불요청
J18_S016261,환불요청
J18_S016274,배송확인
J18_S016281,배송확인
J18_S016284,환불요청
J18_S016285,배송확인
J18_S016286,배송확인
J18_S016288,환불요청
J18_S016298,배송확인
J18_S016304,환불요청
J18_S016311,환불요청
J18_S016322,배송확인
J18_S016331,배송확인
J18_S016332,환불요청
J18_S016338,환불요청
J18_S016340,환불요청
J18_S016341,환불요청
J18_S016348,환불요청
J18_S016349,배송확인
J18_S016361,환불요청
J18_S016364,배송확인
J18_S016380,배송확인
J18_S016382,환불요청
J18_S016386,환불요청
J18_S016402,배송확인
J18_S016404,환불요청
J18_S016408,환불요청
J18_S016412,배송확인
J18_S016416,환불요청
J18_S016417,배송확인
J18_S016430,배송확인
J18_S016433,환불요청
J18_S016434,환불요청
J18_S016441,환불요청
J18_S016446,배송확인
J18_S016453,환불요청
J18_S016455,환불요청
J18_S016458,배송확인
J18_S016462,환불요청
J18_S016463,환불요청
J18_S016466,배송확인
J18_S016480,환불요청
J18_S016484,배송확인
J18_S016485,환불요청
J18_S016490,환불요청
J18_S016494,환불요청
J18_S016495,환불요청
J18_S016500,환불요청
J18_S016501,배송확인
J18_S016503,배송확인
J18_S016516,환불요청
J18_S016523,배송확인
J18_S016531,배송확인
J18_S016542,배송확인
J18_S016558,배송확인
J18_S016559,환불요청
J18_S016562,배송확인
J18_S016563,환불요청
J18_S016569,환불요청
J18_S016571,배송확인
J18_S016574,환불요청
J18_S016577,배송확인
J18_S016585,배송확인
J18_S016591,환불요청
J18_S016601,배송확인
J18_S016602,배송확인
J18_S016603,배송확인
J18_S016609,배송확인
J18_S016633,배송확인
J18_S016646,배송확인
J18_S016660,환불요청
J18_S016662,배송확인
J18_S016669,배송확인
J18_S016671,배송확인
J18_S016673,배송확인
J18_S016674,환불요청
J18_S016681,환불요청
J18_S016689,배송확인
J18_S016697,환불요청
J18_S016705,배송확인
J18_S016706,배송확인
J18_S016721,환불요청
J18_S016722,배송확인
J18_S016726,환불요청
J18_S016730,환불요청
J18_S016731,환불요청
J18_S016734,환불요청
J18_S016735,환불요청
J18_S016743,환불요청
J18_S016746,배송확인
J18_S016750,배송확인
J18_S016754,배송확인
J18_S016755,환불요청
J18_S016757,배송확인
J18_S016758,환불요청
J18_S016766,배송확인
J18_S016769,환불요청
J18_S016773,환불요청
J18_S016782,배송확인
J18_S016783,환불요청
J18_S016784,배송확인
J18_S016792,배송확인
J18_S016799,환불요청
J18_S016800,배송확인
J18_S016803,배송확인
J18_S016821,배송확인
J18_S016823,배송확인
J18_S016841,환불요청
J18_S016843,배송확인
J18_S016844,배송확인
J18_S016849,배송확인
J18_S016851,배송확인
J18_S016855,배송확인
J18_S016857,환불요청
J18_S016873,환불요청
J18_S016883,환불요청
J18_S016884,환불요청
J18_S016888,환불요청
J18_S016889,환불요청
J18_S016893,배송확인
J18_S016894,배송확인
J18_S016896,환불요청
J18_S016897,환불요청
J18_S016909,배송확인
J18_S016913,환불요청
J18_S016923,환불요청
J18_S016928,환불요청
J18_S016930,환불요청
J18_S016931,환불요청
J18_S016932,배송확인
J18_S016934,환불요청
J18_S016937,배송확인
J18_S016940,환불요청
J18_S016947,배송확인
J18_S016948,환불요청
J18_S016953,환불요청
J18_S016954,배송확인
J18_S016956,배송확인
J18_S016958,배송확인
J18_S016960,환불요청
J18_S016967,환불요청
J18_S016968,환불요청
J18_S016971,환불요청
J18_S016977,환불요청
J18_S016981,환불요청
J18_S016984,환불요청
J18_S016985,배송확인
J18_S016988,환불요청
J18_S016989,환불요청
J18_S016993,배송확인
J18_S017005,환불요청
J18_S017012,환불요청
J18_S017024,환불요청
J18_S017025,배송확인
J18_S017031,배송확인
J18_S017032,환불요청
J18_S017035,배송확인
J18_S017037,환불요청
J18_S017047,환불요청
J18_S017054,환불요청
J18_S017057,환불요청
J18_S017067,환불요청
J18_S017068,환불요청
J18_S017080,배송확인
J18_S017081,환불요청
J18_S017084,배송확인
J18_S017087,환불요청
J18_S017089,환불요청
J18_S017094,배송확인
J18_S017096,환불요청
J18_S017097,환불요청
J18_S017100,배송확인
J18_S017106,배송확인
J18_S017110,환불요청
J18_S017117,환불요청
J18_S017118,환불요청
J18_S017129,배송확인
J18_S017132,배송확인
J18_S017143,환불요청
J18_S017144,배송확인
J18_S017158,환불요청
J18_S017169,환불요청
J18_S017170,배송확인
J18_S017177,배송확인
J18_S017182,배송확인
J18_S017190,환불요청
J18_S017192,배송확인
J18_S017194,환불요청
J18_S017214,환불요청
J18_S017219,환불요청
J18_S017226,환불요청
J18_S017230,배송확인
J18_S017232,환불요청
J18_S017233,환불요청
J18_S017234,배송확인
J18_S017237,환불요청
J18_S017238,배송확인
J18_S017245,배송확인
J18_S017250,배송확인
J18_S017261,배송확인
J18_S017265,환불요청
J18_S017271,배송확인
J18_S017276,환불요청
J18_S017282,배송확인
J18_S017292,배송확인
J18_S017299,환불요청
J18_S017301,환불요청
J18_S017304,환불요청
J18_S017324,배송확인
J18_S017326,환불요청
J18_S017329,환불요청
J18_S017334,환불요청
J18_S017338,환불요청
J18_S017345,환불요청
J18_S017349,환불요청
J18_S017356,환불요청
J18_S017363,환불요청
J18_S017387,환불요청
J18_S017391,배송확인
J18_S017395,환불요청
J18_S017401,환불요청
J18_S017417,환불요청
J18_S017421,배송확인
J18_S017428,배송확인
J18_S017429,배송확인
J18_S017435,환불요청
J18_S017440,환불요청
J18_S017446,배송확인
J18_S017447,배송확인
J18_S017451,환불요청
J18_S017452,배송확인
J18_S017466,배송확인
J18_S017467,배송확인
J18_S017468,배송확인
J18_S017471,환불요청
J18_S017481,환불요청
J18_S017482,배송확인
J18_S017483,배송확인
J18_S017488,환불요청
J18_S017491,환불요청
J18_S017501,배송확인
J18_S017532,배송확인
J18_S017538,배송확인
J18_S017551,환불요청
J18_S017554,환불요청
J18_S017562,환불요청
J18_S017563,환불요청
J18_S017566,배송확인
J18_S017569,배송확인
J18_S017594,환불요청
J18_S017596,배송확인
J18_S017597,배송확인
J18_S017608,환불요청
J18_S017611,배송확인
J18_S017612,환불요청
J18_S017622,환불요청
J18_S017630,환불요청
J18_S017633,환불요청
J18_S017639,환불요청
J18_S017640,환불요청
J18_S017645,배송확인
J18_S017647,배송확인
J18_S017649,환불요청
J18_S017663,환불요청
J18_S017665,환불요청
J18_S017680,환불요청
J18_S017687,환불요청
J18_S017692,배송확인
J18_S017701,환불요청
J18_S017702,배송확인
J18_S017703,배송확인
J18_S017708,환불요청
J18_S017710,배송확인
J18_S017711,환불요청
J18_S017714,환불요청
J18_S017721,환불요청
J18_S017725,배송확인
J18_S017730,환불요청
J18_S017731,환불요청
J18_S017737,환불요청
J18_S017739,배송확인
J18_S017740,배송확인
J18_S017753,배송확인
J18_S017754,환불요청
J18_S017759,환불요청
J18_S017761,환불요청
J18_S017764,배송확인
J18_S017772,배송확인
J18_S017782,환불요청
J18_S017787,배송확인
J18_S017789,배송확인
J18_S017790,배송확인
J18_S017792,배송확인
J18_S017801,환불요청
J18_S017807,환불요청
J18_S017809,배송확인
J18_S017813,배송확인
J18_S017816,배송확인
J18_S017817,환불요청
J18_S017824,환불요청
J18_S017836,환불요청
J18_S017839,환불요청
J18_S017844,환불요청
J18_S017846,배송확인
J18_S017848,환불요청
J18_S017857,환불요청
J18_S017864,환불요청
J18_S017876,환불요청
J18_S017877,환불요청
J18_S017887,환불요청
J18_S017894,환불요청
J18_S017905,환불요청
J18_S017906,환불요청
J18_S017908,환불요청
J18_S017919,환불요청
J18_S017929,환불요청
J18_S017931,환불요청
J18_S017933,환불요청
J18_S017951,배송확인
J18_S017952,환불요청
J18_S017957,환불요청
J18_S017965,환불요청
J18_S017969,환불요청
J18_S017977,배송확인
J18_S017978,배송확인
J18_S017982,환불요청
J18_S017985,배송확인
J18_S017987,배송확인
J18_S017999,환불요청
J18_S018000,배송확인
J18_S018002,환불요청
J18_S018008,환불요청
J18_S018011,환불요청
J18_S018018,배송확인
J18_S018032,환불요청
J18_S018033,환불요청
J18_S018034,배송확인
J18_S018043,배송확인
J18_S018055,배송확인
J18_S018064,환불요청
J18_S018065,환불요청
J18_S018067,환불요청
J18_S018071,배송확인
J18_S018073,배송확인
J18_S018083,환불요청
J18_S018091,배송확인
J18_S018103,배송확인
J18_S018104,환불요청
J18_S018105,환불요청
J18_S018107,배송확인
J18_S018111,환불요청
J18_S018125,환불요청
J18_S018134,환불요청
J18_S018137,환불요청
J18_S018141,배송확인
J18_S018145,배송확인
J18_S018147,배송확인
J18_S018149,배송확인
J18_S018150,환불요청
J18_S018151,환불요청
J18_S018155,배송확인
J18_S018159,배송확인
J18_S018161,환불요청
J18_S018168,환불요청
J18_S018170,배송확인
J18_S018173,배송확인
J18_S018174,환불요청
J18_S018183,환불요청
J18_S018185,배송확인
J18_S018187,환불요청
J18_S018196,환불요청
J18_S018198,환불요청
J18_S018205,환불요청
J18_S018209,환불요청
J18_S018214,배송확인
J18_S018226,배송확인
J18_S018229,배송확인
J18_S018230,배송확인
J18_S018239,환불요청
J18_S018242,배송확인
J18_S018248,환불요청
J18_S018249,배송확인
J18_S018252,배송확인
J18_S018260,환불요청
J18_S018264,배송확인
J18_S018265,환불요청
J18_S018266,배송확인
J18_S018267,환불요청
J18_S018270,배송확인
J18_S018272,환불요청
J18_S018275,배송확인
J18_S018281,환불요청
J18_S018285,환불요청
J18_S018293,환불요청
J18_S018294,환불요청
J18_S018296,환불요청
J18_S018297,환불요청
J18_S018301,환불요청
J18_S018305,배송확인
J18_S018310,배송확인
J18_S018312,배송확인
J18_S018318,배송확인
J18_S018320,배송확인
J18_S018323,배송확인
J18_S018324,환불요청
J18_S018329,배송확인
J18_S018333,배송확인
J18_S018334,배송확인
J18_S018344,환불요청
J18_S018353,배송확인
J18_S018357,환불요청
J18_S018358,배송확인
J18_S018367,환불요청
J18_S018369,환불요청
J18_S018375,환불요청
J18_S018377,환불요청
J18_S018379,배송확인
J18_S018390,배송확인
J18_S018394,환불요청
J18_S018400,환불요청
J18_S018403,배송확인
J18_S018407,배송확인
J18_S018411,환불요청
J18_S018415,환불요청
J18_S018430,배송확인
J18_S018435,환불요청
J18_S018436,환불요청
J18_S018443,배송확인
J18_S018447,배송확인
J18_S018448,환불요청
J18_S018449,배송확인
J18_S018451,환불요청
J18_S018464,환불요청
J18_S018467,환불요청
J18_S018471,환불요청
J18_S018485,배송확인
J18_S018493,환불요청
J18_S018500,환불요청
J18_S018501,배송확인
J18_S018522,배송확인
J18_S018524,배송확인
J18_S018527,배송확인
J18_S018535,환불요청
J18_S018540,배송확인
J18_S018545,배송확인
J18_S018549,배송확인
J18_S018551,배송확인
J18_S018552,배송확인
J18_S018555,배송확인
J18_S018556,배송확인
J18_S018559,배송확인
J18_S018560,환불요청
J18_S018570,배송확인
J18_S018573,환불요청
J18_S018577,배송확인
J18_S018585,환불요청
J18_S018586,환불요청
J18_S018587,배송확인
J18_S018592,환불요청
J18_S018607,환불요청
J18_S018613,배송확인
J18_S018628,환불요청
J18_S018632,환불요청
J18_S018634,배송확인
J18_S018645,환불요청
J18_S018648,환불요청
J18_S018655,환불요청
J18_S018671,배송확인
J18_S018679,환불요청
J18_S018681,배송확인
J18_S018683,환불요청
J18_S018684,배송확인
J18_S018690,환불요청
J18_S018691,배송확인
J18_S018696,환불요청
J18_S018701,배송확인
J18_S018706,환불요청
J18_S018712,환불요청
J18_S018718,환불요청
J18_S018720,환불요청
J18_S018722,환불요청
J18_S018731,환불요청
J18_S018742,환불요청
J18_S018745,환불요청
J18_S018749,환불요청
J18_S018756,환불요청
J18_S018761,환불요청
J18_S018765,환불요청
J18_S018771,환불요청
J18_S018778,배송확인
J18_S018783,환불요청
J18_S018787,환불요청
J18_S018789,환불요청
J18_S018795,환불요청
J18_S018800,환불요청
J18_S018801,배송확인
J18_S018804,환불요청
J18_S018807,배송확인
J18_S018809,배송확인
J18_S018812,환불요청
J18_S018813,배송확인
J18_S018816,환불요청
J18_S018820,환불요청
J18_S018827,환불요청
J18_S018829,배송확인
J18_S018831,배송확인
J18_S018836,배송확인
J18_S018837,환불요청
J18_S018839,배송확인
J18_S018848,환불요청
J18_S018852,환불요청
J18_S018860,배송확인
J18_S018862,환불요청
J18_S018865,배송확인
J18_S018871,환불요청
J18_S018874,배송확인
J18_S018877,환불요청
J18_S018878,환불요청
J18_S018880,환불요청
J18_S018884,환불요청
J18_S018885,환불요청
J18_S018888,환불요청
J18_S018890,배송확인
J18_S018896,배송확인
J18_S018898,배송확인
J18_S018900,환불요청
J18_S018905,환불요청
J18_S018912,환불요청
J18_S018915,환불요청
J18_S018916,배송확인
J18_S018930,배송확인
J18_S018932,배송확인
J18_S018939,환불요청
J18_S018941,배송확인
J18_S018970,배송확인
J18_S018971,배송확인
J18_S018974,환불요청
J18_S018976,배송확인
J18_S018980,배송확인
J18_S018985,배송확인
J18_S018987,환불요청
J18_S018988,배송확인
J18_S018989,배송확인
J18_S018990,배송확인
J18_S018997,배송확인
J18_S018999,환불요청
J18_S019003,배송확인
J18_S019005,배송확인
J18_S019009,배송확인
J18_S019018,배송확인
J18_S019020,배송확인
J18_S019023,환불요청
J18_S019024,배송확인
J18_S019027,환불요청
J18_S019043,배송확인
J18_S019050,환불요청
J18_S019057,배송확인
J18_S019063,환불요청
J18_S019065,배송확인
J18_S019072,환불요청
J18_S019075,환불요청
J18_S019081,배송확인
J18_S019083,환불요청
J18_S019084,배송확인
J18_S019086,배송확인
J18_S019096,환불요청
J18_S019099,배송확인
J18_S019105,배송확인
J18_S019110,환불요청
J18_S019125,배송확인
J18_S019128,환불요청
J18_S019133,배송확인
J18_S019137,배송확인
J18_S019138,환불요청
J18_S019143,배송확인
J18_S019145,배송확인
J18_S019147,배송확인
J18_S019150,배송확인
J18_S019152,환불요청
J18_S019156,환불요청
J18_S019157,배송확인
J18_S019163,배송확인
J18_S019164,배송확인
J18_S019167,배송확인
J18_S019168,배송확인
J18_S019173,환불요청
J18_S019176,배송확인
J18_S019179,배송확인
J18_S019182,배송확인
J18_S019185,환불요청
J18_S019189,배송확인
J18_S019196,배송확인
J18_S019199,배송확인
J18_S019204,환불요청
J18_S019208,환불요청
J18_S019216,배송확인
J18_S019218,환불요청
J18_S019229,환불요청
J18_S019235,환불요청
J18_S019249,배송확인
J18_S019251,배송확인
J18_S019252,배송확인
J18_S019254,환불요청
J18_S019266,환불요청
J18_S019270,배송확인
J18_S019276,환불요청
J18_S019277,배송확인
J18_S019278,배송확인
J18_S019285,배송확인
J18_S019287,배송확인
J18_S019293,배송확인
J18_S019302,배송확인
J18_S019303,배송확인
J18_S019309,환불요청
J18_S019312,배송확인
J18_S019318,배송확인
J18_S019325,환불요청
J18_S019327,환불요청
J18_S019335,배송확인
J18_S019342,환불요청
J18_S019349,배송확인
J18_S019351,배송확인
J18_S019365,배송확인
J18_S019371,배송확인
J18_S019383,배송확인
J18_S019386,배송확인
J18_S019398,환불요청
J18_S019401,환불요청
J18_S019403,배송확인
J18_S019407,배송확인
J18_S019420,배송확인
J18_S019423,환불요청
J18_S019431,배송확인
J18_S019434,배송확인
J18_S019442,환불요청
J18_S019444,환불요청
J18_S019451,배송확인
J18_S019452,배송확인
J18_S019453,배송확인
J18_S019454,배송확인
J18_S019458,배송확인
J18_S019464,환불요청
J18_S019465,환불요청
J18_S019466,배송확인
J18_S019482,배송확인
J18_S019486,배송확인
J18_S019496,환불요청
J18_S019497,환불요청
J18_S019499,환불요청
J18_S019507,환불요청
J18_S019509,환불요청
J18_S019511,환불요청
J18_S019515,환불요청
J18_S019516,환불요청
J18_S019517,환불요청
J18_S019521,환불요청
J18_S019527,배송확인
J18_S019532,배송확인
J18_S019533,배송확인
J18_S019534,배송확인
J18_S019536,배송확인
J18_S019540,환불요청
J18_S019546,환불요청
J18_S019550,배송확인
J18_S019552,환불요청
J18_S019555,배송확인
J18_S019558,환불요청
J18_S019561,배송확인
J18_S019567,배송확인
J18_S019570,환불요청
J18_S019576,배송확인
J18_S019579,배송확인
J18_S019592,환불요청
J18_S019597,환불요청
J18_S019620,환불요청
J18_S019621,배송확인
J18_S019643,환불요청
J18_S019658,환불요청
J18_S019660,환불요청
J18_S019661,환불요청
J18_S019662,환불요청
J18_S019671,환불요청
J18_S019673,환불요청
J18_S019679,환불요청
J18_S019682,배송확인
J18_S019683,배송확인
J18_S019686,환불요청
J18_S019690,환불요청
J18_S019700,배송확인
J18_S019704,환불요청
J18_S019705,환불요청
J18_S019713,배송확인
J18_S019717,환불요청
J18_S019729,환불요청
J18_S019730,환불요청
J18_S019734,환불요청
J18_S019737,배송확인
J18_S019747,환불요청
J18_S019749,배송확인
J18_S019753,배송확인
J18_S019756,배송확인
J18_S019764,배송확인
J18_S019769,배송확인
J18_S019771,환불요청
J18_S019774,배송확인
J18_S019775,배송확인
J18_S019782,배송확인
J18_S019793,환불요청
J18_S019800,배송확인
J18_S019801,환불요청
J18_S019816,환불요청
J18_S019819,배송확인
J18_S019820,환불요청
J18_S019826,환불요청
J18_S019828,배송확인
J18_S019832,배송확인
J18_S019835,환불요청
J18_S019836,환불요청
J18_S019841,환불요청
J18_S019846,배송확인
J18_S019851,환불요청
J18_S019854,배송확인
J18_S019856,환불요청
J18_S019857,배송확인
J18_S019875,환불요청
J18_S019877,환불요청
J18_S019878,배송확인
J18_S019885,환불요청
J18_S019888,배송확인
J18_S019891,환불요청
J18_S019892,환불요청
J18_S019893,환불요청
J18_S019898,배송확인
J18_S019905,배송확인
J18_S019908,환불요청
J18_S019910,환불요청
J18_S019914,환불요청
J18_S019920,배송확인
J18_S019923,배송확인
J18_S019938,배송확인
J18_S019948,환불요청
J18_S019956,배송확인
J18_S019961,환불요청
J18_S019965,배송확인
J18_S019969,배송확인
J18_S019972,배송확인
J18_S019974,배송확인
J18_S019975,배송확인
J18_S019977,환불요청
J18_S019980,배송확인
J18_S019981,환불요청
J18_S019987,환불요청
J18_S019993,환불요청
J18_S020034,배송확인
J18_S020035,환불요청
J18_S020038,환불요청
J18_S020042,환불요청
J18_S020055,배송확인
J18_S020058,배송확인
J18_S020062,배송확인
J18_S020069,배송확인
J18_S020071,배송확인
J18_S020077,배송확인
J18_S020078,환불요청
J18_S020079,환불요청
J18_S020080,환불요청
J18_S020082,환불요청
J18_S020084,배송확인
J18_S020086,배송확인
J18_S020088,환불요청
J18_S020091,환불요청
J18_S020096,환불요청
J18_S020105,환불요청
J18_S020109,배송확인
J18_S020114,배송확인
J18_S020117,환불요청
J18_S020119,환불요청
J18_S020121,환불요청
J18_S020125,배송확인
J18_S020128,배송확인
J18_S020129,환불요청
J18_S020130,배송확인
J18_S020134,배송확인
J18_S020142,배송확인
J18_S020143,환불요청
J18_S020145,배송확인
J18_S020153,배송확인
J18_S020155,배송확인
J18_S020156,환불요청
J18_S020167,배송확인
J18_S020168,환불요청
J18_S020170,환불요청
J18_S020171,환불요청
J18_S020172,환불요청
J18_S020173,배송확인
J18_S020174,배송확인
J18_S020185,배송확인
J18_S020196,환불요청
J18_S020197,환불요청
J18_S020201,환불요청
J18_S020213,배송확인
J18_S020216,배송확인
J18_S020217,환불요청
J18_S020229,배송확인
J18_S020234,환불요청
J18_S020236,배송확인
J18_S020239,배송확인
J18_S020253,환불요청
J18_S020254,환불요청
J18_S020257,배송확인
J18_S020261,환불요청
J18_S020262,배송확인
J18_S020266,배송확인
J18_S020267,환불요청
J18_S020276,환불요청
J18_S020282,환불요청
J18_S020288,배송확인
J18_S020292,배송확인
J18_S020293,배송확인
J18_S020306,배송확인
J18_S020311,환불요청
J18_S020320,배송확인
J18_S020323,환불요청
J18_S020334,환불요청
J18_S020347,배송확인
J18_S020355,환불요청
J18_S020362,환불요청
J18_S020364,배송확인
J18_S020366,환불요청
J18_S020367,환불요청
J18_S020369,배송확인
J18_S020373,배송확인
J18_S020374,배송확인
J18_S020376,배송확인
J18_S020377,배송확인
J18_S020382,환불요청
J18_S020411,배송확인
J18_S020412,배송확인
J18_S020437,배송확인
J18_S020444,배송확인
J18_S020453,배송확인
J18_S020457,배송확인
J18_S020470,환불요청
J18_S020477,배송확인
J18_S020481,환불요청
J18_S020483,배송확인
J18_S020486,배송확인
J18_S020488,환불요청
J18_S020489,배송확인
J18_S020490,배송확인
J18_S020493,배송확인
J18_S020498,환불요청
J18_S020507,환불요청
J18_S020508,환불요청
J18_S020518,배송확인
J18_S020519,환불요청
J18_S020524,배송확인
J18_S020525,환불요청
J18_S020531,배송확인
J18_S020532,배송확인
J18_S020533,배송확인
J18_S020534,환불요청
J18_S020539,환불요청
J18_S020543,배송확인
J18_S020544,환불요청
J18_S020554,환불요청
J18_S020556,배송확인
J18_S020562,환불요청
J18_S020567,배송확인
J18_S020571,배송확인
J18_S020573,환불요청
J18_S020576,환불요청
J18_S020583,환불요청
J18_S020584,환불요청
J18_S020594,환불요청
J18_S020601,배송확인
J18_S020605,환불요청
J18_S020606,배송확인
J18_S020642,환불요청
J18_S020647,환불요청
J18_S020651,환불요청
J18_S020658,배송확인
J18_S020661,환불요청
J18_S020669,배송확인
J18_S020673,배송확인
J18_S020679,배송확인
J18_S020682,배송확인
J18_S020684,배송확인
J18_S020685,배송확인
J18_S020687,배송확인
J18_S020695,배송확인
J18_S020696,환불요청
J18_S020705,배송확인
J18_S020710,배송확인
J18_S020715,환불요청
J18_S020717,환불요청
J18_S020725,환불요청
J18_S020727,배송확인
J18_S020739,배송확인
J18_S020742,환불요청
J18_S020746,배송확인
J18_S020759,배송확인
J18_S020766,환불요청
J18_S020769,환불요청
J18_S020787,배송확인
J18_S020797,배송확인
J18_S020801,환불요청
J18_S020804,배송확인
J18_S020811,배송확인
J18_S020812,배송확인
J18_S020814,환불요청
J18_S020815,배송확인
J18_S020819,환불요청
J18_S020823,배송확인
J18_S020824,환불요청
J18_S020834,환불요청
J18_S020847,환불요청
J18_S020853,환불요청
J18_S020854,환불요청
J18_S020857,배송확인
J18_S020858,배송확인
J18_S020863,배송확인
J18_S020880,배송확인
J18_S020882,환불요청
J18_S020886,배송확인
J18_S020898,배송확인
J18_S020899,환불요청
J18_S020904,배송확인
J18_S020910,배송확인
J18_S020913,환불요청
J18_S020922,배송확인
J18_S020923,환불요청
J18_S020924,배송확인
J18_S020926,환불요청
J18_S020929,배송확인
J18_S020931,배송확인
J18_S020935,환불요청
J18_S020937,배송확인
J18_S020938,배송확인
J18_S020939,환불요청
J18_S020940,환불요청
J18_S020943,환불요청
J18_S020946,배송확인
J18_S020954,환불요청
J18_S020963,배송확인
J18_S020964,환불요청
J18_S020971,배송확인
J18_S020984,배송확인
J18_S020985,배송확인
J18_S020991,배송확인
J18_S021006,환불요청
J18_S021007,환불요청
J18_S021008,배송확인
J18_S021018,환불요청
J18_S021022,환불요청
J18_S021027,환불요청
J18_S021028,환불요청
J18_S021034,환불요청
J18_S021035,배송확인
J18_S021036,환불요청
J18_S021041,배송확인
J18_S021043,환불요청
J18_S021045,환불요청
J18_S021051,환불요청
J18_S021053,환불요청
J18_S021058,배송확인
J18_S021059,배송확인
J18_S021062,배송확인
J18_S021090,환불요청
J18_S021094,배송확인
J18_S021101,배송확인
J18_S021102,환불요청
J18_S021103,배송확인
J18_S021145,환불요청
J18_S021149,배송확인
J18_S021151,배송확인
J18_S021153,환불요청
J18_S021154,환불요청
J18_S021162,배송확인
J18_S021167,환불요청
J18_S021168,환불요청
J18_S021170,환불요청
J18_S021175,환불요청
J18_S021179,환불요청
J18_S021183,환불요청
J18_S021184,배송확인
J18_S021185,환불요청
J18_S021198,배송확인
J18_S021199,환불요청
J18_S021200,배송확인
J18_S021218,환불요청
J18_S021220,배송확인
J18_S021229,환불요청
J18_S021239,배송확인
J18_S021242,배송확인
J18_S021246,배송확인
J18_S021250,배송확인
J18_S021271,환불요청
J18_S021281,배송확인
J18_S021290,환불요청
J18_S021300,배송확인
J18_S021305,환불요청
J18_S021307,환불요청
J18_S021308,환불요청
J18_S021311,배송확인
J18_S021312,환불요청
J18_S021316,환불요청
J18_S021319,배송확인
J18_S021333,환불요청
J18_S021349,환불요청
J18_S021367,환불요청
J18_S021373,배송확인
J18_S021375,환불요청
J18_S021379,환불요청
J18_S021391,환불요청
J18_S021392,환불요청
J18_S021401,환불요청
J18_S021412,환불요청
J18_S021414,배송확인
J18_S021416,배송확인
J18_S021417,환불요청
J18_S021422,배송확인
J18_S021428,배송확인
J18_S021443,배송확인
J18_S021444,배송확인
J18_S021447,환불요청
J18_S021449,배송확인
J18_S021455,배송확인
J18_S021464,환불요청
J18_S021466,환불요청
J18_S021469,배송확인
J18_S021474,환불요청
J18_S021478,배송확인
J18_S021483,배송확인
J18_S021484,배송확인
J18_S021485,환불요청
J18_S021493,배송확인
J18_S021497,배송확인
J18_S021498,배송확인
J18_S021504,환불요청
J18_S021507,환불요청
J18_S021510,환불요청
J18_S021511,환불요청
J18_S021517,환불요청
J18_S021519,배송확인
J18_S021534,배송확인
J18_S021536,환불요청
J18_S021541,배송확인
J18_S021542,환불요청
J18_S021545,환불요청
J18_S021550,환불요청
J18_S021562,환불요청
J18_S021566,환불요청
J18_S021572,환불요청
J18_S021577,환불요청
J18_S021578,환불요청
J18_S021579,배송확인
J18_S021584,환불요청
J18_S021589,배송확인
J18_S021613,환불요청
J18_S021622,환불요청
J18_S021625,환불요청
J18_S021630,배송확인
J18_S021636,환불요청
J18_S021637,배송확인
J18_S021643,환불요청
J18_S021648,배송확인
J18_S021649,환불요청
J18_S021659,배송확인
J18_S021662,환불요청
J18_S021668,배송확인
J18_S021671,배송확인
J18_S021673,배송확인
J18_S021680,환불요청
J18_S021684,환불요청
J18_S021694,환불요청
J18_S021698,환불요청
J18_S021701,배송확인
J18_S021708,배송확인
J18_S021711,배송확인
J18_S021712,배송확인
J18_S021724,배송확인
J18_S021726,환불요청
J18_S021727,환불요청
J18_S021728,배송확인
J18_S021734,배송확인
J18_S021738,배송확인
J18_S021740,환불요청
J18_S021743,환불요청
J18_S021753,배송확인
J18_S021758,배송확인
J18_S021759,환불요청
J18_S021761,배송확인
J18_S021779,환불요청
J18_S021781,환불요청
J18_S021789,환불요청
J18_S021794,환불요청
J18_S021807,배송확인
J18_S021824,배송확인
J18_S021833,환불요청
J18_S021847,환불요청
J18_S021848,환불요청
J18_S021858,환불요청
J18_S021860,배송확인
J18_S021861,배송확인
J18_S021865,배송확인
J18_S021866,배송확인
J18_S021867,환불요청
J18_S021870,배송확인
J18_S021886,배송확인
J18_S021888,배송확인
J18_S021891,환불요청
J18_S021892,배송확인
J18_S021895,환불요청
J18_S021899,환불요청
J18_S021903,환불요청
J18_S021905,환불요청
J18_S021907,배송확인
J18_S021913,환불요청
J18_S021919,배송확인
J18_S021920,배송확인
J18_S021923,환불요청
J18_S021928,배송확인
J18_S021930,환불요청
J18_S021935,환불요청
J18_S021936,환불요청
J18_S021939,배송확인
J18_S021942,환불요청
J18_S021943,배송확인
J18_S021951,배송확인
J18_S021952,배송확인
J18_S021959,환불요청
J18_S021962,환불요청
J18_S021963,환불요청
J18_S021970,환불요청
J18_S021978,배송확인
J18_S021983,환불요청
J18_S021985,배송확인
J18_S021991,환불요청
J18_S021994,환불요청
J18_S021995,환불요청
J18_S021998,환불요청
J18_S022005,환불요청
J18_S022027,환불요청
J18_S022028,배송확인
J18_S022029,배송확인
J18_S022035,배송확인
J18_S022036,배송확인
J18_S022045,배송확인
J18_S022054,환불요청
J18_S022060,배송확인
J18_S022062,배송확인
J18_S022069,배송확인
J18_S022070,환불요청
J18_S022071,환불요청
J18_S022073,환불요청
J18_S022075,환불요청
J18_S022077,환불요청
J18_S022088,환불요청
J18_S022089,배송확인
J18_S022090,환불요청
J18_S022093,환불요청
J18_S022094,환불요청
J18_S022100,환불요청
J18_S022102,환불요청
J18_S022105,배송확인
J18_S022112,환불요청
J18_S022125,환불요청
J18_S022136,환불요청
J18_S022138,환불요청
J18_S022142,환불요청
J18_S022149,환불요청
J18_S022154,환불요청
J18_S022163,배송확인
J18_S022181,배송확인
J18_S022182,배송확인
J18_S022195,배송확인
J18_S022200,환불요청
J18_S022203,환불요청
J18_S022210,환불요청
J18_S022215,환불요청
J18_S022218,환불요청
J18_S022219,환불요청
J18_S022223,배송확인
J18_S022224,환불요청
J18_S022227,환불요청
J18_S022231,배송확인
J18_S022233,배송확인
J18_S022235,환불요청
J18_S022238,배송확인
J18_S022240,환불요청
J18_S022245,배송확인
J18_S022246,배송확인
J18_S022249,환불요청
J18_S022255,환불요청
J18_S022257,환불요청
J18_S022258,배송확인
J18_S022262,배송확인
J18_S022271,배송확인
J18_S022279,환불요청
J18_S022282,배송확인
J18_S022301,환불요청
J18_S022304,배송확인
J18_S022305,배송확인
J18_S022317,환불요청
J18_S022325,배송확인
J18_S022328,배송확인
J18_S022330,환불요청
J18_S022337,배송확인
J18_S022340,배송확인
J18_S022349,환불요청
J18_S022360,배송확인
J18_S022363,배송확인
J18_S022367,배송확인
J18_S022384,환불요청
J18_S022392,환불요청
J18_S022394,배송확인
J18_S022405,배송확인
J18_S022407,환불요청
J18_S022408,배송확인
J18_S022411,배송확인
J18_S022413,배송확인
J18_S022423,배송확인
J18_S022429,배송확인
J18_S022431,배송확인
J18_S022437,배송확인
J18_S022439,환불요청
J18_S022445,배송확인
J18_S022451,배송확인
J18_S022460,환불요청
J18_S022461,배송확인
J18_S022466,배송확인
J18_S022473,환불요청
J18_S022474,환불요청
J18_S022483,환불요청
J18_S022484,환불요청
J18_S022490,배송확인
J18_S022492,배송확인
J18_S022498,환불요청
J18_S022500,배송확인
J18_S022509,환불요청
J18_S022517,배송확인
J18_S022522,배송확인
J18_S022523,배송확인
J18_S022532,배송확인
J18_S022533,환불요청
J18_S022542,환불요청
J18_S022545,환불요청
J18_S022550,배송확인
J18_S022567,배송확인
J18_S022573,배송확인
J18_S022590,배송확인
J18_S022595,환불요청
J18_S022628,환불요청
J18_S022636,환불요청
J18_S022641,배송확인
J18_S022643,배송확인
J18_S022646,환불요청
J18_S022658,배송확인
J18_S022666,배송확인
J18_S022670,환불요청
J18_S022676,환불요청
J18_S022687,배송확인
J18_S022696,배송확인
J18_S022703,배송확인
J18_S022708,배송확인
J18_S022723,배송확인
J18_S022728,배송확인
J18_S022731,환불요청
J18_S022732,배송확인
J18_S022745,배송확인
J18_S022749,환불요청
J18_S022752,배송확인
J18_S022769,환불요청
J18_S022770,배송확인
J18_S022781,환불요청
J18_S022784,환불요청
J18_S022785,환불요청
J18_S022788,환불요청
J18_S022795,배송확인
J18_S022832,배송확인
J18_S022837,배송확인
J18_S022855,환불요청
J18_S022868,배송확인
J18_S022873,배송확인
J18_S022881,배송확인
J18_S022882,배송확인
J18_S022896,배송확인
J18_S022905,환불요청
J18_S022911,환불요청
J18_S022913,배송확인
J18_S022917,배송확인
J18_S022933,환불요청
J18_S022951,환불요청
J18_S022952,배송확인
J18_S022953,환불요청
J18_S022957,환불요청
J18_S022969,환불요청
J18_S022970,환불요청
J18_S022974,환불요청
J18_S022976,환불요청
J18_S022985,배송확인
J18_S022988,환불요청
J18_S022996,환불요청
J18_S023005,배송확인
J18_S023006,배송확인
J18_S023017,배송확인
J18_S023020,배송확인
J18_S023022,환불요청
J18_S023025,배송확인
J18_S023029,환불요청
J18_S023034,배송확인
J18_S023041,배송확인
J18_S023050,환불요청
J18_S023052,환불요청
J18_S023058,환불요청
J18_S023060,환불요청
J18_S023063,환불요청
J18_S023067,환불요청
J18_S023069,배송확인
J18_S023071,환불요청
J18_S023075,환불요청
J18_S023092,배송확인
J18_S023114,환불요청
J18_S023120,배송확인
J18_S023126,환불요청
J18_S023133,환불요청
J18_S023136,환불요청
J18_S023150,환불요청
J18_S023157,환불요청
J18_S023158,배송확인
J18_S023160,배송확인
J18_S023166,배송확인
J18_S023176,배송확인
J18_S023177,배송확인
J18_S023186,배송확인
J18_S023193,환불요청
J18_S023194,배송확인
J18_S023195,환불요청
J18_S023200,환불요청
J18_S023203,배송확인
J18_S023205,환불요청
J18_S023221,배송확인
J18_S023224,배송확인
J18_S023229,배송확인
J18_S023241,배송확인
J18_S023244,환불요청
J18_S023247,배송확인
J18_S023249,환불요청
J18_S023253,배송확인
J18_S023258,환불요청
J18_S023262,배송확인
J18_S023264,배송확인
J18_S023270,배송확인
J18_S023290,배송확인
J18_S023291,환불요청
J18_S023296,배송확인
J18_S023309,배송확인
J18_S023313,환불요청
J18_S023315,환불요청
J18_S023320,배송확인
J18_S023327,배송확인
J18_S023339,배송확인
J18_S023341,배송확인
J18_S023343,배송확인
J18_S023349,배송확인
J18_S023365,환불요청
J18_S023368,환불요청
J19_S000004,환불요청
J19_S000013,환불요청
J19_S000027,환불요청
J19_S000028,환불요청
J19_S000038,환불요청
J19_S000042,배송확인
J19_S000049,환불요청
J19_S000050,환불요청
J19_S000051,환불요청
J19_S000053,환불요청
J19_S000066,환불요청
J19_S000070,환불요청
J19_S000072,환불요청
J19_S000081,환불요청
J19_S000082,환불요청
J19_S000083,환불요청
J19_S000087,환불요청
J19_S000088,환불요청
J19_S000090,환불요청
J19_S000091,환불요청
J19_S000104,환불요청
J19_S000111,환불요청
J19_S000114,환불요청
J19_S000116,환불요청
J19_S000126,환불요청
J19_S000129,환불요청
J19_S000138,환불요청
J19_S000140,환불요청
J19_S000142,환불요청
J19_S000143,환불요청
J19_S000145,환불요청
J19_S000146,환불요청
J19_S000152,환불요청
J19_S000153,배송확인
J19_S000154,환불요청
J19_S000158,환불요청
J19_S000162,환불요청
J19_S000166,환불요청
J19_S000167,환불요청
J19_S000171,환불요청
J19_S000173,환불요청
J19_S000182,환불요청
J19_S000185,환불요청
J19_S000187,환불요청
J19_S000194,환불요청
J19_S000206,환불요청
J19_S000213,환불요청
J19_S000225,환불요청
J19_S000227,환불요청
J19_S000229,환불요청
J19_S000231,환불요청
J19_S000240,환불요청
J19_S000246,환불요청
J19_S000249,환불요청
J19_S000264,환불요청
J19_S000265,환불요청
J19_S000268,환불요청
J19_S000277,환불요청
J19_S000278,환불요청
J19_S000281,환불요청
J19_S000284,환불요청
J19_S000295,환불요청
J19_S000297,환불요청
J19_S000305,환불요청
J19_S000306,환불요청
J19_S000314,환불요청
J19_S000316,환불요청
J19_S000321,환불요청
J19_S000325,환불요청
J19_S000327,환불요청
J19_S000332,환불요청
J19_S000333,환불요청
J19_S000343,환불요청
J19_S000344,환불요청
J19_S000351,환불요청
J19_S000352,환불요청
J19_S000355,환불요청
J19_S000360,환불요청
J19_S000364,환불요청
J19_S000371,환불요청
J19_S000372,환불요청
J19_S000376,환불요청
J19_S000379,환불요청
J19_S000394,환불요청
J19_S000395,환불요청
J19_S000400,환불요청
J19_S000404,환불요청
J19_S000407,환불요청
J19_S000408,환불요청
J19_S000409,환불요청
J19_S000411,환불요청
J19_S000412,환불요청
J19_S000415,환불요청
J19_S000419,환불요청
J19_S000420,환불요청
J19_S000430,환불요청
J19_S000432,환불요청
J19_S000436,환불요청
J19_S000439,환불요청
J19_S000441,환불요청
J19_S000448,환불요청
J19_S000460,환불요청
J19_S000465,환불요청
J19_S000471,환불요청
J19_S000480,환불요청
J19_S000484,환불요청
J19_S000487,환불요청
J19_S000489,환불요청
J19_S000491,환불요청
J19_S000492,환불요청
J19_S000499,환불요청
J19_S000500,환불요청
J19_S000504,환불요청
J19_S000506,환불요청
J19_S000510,환불요청
J19_S000513,환불요청
J19_S000517,환불요청
J19_S000522,환불요청
J19_S000524,환불요청
J19_S000526,환불요청
J19_S000543,환불요청
J19_S000559,환불요청
J19_S000572,환불요청
J19_S000573,환불요청
J19_S000582,환불요청
J19_S000585,환불요청
J19_S000597,환불요청
J19_S000598,환불요청
J19_S000599,환불요청
J19_S000621,배송확인
J19_S000623,환불요청
J19_S000632,환불요청
J19_S000633,환불요청
J19_S000639,환불요청
J19_S000640,환불요청
J19_S000641,환불요청
J19_S000644,환불요청
J19_S000646,환불요청
J19_S000657,환불요청
J19_S000661,환불요청
J19_S000666,환불요청
J19_S000670,환불요청
J19_S000673,환불요청
J19_S000678,환불요청
J19_S000682,환불요청
J19_S000684,환불요청
J19_S000686,환불요청
J19_S000687,환불요청
J19_S000690,환불요청
J19_S000694,환불요청
J19_S000697,환불요청
J19_S000699,환불요청
J19_S000701,환불요청
J19_S000702,환불요청
J19_S000710,환불요청
J19_S000716,환불요청
J19_S000721,환불요청
J19_S000725,환불요청
J19_S000729,환불요청
J19_S000752,환불요청
J19_S000755,환불요청
J19_S000773,환불요청
J19_S000779,환불요청
J19_S000782,환불요청
J19_S000805,환불요청
J19_S000806,환불요청
J19_S000811,환불요청
J19_S000830,환불요청
J19_S000835,환불요청
J19_S000836,환불요청
J19_S000838,환불요청
J19_S000843,환불요청
J19_S000844,환불요청
J19_S000845,환불요청
J19_S000847,환불요청
J19_S000848,환불요청
J19_S000856,환불요청
J19_S000861,환불요청
J19_S000864,환불요청
J19_S000868,환불요청
J19_S000871,환불요청
J19_S000877,환불요청
J19_S000902,환불요청
J19_S000904,환불요청
J19_S000910,환불요청
J19_S000913,환불요청
J19_S000915,환불요청
J19_S000921,환불요청
J19_S000924,환불요청
J19_S000928,환불요청
J19_S000929,환불요청
J19_S000930,환불요청
J19_S000933,환불요청
J19_S000936,환불요청
J19_S000939,환불요청
J19_S000942,환불요청
J19_S000948,환불요청
J19_S000961,환불요청
J19_S000964,환불요청
J19_S000965,환불요청
J19_S000978,환불요청
J19_S000985,환불요청
J19_S000989,환불요청
J19_S000993,환불요청
J19_S000999,환불요청
J19_S001004,환불요청
J19_S001018,환불요청
J19_S001021,환불요청
J19_S001029,환불요청
J19_S001031,환불요청
J19_S001038,환불요청
J19_S001046,환불요청
J19_S001052,환불요청
J19_S001063,환불요청
J19_S001064,환불요청
J19_S001071,환불요청
J19_S001072,환불요청
J19_S001074,환불요청
J19_S001080,환불요청
J19_S001086,환불요청
J19_S001088,환불요청
J19_S001089,환불요청
J19_S001091,환불요청
J19_S001095,환불요청
J19_S001096,환불요청
J19_S001102,환불요청
J19_S001107,환불요청
J19_S001114,환불요청
J19_S001120,환불요청
J19_S001130,환불요청
J19_S001137,환불요청
J19_S001145,환불요청
J19_S001158,환불요청
J19_S001164,환불요청
J19_S001165,환불요청
J19_S001170,환불요청
J19_S001175,환불요청
J19_S001192,환불요청
J19_S001204,환불요청
J19_S001205,환불요청
J19_S001210,환불요청
J19_S001218,환불요청
J19_S001227,환불요청
J19_S001229,환불요청
J19_S001232,환불요청
J19_S001244,환불요청
J19_S001246,환불요청
J19_S001248,환불요청
J19_S001249,환불요청
J19_S001252,환불요청
J19_S001257,환불요청
J19_S001262,환불요청
J19_S001263,환불요청
J19_S001267,환불요청
J19_S001268,환불요청
J19_S001273,환불요청
J19_S001276,환불요청
J19_S001277,환불요청
J19_S001287,환불요청
J19_S001298,환불요청
J19_S001300,환불요청
J19_S001307,환불요청
J19_S001312,환불요청
J19_S001319,환불요청
J19_S001322,환불요청
J19_S001323,환불요청
J19_S001324,환불요청
J19_S001331,환불요청
J19_S001339,환불요청
J19_S001341,환불요청
J19_S001345,환불요청
J19_S001352,환불요청
J19_S001358,환불요청
J19_S001360,환불요청
J19_S001361,환불요청
J19_S001362,환불요청
J19_S001363,환불요청
J19_S001370,환불요청
J19_S001373,환불요청
J19_S001384,환불요청
J19_S001389,환불요청
J19_S001392,환불요청
J19_S001399,환불요청
J19_S001409,환불요청
J19_S001411,환불요청
J19_S001438,환불요청
J19_S001449,환불요청
J19_S001450,환불요청
J19_S001460,환불요청
J19_S001465,환불요청
J19_S001470,환불요청
J19_S001473,환불요청
J19_S001475,환불요청
J19_S001476,환불요청
J19_S001477,환불요청
J19_S001478,환불요청
J19_S001493,환불요청
J19_S001494,환불요청
J19_S001502,환불요청
J19_S001507,환불요청
J19_S001520,환불요청
J19_S001528,환불요청
J19_S001532,환불요청
J19_S001533,환불요청
J19_S001539,환불요청
J19_S001540,환불요청
J19_S001542,환불요청
J19_S001545,환불요청
J19_S001547,환불요청
J19_S001555,환불요청
J19_S001566,환불요청
J19_S001581,환불요청
J19_S001582,환불요청
J19_S001585,환불요청
J19_S001588,환불요청
J19_S001589,환불요청
J19_S001597,환불요청
J19_S001606,환불요청
J19_S001613,환불요청
J19_S001614,환불요청
J19_S001628,환불요청
J19_S001629,환불요청
J19_S001631,환불요청
J19_S001635,환불요청
J19_S001640,환불요청
J19_S001644,환불요청
J19_S001655,환불요청
J19_S001668,환불요청
J19_S001677,환불요청
J19_S001678,환불요청
J19_S001681,환불요청
J19_S001710,환불요청
J19_S001720,환불요청
J19_S001722,환불요청
J19_S001724,환불요청
J19_S001731,환불요청
J19_S001738,환불요청
J19_S001739,환불요청
J19_S001740,환불요청
J19_S001741,환불요청
J19_S001759,환불요청
J19_S001763,환불요청
J19_S001766,환불요청
J19_S001768,환불요청
J19_S001770,환불요청
J19_S001772,환불요청
J19_S001775,환불요청
J19_S001778,환불요청
J19_S001779,환불요청
J19_S001789,환불요청
J19_S001792,환불요청
J19_S001796,환불요청
J19_S001797,환불요청
J19_S001811,환불요청
J19_S001817,환불요청
J19_S001825,환불요청
J19_S001826,환불요청
J19_S001836,환불요청
J19_S001837,환불요청
J19_S001838,환불요청
J19_S001839,환불요청
J19_S001843,환불요청
J19_S001846,환불요청
J19_S001848,환불요청
J19_S001855,환불요청
J19_S001862,환불요청
J19_S001864,환불요청
J19_S001865,환불요청
J19_S001871,환불요청
J19_S001885,환불요청
J19_S001894,환불요청
J19_S001897,환불요청
J19_S001899,환불요청
J19_S001901,환불요청
J19_S001924,환불요청
J19_S001925,환불요청
J19_S001926,환불요청
J19_S001927,환불요청
J19_S001929,환불요청
J19_S001930,환불요청
J19_S001932,환불요청
J19_S001934,환불요청
J19_S001938,환불요청
J19_S001941,환불요청
J19_S001949,환불요청
J19_S001950,환불요청
J19_S001952,환불요청
J19_S001954,환불요청
J19_S001959,환불요청
J19_S001965,환불요청
J19_S001974,환불요청
J19_S001977,환불요청
J19_S001988,환불요청
J19_S001993,환불요청
J19_S002005,환불요청
J19_S002011,환불요청
J19_S002016,환불요청
J19_S002017,환불요청
J19_S002022,환불요청
J19_S002025,환불요청
J19_S002032,환불요청
J19_S002034,환불요청
J19_S002040,환불요청
J19_S002061,환불요청
J19_S002079,환불요청
J19_S002084,환불요청
J19_S002089,환불요청
J19_S002090,환불요청
J19_S002101,환불요청
J19_S002104,환불요청
J19_S002106,환불요청
J19_S002110,환불요청
J19_S002126,환불요청
J19_S002131,환불요청
J19_S002135,환불요청
J19_S002154,환불요청
J19_S002161,환불요청
J19_S002168,환불요청
J19_S002172,환불요청
J19_S002183,환불요청
J19_S002188,환불요청
J19_S002190,환불요청
J19_S002194,환불요청
J19_S002202,환불요청
J19_S002208,환불요청
J19_S002210,환불요청
J19_S002212,환불요청
J19_S002213,환불요청
J19_S002215,환불요청
J19_S002230,환불요청
J19_S002241,환불요청
J19_S002244,환불요청
J19_S002246,환불요청
J19_S002253,환불요청
J19_S002257,환불요청
J19_S002261,환불요청
J19_S002262,환불요청
J19_S002269,환불요청
J19_S002273,환불요청
J19_S002274,환불요청
J19_S002275,환불요청
J19_S002280,환불요청
J19_S002282,환불요청
J19_S002287,환불요청
J19_S002294,환불요청
J19_S002300,환불요청
J19_S002306,환불요청
J19_S002308,환불요청
J19_S002310,환불요청
J19_S002314,환불요청
J19_S002316,환불요청
J19_S002320,환불요청
J19_S002326,환불요청
J19_S002329,환불요청
J19_S002341,환불요청
J19_S002349,환불요청
J19_S002357,환불요청
J19_S002368,환불요청
J19_S002376,환불요청
J19_S002379,환불요청
J19_S002384,환불요청
J19_S002385,환불요청
J19_S002397,환불요청
J19_S002407,환불요청
J19_S002412,환불요청
J19_S002414,환불요청
J19_S002415,환불요청
J19_S002416,환불요청
J19_S002418,환불요청
J19_S002422,환불요청
J19_S002426,배송확인
J19_S002428,환불요청
J19_S002430,환불요청
J19_S002434,환불요청
J19_S002437,환불요청
J19_S002438,환불요청
J19_S002443,환불요청
J19_S002446,환불요청
J19_S002451,환불요청
J19_S002454,환불요청
J19_S002455,환불요청
J19_S002466,환불요청
J19_S002468,환불요청
J19_S002479,환불요청
J19_S002483,환불요청
J19_S002488,환불요청
J19_S002495,환불요청
J19_S002499,환불요청
J19_S002502,환불요청
J19_S002511,환불요청
J19_S002515,환불요청
J19_S002530,환불요청
J19_S002531,환불요청
J19_S002541,환불요청
J19_S002545,환불요청
J19_S002548,환불요청
J19_S002549,환불요청
J19_S002552,환불요청
J19_S002553,환불요청
J19_S002554,환불요청
J19_S002561,환불요청
J19_S002565,환불요청
J19_S002568,환불요청
J19_S002575,환불요청
J19_S002576,환불요청
J19_S002579,환불요청
J19_S002593,환불요청
J19_S002596,환불요청
J19_S002600,환불요청
J19_S002610,환불요청
J19_S002619,환불요청
J19_S002621,환불요청
J19_S002622,환불요청
J19_S002629,환불요청
J19_S002638,환불요청
J19_S002642,환불요청
J19_S002644,환불요청
J19_S002652,환불요청
J19_S002673,환불요청
J19_S002703,환불요청
J19_S002711,환불요청
J19_S002725,환불요청
J19_S002742,환불요청
J19_S002746,환불요청
J19_S002753,환불요청
J19_S002759,환불요청
J19_S002762,환불요청
J19_S002763,환불요청
J19_S002764,환불요청
J19_S002766,환불요청
J19_S002770,환불요청
J19_S002773,환불요청
J19_S002790,환불요청
J19_S002799,환불요청
J19_S002805,환불요청
J19_S002809,환불요청
J19_S002813,환불요청
J19_S002815,환불요청
J19_S002816,환불요청
J19_S002822,환불요청
J19_S002829,환불요청
J19_S002831,환불요청
J19_S002836,환불요청
J19_S002845,환불요청
J19_S002848,환불요청
J19_S002849,배송확인
J19_S002866,환불요청
J19_S002885,배송확인
J19_S002891,환불요청
J19_S002898,환불요청
J19_S002900,환불요청
J19_S002902,환불요청
J19_S002904,환불요청
J19_S002922,환불요청
J19_S002926,환불요청
J19_S002941,환불요청
J19_S002959,환불요청
J19_S002963,환불요청
J19_S002966,환불요청
J19_S002976,환불요청
J19_S002992,환불요청
J19_S002994,환불요청
J19_S002996,환불요청
J19_S003001,환불요청
J19_S003003,환불요청
J19_S003019,환불요청
J19_S003021,환불요청
J19_S003023,환불요청
J19_S003025,환불요청
J19_S003026,환불요청
J19_S003030,환불요청
J19_S003031,환불요청
J19_S003033,환불요청
J19_S003035,환불요청
J19_S003036,환불요청
J19_S003051,환불요청
J19_S003064,환불요청
J19_S003067,환불요청
J19_S003075,환불요청
J19_S003080,환불요청
J19_S003087,환불요청
J19_S003088,환불요청
J19_S003098,환불요청
J19_S003101,환불요청
J19_S003120,환불요청
J19_S003127,환불요청
J19_S003130,환불요청
J19_S003140,환불요청
J19_S003141,환불요청
J19_S003147,환불요청
J19_S003157,환불요청
J19_S003179,환불요청
J19_S003184,환불요청
J19_S003185,환불요청
J19_S003194,환불요청
J19_S003198,환불요청
J19_S003213,환불요청
J19_S003216,환불요청
J19_S003232,환불요청
J19_S003238,환불요청
J19_S003242,환불요청
J19_S003253,환불요청
J19_S003254,환불요청
J19_S003263,환불요청
J19_S003264,환불요청
J19_S003265,환불요청
J19_S003280,환불요청
J19_S003288,환불요청
J19_S003292,환불요청
J19_S003294,배송확인
J19_S003295,환불요청
J19_S003301,환불요청
J19_S003307,환불요청
J19_S003311,환불요청
J19_S003327,환불요청
J19_S003332,환불요청
J19_S003340,환불요청
J19_S003343,환불요청
J19_S003348,환불요청
J19_S003350,환불요청
J19_S003351,환불요청
J19_S003353,환불요청
J19_S003354,환불요청
J19_S003359,환불요청
J19_S003360,환불요청
J19_S003364,환불요청
J19_S003366,환불요청
J19_S003370,환불요청
J19_S003372,환불요청
J19_S003374,환불요청
J19_S003375,환불요청
J19_S003378,환불요청
J19_S003381,환불요청
J19_S003387,환불요청
J19_S003397,환불요청
J19_S003403,환불요청
J19_S003405,환불요청
J19_S003407,환불요청
J19_S003422,환불요청
J19_S003424,환불요청
J19_S003425,환불요청
J19_S003435,환불요청
J19_S003450,환불요청
J19_S003451,환불요청
J19_S003458,환불요청
J19_S003459,환불요청
J19_S003466,환불요청
J19_S003470,환불요청
J19_S003471,환불요청
J19_S003478,환불요청
J19_S003481,환불요청
J19_S003487,환불요청
J19_S003498,환불요청
J19_S003501,환불요청
J19_S003505,환불요청
J19_S003521,환불요청
J19_S003541,환불요청
J19_S003542,환불요청
J19_S003566,환불요청
J19_S003572,환불요청
J19_S003575,환불요청
J19_S003576,환불요청
J19_S003577,환불요청
J19_S003579,환불요청
J19_S003590,환불요청
J19_S003591,환불요청
J19_S003593,환불요청
J19_S003597,환불요청
J19_S003598,환불요청
J19_S003603,환불요청
J19_S003610,환불요청
J19_S003627,환불요청
J19_S003632,환불요청
J19_S003635,환불요청
J19_S003641,환불요청
J19_S003642,환불요청
J19_S003644,환불요청
J19_S003648,환불요청
J19_S003652,환불요청
J19_S003665,환불요청
J19_S003676,환불요청
J19_S003677,환불요청
J19_S003684,환불요청
J19_S003690,배송확인
J19_S003693,환불요청
J19_S003696,환불요청
J19_S003697,환불요청
J19_S003712,환불요청
J19_S003714,환불요청
J19_S003716,환불요청
J19_S003719,환불요청
J19_S003725,환불요청
J19_S003731,환불요청
J19_S003736,환불요청
J19_S003742,환불요청
J19_S003743,환불요청
J19_S003750,환불요청
J19_S003760,환불요청
J19_S003765,환불요청
J19_S003770,환불요청
J19_S003790,환불요청
J19_S003808,환불요청
J19_S003811,환불요청
J19_S003812,환불요청
J19_S003815,환불요청
J19_S003816,환불요청
J19_S003832,환불요청
J19_S003851,환불요청
J19_S003855,환불요청
J19_S003857,환불요청
J19_S003859,환불요청
J19_S003897,환불요청
J19_S003907,환불요청
J19_S003916,환불요청
J19_S003919,환불요청
J19_S003929,환불요청
J19_S003934,환불요청
J19_S003956,배송확인
J19_S003958,환불요청
J19_S003962,환불요청
J19_S003965,환불요청
J19_S003968,환불요청
J19_S003970,환불요청
J19_S003973,환불요청
J19_S003979,환불요청
J19_S003986,환불요청
J19_S003987,환불요청
J19_S003990,환불요청
J19_S003998,환불요청
J19_S004002,환불요청
J19_S004009,환불요청
J19_S004014,환불요청
J19_S004016,환불요청
J19_S004017,환불요청
J19_S004018,환불요청
J19_S004019,환불요청
J19_S004033,환불요청
J19_S004034,환불요청
J19_S004038,환불요청
J19_S004040,환불요청
J19_S004048,환불요청
J19_S004059,환불요청
J19_S004061,환불요청
J19_S004078,환불요청
J19_S004086,환불요청
J19_S004087,환불요청
J19_S004099,환불요청
J19_S004103,환불요청
J19_S004105,환불요청
J19_S004110,환불요청
J19_S004114,환불요청
J19_S004118,환불요청
J19_S004119,환불요청
J19_S004122,환불요청
J19_S004123,환불요청
J19_S004126,환불요청
J19_S004130,환불요청
J19_S004137,환불요청
J19_S004140,환불요청
J19_S004156,환불요청
J19_S004196,환불요청
J19_S004201,환불요청
J19_S004202,환불요청
J19_S004203,환불요청
J19_S004216,환불요청
J19_S004217,환불요청
J19_S004226,환불요청
J19_S004231,환불요청
J19_S004252,환불요청
J19_S004257,환불요청
J19_S004264,환불요청
J19_S004265,환불요청
J19_S004278,환불요청
J19_S004282,환불요청
J19_S004286,환불요청
J19_S004305,환불요청
J19_S004310,환불요청
J19_S004318,환불요청
J19_S004320,환불요청
J19_S004326,환불요청
J19_S004328,환불요청
J19_S004333,환불요청
J19_S004349,환불요청
J19_S004354,환불요청
J19_S004356,환불요청
J19_S004360,환불요청
J19_S004362,환불요청
J19_S004363,환불요청
J19_S004364,환불요청
J19_S004366,환불요청
J19_S004378,환불요청
J19_S004399,환불요청
J19_S004403,환불요청
J19_S004411,환불요청
J19_S004415,환불요청
J19_S004417,환불요청
J19_S004451,환불요청
J19_S004455,환불요청
J19_S004461,환불요청
J19_S004511,환불요청
J19_S004514,환불요청
J19_S004517,환불요청
J19_S004523,환불요청
J19_S004540,환불요청
J19_S004548,환불요청
J19_S004549,환불요청
J19_S004558,환불요청
J19_S004560,환불요청
J19_S004599,환불요청
J19_S004602,환불요청
J19_S004603,환불요청
J19_S004609,환불요청
J19_S004616,환불요청
J19_S004617,환불요청
J19_S004622,환불요청
J19_S004623,환불요청
J19_S004626,환불요청
J19_S004628,환불요청
J19_S004630,환불요청
J19_S004631,환불요청
J19_S004668,환불요청
J19_S004670,환불요청
J19_S004679,환불요청
J19_S004680,환불요청
J19_S004684,환불요청
J19_S004721,배송확인
J19_S004727,환불요청
J19_S004731,환불요청
J19_S004736,환불요청
J19_S004755,환불요청
J19_S004769,환불요청
J19_S004778,환불요청
J19_S004784,환불요청
J19_S004786,환불요청
J19_S004791,환불요청
J19_S004794,환불요청
J19_S004800,환불요청
J19_S004808,환불요청
J19_S004820,환불요청
J19_S004840,환불요청
J19_S004851,환불요청
J19_S004852,환불요청
J19_S004858,환불요청
J19_S004864,환불요청
J19_S004865,환불요청
J19_S004866,환불요청
J19_S004878,환불요청
J19_S004881,환불요청
J19_S004882,배송확인
J19_S004889,환불요청
J19_S004892,환불요청
J19_S004900,환불요청
J19_S004901,환불요청
J19_S004906,환불요청
J19_S004909,환불요청
J19_S004912,환불요청
J19_S004914,환불요청
J19_S004916,환불요청
J19_S004918,환불요청
J19_S004919,환불요청
J19_S004921,환불요청
J19_S004922,환불요청
J19_S004926,환불요청
J19_S004931,환불요청
J19_S004936,환불요청
J19_S004941,환불요청
J19_S004944,환불요청
J19_S004957,환불요청
J19_S004992,환불요청
J19_S005001,배송확인
J19_S005015,환불요청
J19_S005025,환불요청
J19_S005029,환불요청
J19_S005033,환불요청
J19_S005034,환불요청
J19_S005041,환불요청
J19_S005042,환불요청
J19_S005043,환불요청
J19_S005047,환불요청
J19_S005052,환불요청
J19_S005054,환불요청
J19_S005056,환불요청
J19_S005061,환불요청
J19_S005063,환불요청
J19_S005069,환불요청
J19_S005071,환불요청
J19_S005075,환불요청
J19_S005078,환불요청
J19_S005079,환불요청
J19_S005080,환불요청
J19_S005087,환불요청
J19_S005089,환불요청
J19_S005100,환불요청
J19_S005107,환불요청
J19_S005123,환불요청
J19_S005124,환불요청
J19_S005125,환불요청
J19_S005137,환불요청
J19_S005138,환불요청
J19_S005142,환불요청
J19_S005144,환불요청
J19_S005145,환불요청
J19_S005146,환불요청
J19_S005147,환불요청
J19_S005153,환불요청
J19_S005157,환불요청
J19_S005159,환불요청
J19_S005170,환불요청
J19_S005171,환불요청
J19_S005176,환불요청
J19_S005178,환불요청
J19_S005179,환불요청
J19_S005180,환불요청
J19_S005185,환불요청
J19_S005188,환불요청
J19_S005195,환불요청
J19_S005210,환불요청
J19_S005264,환불요청
J19_S005285,환불요청
J19_S005316,환불요청
J19_S005321,환불요청
J19_S005342,환불요청
J19_S005352,환불요청
J19_S005370,환불요청
J19_S005375,환불요청
J19_S005377,환불요청
J19_S005386,환불요청
J19_S005391,환불요청
J19_S005397,환불요청
J19_S005404,환불요청
J19_S005405,환불요청
J19_S005406,환불요청
J19_S005408,환불요청
J19_S005414,환불요청
J19_S005416,환불요청
J19_S005418,환불요청
J19_S005422,환불요청
J19_S005424,환불요청
J19_S005426,환불요청
J19_S005428,환불요청
J19_S005434,환불요청
J19_S005440,환불요청
J19_S005441,환불요청
J19_S005445,환불요청
J19_S005446,환불요청
J19_S005451,환불요청
J19_S005458,환불요청
J19_S005461,환불요청
J19_S005464,환불요청
J19_S005471,환불요청
J19_S005474,환불요청
J19_S005476,환불요청
J19_S005483,환불요청
J19_S005485,환불요청
J19_S005486,환불요청
J19_S005491,환불요청
J19_S005501,환불요청
J19_S005502,환불요청
J19_S005505,환불요청
J19_S005516,환불요청
J19_S005517,환불요청
J19_S005522,환불요청
J19_S005524,환불요청
J19_S005530,환불요청
J19_S005532,환불요청
J19_S005537,환불요청
J19_S005539,환불요청
J19_S005544,환불요청
J19_S005545,환불요청
J19_S005546,환불요청
J19_S005550,환불요청
J19_S005563,환불요청
J19_S005565,환불요청
J19_S005566,환불요청
J19_S005568,환불요청
J19_S005569,환불요청
J19_S005576,환불요청
J19_S005578,환불요청
J19_S005581,환불요청
J19_S005582,환불요청
J19_S005583,환불요청
J19_S005586,환불요청
J19_S005607,환불요청
J19_S005610,환불요청
J19_S005620,환불요청
J19_S005628,환불요청
J19_S005630,환불요청
J19_S005631,환불요청
J19_S005633,환불요청
J19_S005634,환불요청
J19_S005637,환불요청
J19_S005640,환불요청
J19_S005641,환불요청
J19_S005642,환불요청
J19_S005657,환불요청
J19_S005662,환불요청
J19_S005663,환불요청
J19_S005669,환불요청
J19_S005674,환불요청
J19_S005676,환불요청
J19_S005677,환불요청
J19_S005680,환불요청
J19_S005685,환불요청
J19_S005687,환불요청
J19_S005690,환불요청
J19_S005692,배송확인
J19_S005697,환불요청
J19_S005700,환불요청
J19_S005701,환불요청
J19_S005704,환불요청
J19_S005711,환불요청
J19_S005716,환불요청
J19_S005717,환불요청
J19_S005720,환불요청
J19_S005722,환불요청
J19_S005727,환불요청
J19_S005738,환불요청
J19_S005739,환불요청
J19_S005740,환불요청
J19_S005742,환불요청
J19_S005747,환불요청
J19_S005753,환불요청
J19_S005763,환불요청
J19_S005766,환불요청
J19_S005768,배송확인
J19_S005769,환불요청
J19_S005772,환불요청
J19_S005774,환불요청
J19_S005780,환불요청
J19_S005782,환불요청
J19_S005784,환불요청
J19_S005794,환불요청
J19_S005797,환불요청
J19_S005804,환불요청
J19_S005831,환불요청
J19_S005875,환불요청
J19_S005899,환불요청
J19_S005902,환불요청
J19_S005915,환불요청
J19_S005920,환불요청
J19_S005922,환불요청
J19_S005927,환불요청
J19_S005935,환불요청
J19_S005951,환불요청
J19_S005952,환불요청
J19_S005953,환불요청
J19_S005967,환불요청
J19_S005979,환불요청
J19_S005988,환불요청
J19_S005989,환불요청
J19_S005990,환불요청
J19_S005991,환불요청
J19_S005995,환불요청
J19_S005998,환불요청
J19_S006000,환불요청
J19_S006009,환불요청
J19_S006023,환불요청
J19_S006036,환불요청
J19_S006038,환불요청
J19_S006049,환불요청
J19_S006056,환불요청
J19_S006065,환불요청
J19_S006066,환불요청
J19_S006077,환불요청
J19_S006083,환불요청
J19_S006084,환불요청
J19_S006087,환불요청
J19_S006097,환불요청
J19_S006114,환불요청
J19_S006127,환불요청
J19_S006137,환불요청
J19_S006138,환불요청
J19_S006163,환불요청
J19_S006166,환불요청
J19_S006175,환불요청
J19_S006177,환불요청
J19_S006178,환불요청
J19_S006179,환불요청
J19_S006182,환불요청
J19_S006186,환불요청
J19_S006189,환불요청
J19_S006193,환불요청
J19_S006195,환불요청
J19_S006196,환불요청
J19_S006203,환불요청
J19_S006208,환불요청
J19_S006210,환불요청
J19_S006214,환불요청
J19_S006217,환불요청
J19_S006221,환불요청
J19_S006224,환불요청
J19_S006226,환불요청
J19_S006229,환불요청
J19_S006230,환불요청
J19_S006231,환불요청
J19_S006250,환불요청
J19_S006251,환불요청
J19_S006260,환불요청
J19_S006261,환불요청
J19_S006267,환불요청
J19_S006283,환불요청
J19_S006288,환불요청
J19_S006289,환불요청
J19_S006297,환불요청
J19_S006300,환불요청
J19_S006320,환불요청
J19_S006321,환불요청
J19_S006328,배송확인
J19_S006337,환불요청
J19_S006340,환불요청
J19_S006341,환불요청
J19_S006342,환불요청
J19_S006343,환불요청
J19_S006345,환불요청
J19_S006349,환불요청
J19_S006353,환불요청
J19_S006360,환불요청
J19_S006366,환불요청
J19_S006367,환불요청
J19_S006372,환불요청
J19_S006457,환불요청
J19_S006469,환불요청
J19_S006471,환불요청
J19_S006478,환불요청
J19_S006481,환불요청
J19_S006496,환불요청
J19_S006500,환불요청
J19_S006504,환불요청
J19_S006505,환불요청
J19_S006520,환불요청
J19_S006521,환불요청
J19_S006529,환불요청
J19_S006534,환불요청
J19_S006536,환불요청
J19_S006537,환불요청
J19_S006544,환불요청
J19_S006545,환불요청
J19_S006550,환불요청
J19_S006551,환불요청
J19_S006558,환불요청
J19_S006560,환불요청
J19_S006564,환불요청
J19_S006565,환불요청
J19_S006566,환불요청
J19_S006570,환불요청
J19_S006579,환불요청
J19_S006598,환불요청
J19_S006604,환불요청
J19_S006605,환불요청
J19_S006614,환불요청
J19_S006620,환불요청
J19_S006623,환불요청
J19_S006629,환불요청
J19_S006654,환불요청
J19_S006656,환불요청
J19_S006662,환불요청
J19_S006663,환불요청
J19_S006665,배송확인
J19_S006666,환불요청
J19_S006667,환불요청
J19_S006668,환불요청
J19_S006679,환불요청
J19_S006680,환불요청
J19_S006685,환불요청
J19_S006693,환불요청
J19_S006697,환불요청
J19_S006698,환불요청
J19_S006701,환불요청
J19_S006704,환불요청
J19_S006710,환불요청
J19_S006711,환불요청
J19_S006712,환불요청
J19_S006714,환불요청
J19_S006726,환불요청
J19_S006727,환불요청
J19_S006729,환불요청
J19_S006732,환불요청
J19_S006733,환불요청
J19_S006734,환불요청
J19_S006736,환불요청
J19_S006737,환불요청
J19_S006743,환불요청
J19_S006752,환불요청
J19_S006756,환불요청
J19_S006757,환불요청
J19_S006762,환불요청
J19_S006793,환불요청
J19_S006795,환불요청
J19_S006798,환불요청
J19_S006799,환불요청
J19_S006801,환불요청
J19_S006802,환불요청
J19_S006805,환불요청
J19_S006809,환불요청
J19_S006812,환불요청
J19_S006815,환불요청
J19_S006819,환불요청
J19_S006820,환불요청
J19_S006823,환불요청
J19_S006825,환불요청
J19_S006828,환불요청
J19_S006844,배송확인
J19_S006865,환불요청
J19_S006868,환불요청
J19_S006874,환불요청
J19_S006876,환불요청
J19_S006883,환불요청
J19_S006900,환불요청
J19_S006912,환불요청
J19_S006930,환불요청
J19_S006938,환불요청
J19_S006968,환불요청
J19_S006996,환불요청
J19_S007001,환불요청
J19_S007020,환불요청
J19_S007025,환불요청
J19_S007033,환불요청
J19_S007034,환불요청
J19_S007041,환불요청
J19_S007044,환불요청
J19_S007051,환불요청
J19_S007058,환불요청
J19_S007062,환불요청
J19_S007064,환불요청
J19_S007070,환불요청
J19_S007075,환불요청
J19_S007076,환불요청
J19_S007077,환불요청
J19_S007082,환불요청
J19_S007087,환불요청
J19_S007088,환불요청
J19_S007093,환불요청
J19_S007099,환불요청
J19_S007100,환불요청
J19_S007101,환불요청
J19_S007102,환불요청
J19_S007103,환불요청
J19_S007105,환불요청
J19_S007108,환불요청
J19_S007110,환불요청
J19_S007115,환불요청
J19_S007117,환불요청
J19_S007118,환불요청
J19_S007129,환불요청
J19_S007139,환불요청
J19_S007148,환불요청
J19_S007160,환불요청
J19_S007164,환불요청
J19_S007179,환불요청
J19_S007192,환불요청
J19_S007220,환불요청
J19_S007222,환불요청
J19_S007228,환불요청
J19_S007230,환불요청
J19_S007231,환불요청
J19_S007235,환불요청
J19_S007236,환불요청
J19_S007257,환불요청
J19_S007281,환불요청
J19_S007284,환불요청
J19_S007285,환불요청
J19_S007287,환불요청
J19_S007296,환불요청
J19_S007299,환불요청
J19_S007305,환불요청
J19_S007315,환불요청
J19_S007318,환불요청
J19_S007319,환불요청
J19_S007328,환불요청
J19_S007335,환불요청
J19_S007358,환불요청
J19_S007362,환불요청
J19_S007373,환불요청
J19_S007376,환불요청
J19_S007390,환불요청
J19_S007392,환불요청
J19_S007393,환불요청
J19_S007397,환불요청
J19_S007400,환불요청
J19_S007406,환불요청
J19_S007408,환불요청
J19_S007409,환불요청
J19_S007415,환불요청
J19_S007419,환불요청
J19_S007423,환불요청
J19_S007424,환불요청
J19_S007433,환불요청
J19_S007445,환불요청
J19_S007451,배송확인
J19_S007452,환불요청
J19_S007486,환불요청
J19_S007495,환불요청
J19_S007497,환불요청
J19_S007499,환불요청
J19_S007502,환불요청
J19_S007511,환불요청
J19_S007515,환불요청
J19_S007520,환불요청
J19_S007524,환불요청
J19_S007537,환불요청
J19_S007558,환불요청
J19_S007566,환불요청
J19_S007567,환불요청
J19_S007573,환불요청
J19_S007575,환불요청
J19_S007578,환불요청
J19_S007588,환불요청
J19_S007589,환불요청
J19_S007597,환불요청
J19_S007599,환불요청
J19_S007611,환불요청
J19_S007613,환불요청
J19_S007615,환불요청
J19_S007619,환불요청
J19_S007620,환불요청
J19_S007625,환불요청
J19_S007626,환불요청
J19_S007632,환불요청
J19_S007640,환불요청
J19_S007645,환불요청
J19_S007647,환불요청
J19_S007648,환불요청
J19_S007650,환불요청
J19_S007652,환불요청
J19_S007656,환불요청
J19_S007662,환불요청
J19_S007665,환불요청
J19_S007680,환불요청
J19_S007683,환불요청
J19_S007689,환불요청
J19_S007692,배송확인
J19_S007701,환불요청
J19_S007719,환불요청
J19_S007731,환불요청
J19_S007746,환불요청
J19_S007755,환불요청
J19_S007792,환불요청
J19_S007823,환불요청
J19_S007829,환불요청
J19_S007830,환불요청
J19_S007831,환불요청
J19_S007833,환불요청
J19_S007847,환불요청
J19_S007882,환불요청
J19_S007884,환불요청
J19_S007885,환불요청
J19_S007893,환불요청
J19_S007895,환불요청
J19_S007905,환불요청
J19_S007908,환불요청
J19_S007975,환불요청
J19_S007976,환불요청
J19_S007998,환불요청
J19_S007999,환불요청
J19_S008002,환불요청
J19_S008034,환불요청
J19_S008035,배송확인
J19_S008036,배송확인
J19_S008042,환불요청
J19_S008044,환불요청
J19_S008056,환불요청
J19_S008064,환불요청
J19_S008083,환불요청
J19_S008088,환불요청
J19_S008089,환불요청
J19_S008094,환불요청
J19_S008100,환불요청
J19_S008102,환불요청
J19_S008119,환불요청
J19_S008124,환불요청
J19_S008126,환불요청
J19_S008139,환불요청
J19_S008147,환불요청
J19_S008149,환불요청
J19_S008173,환불요청
J19_S008174,환불요청
J19_S008178,환불요청
J19_S008181,환불요청
J19_S008182,환불요청
J19_S008192,환불요청
J19_S008193,환불요청
J19_S008200,환불요청
J19_S008208,환불요청
J19_S008228,환불요청
J19_S008230,환불요청
J19_S008256,환불요청
J19_S008260,환불요청
J19_S008261,환불요청
J19_S008262,환불요청
J19_S008264,배송확인
J19_S008271,환불요청
J19_S008277,환불요청
J19_S008281,환불요청
J19_S008282,환불요청
J19_S008292,환불요청
J19_S008294,환불요청
J19_S008299,환불요청
J19_S008300,환불요청
J19_S008302,환불요청
J19_S008307,환불요청
J19_S008309,환불요청
J19_S008310,환불요청
J19_S008316,환불요청
J19_S008324,환불요청
J19_S008331,환불요청
J19_S008335,환불요청
J19_S008365,환불요청
J19_S008369,환불요청
J19_S008372,환불요청
J19_S008398,환불요청
J19_S008424,환불요청
J19_S008449,환불요청
J19_S008462,환불요청
J19_S008463,환불요청
J19_S008467,환불요청
J19_S008483,환불요청
J19_S008492,환불요청
J19_S008507,환불요청
J19_S008510,환불요청
J19_S008512,환불요청
J19_S008514,환불요청
J19_S008516,환불요청
J19_S008519,환불요청
J19_S008524,환불요청
J19_S008554,환불요청
J19_S008556,환불요청
J19_S008559,환불요청
J19_S008564,환불요청
J19_S008567,환불요청
J19_S008583,환불요청
J19_S008589,환불요청
J19_S008608,환불요청
J19_S008613,환불요청
J19_S008616,환불요청
J19_S008620,환불요청
J19_S008622,환불요청
J19_S008627,환불요청
J19_S008629,환불요청
J19_S008631,환불요청
J19_S008639,환불요청
J19_S008642,환불요청
J19_S008643,환불요청
J19_S008644,환불요청
J19_S008648,환불요청
J19_S008650,환불요청
J19_S008673,환불요청
J19_S008674,환불요청
J19_S008676,환불요청
J19_S008678,환불요청
J19_S008682,환불요청
J19_S008687,환불요청
J19_S008690,환불요청
J19_S008693,환불요청
J19_S008694,환불요청
J19_S008710,환불요청
J19_S008718,환불요청
J19_S008727,환불요청
J19_S008743,환불요청
J19_S008744,환불요청
J19_S008747,환불요청
J19_S008757,배송확인
J19_S008758,환불요청
J19_S008759,환불요청
J19_S008761,환불요청
J19_S008766,환불요청
J19_S008785,환불요청
J19_S008792,환불요청
J19_S008798,환불요청
J19_S008800,환불요청
J19_S008801,환불요청
J19_S008803,환불요청
J19_S008805,환불요청
J19_S008822,환불요청
J19_S008824,환불요청
J19_S008827,환불요청
J19_S008832,환불요청
J19_S008836,환불요청
J19_S008840,환불요청
J19_S008842,환불요청
J19_S008844,환불요청
J19_S008848,환불요청
J19_S008852,환불요청
J19_S008859,환불요청
J19_S008873,환불요청
J19_S008875,환불요청
J19_S008877,환불요청
J19_S008878,환불요청
J19_S008887,환불요청
J19_S008889,환불요청
J19_S008897,환불요청
J19_S008903,환불요청
J19_S008909,환불요청
J19_S008910,환불요청
J19_S008911,환불요청
J19_S008912,환불요청
J19_S008924,환불요청
J19_S008934,환불요청
J19_S008936,환불요청
J19_S008941,환불요청
J19_S008942,환불요청
J19_S008950,환불요청
J19_S008951,환불요청
J19_S008954,환불요청
J19_S008957,환불요청
J19_S008960,환불요청
J19_S008966,환불요청
J19_S008972,환불요청
J19_S008977,환불요청
J19_S008981,환불요청
J19_S008990,환불요청
J19_S009005,환불요청
J19_S009018,환불요청
J19_S009022,환불요청
J19_S009024,환불요청
J19_S009026,환불요청
J19_S009032,환불요청
J19_S009035,환불요청
J19_S009038,환불요청
J19_S009040,환불요청
J19_S009043,환불요청
J19_S009046,환불요청
J19_S009050,환불요청
J19_S009057,환불요청
J19_S009058,환불요청
J19_S009061,환불요청
J19_S009067,환불요청
J19_S009068,환불요청
J19_S009075,환불요청
J19_S009085,환불요청
J19_S009099,환불요청
J19_S009108,환불요청
J19_S009114,환불요청
J19_S009128,환불요청
J19_S009130,환불요청
J19_S009143,환불요청
J19_S009147,환불요청
J19_S009152,환불요청
J19_S009170,환불요청
J19_S009171,배송확인
J19_S009175,환불요청
J19_S009179,환불요청
J19_S009194,환불요청
J19_S009199,환불요청
J19_S009202,환불요청
J19_S009204,환불요청
J19_S009206,환불요청
J19_S009215,환불요청
J19_S009218,환불요청
J19_S009226,환불요청
J19_S009230,환불요청
J19_S009235,환불요청
J19_S009241,환불요청
J19_S009246,환불요청
J19_S009269,환불요청
J19_S009271,환불요청
J19_S009275,환불요청
J19_S009278,환불요청
J19_S009287,환불요청
J19_S009296,환불요청
J19_S009298,환불요청
J19_S009311,환불요청
J19_S009318,환불요청
J19_S009322,환불요청
J19_S009336,환불요청
J19_S009352,환불요청
J19_S009359,환불요청
J19_S009363,환불요청
J19_S009364,환불요청
J19_S009389,환불요청
J19_S009400,환불요청
J19_S009404,환불요청
J19_S009405,환불요청
J19_S009408,환불요청
J19_S009410,환불요청
J19_S009420,환불요청
J19_S009426,환불요청
J19_S009434,환불요청
J19_S009435,환불요청
J19_S009448,환불요청
J19_S009463,환불요청
J19_S009484,환불요청
J19_S009498,환불요청
J19_S009516,환불요청
J19_S009526,환불요청
J19_S009531,환불요청
J19_S009532,환불요청
J19_S009541,환불요청
J19_S009552,환불요청
J19_S009554,환불요청
J19_S009560,환불요청
J19_S009562,배송확인
J19_S009598,환불요청
J19_S009620,환불요청
J19_S009623,환불요청
J19_S009624,환불요청
J19_S009639,환불요청
J19_S009644,환불요청
J19_S009646,환불요청
J19_S009650,환불요청
J19_S009653,환불요청
J19_S009655,환불요청
J19_S009657,환불요청
J19_S009665,환불요청
J19_S009668,환불요청
J19_S009670,환불요청
J19_S009690,환불요청
J19_S009694,환불요청
J19_S009700,환불요청
J19_S009704,환불요청
J19_S009710,환불요청
J19_S009716,환불요청
J19_S009720,환불요청
J19_S009738,환불요청
J19_S009743,환불요청
J19_S009745,환불요청
J19_S009749,환불요청
J19_S009750,배송확인
J19_S009751,환불요청
J19_S009756,환불요청
J19_S009759,환불요청
J19_S009775,환불요청
J19_S009784,환불요청
J19_S009788,환불요청
J19_S009789,환불요청
J19_S009798,환불요청
J19_S009800,환불요청
J19_S009810,환불요청
J19_S009813,환불요청
J19_S009822,환불요청
J19_S009825,환불요청
J19_S009828,환불요청
J19_S009832,환불요청
J19_S009840,환불요청
J19_S009852,환불요청
J19_S009856,환불요청
J19_S009857,환불요청
J19_S009863,환불요청
J19_S009867,환불요청
J19_S009875,환불요청
J19_S009877,환불요청
J19_S009878,환불요청
J19_S009882,환불요청
J19_S009883,환불요청
J19_S009892,환불요청
J19_S009895,환불요청
J19_S009912,환불요청
J19_S009918,환불요청
J19_S009930,환불요청
J19_S009937,환불요청
J19_S009942,환불요청
J19_S009948,환불요청
J19_S009956,환불요청
J19_S009958,환불요청
J19_S009960,환불요청
J19_S009963,환불요청
J19_S009964,환불요청
J19_S009965,환불요청
J19_S009968,환불요청
J19_S009975,환불요청
J19_S009988,환불요청
J19_S009996,환불요청
J19_S009999,환불요청
J19_S010008,환불요청
J19_S010011,환불요청
J19_S010012,환불요청
J19_S010016,환불요청
J19_S010022,환불요청
J19_S010028,환불요청
J19_S010039,환불요청
J19_S010058,환불요청
J19_S010069,환불요청
J19_S010070,환불요청
J19_S010073,환불요청
J19_S010076,환불요청
J19_S010079,환불요청
J19_S010087,환불요청
J19_S010093,환불요청
J19_S010098,환불요청
J19_S010099,환불요청
J19_S010104,환불요청
J19_S010108,환불요청
J19_S010111,환불요청
J19_S010113,환불요청
J19_S010114,환불요청
J19_S010119,환불요청
J19_S010123,환불요청
J19_S010128,환불요청
J19_S010129,환불요청
J19_S010130,환불요청
J19_S010132,환불요청
J19_S010142,환불요청
J19_S010148,환불요청
J19_S010149,환불요청
J19_S010151,배송확인
J19_S010160,환불요청
J19_S010162,환불요청
J19_S010168,환불요청
J19_S010169,환불요청
J19_S010173,환불요청
J19_S010177,환불요청
J19_S010182,환불요청
J19_S010185,환불요청
J19_S010189,환불요청
J19_S010192,환불요청
J19_S010199,환불요청
J19_S010201,환불요청
J19_S010214,환불요청
J19_S010223,환불요청
J19_S010238,환불요청
J19_S010248,환불요청
J19_S010249,환불요청
J19_S010251,환불요청
J19_S010252,환불요청
J19_S010253,환불요청
J19_S010256,환불요청
J19_S010260,환불요청
J19_S010263,환불요청
J19_S010269,환불요청
J19_S010272,환불요청
J19_S010277,환불요청
J19_S010278,환불요청
J19_S010279,환불요청
J19_S010280,환불요청
J19_S010293,환불요청
J19_S010299,환불요청
J19_S010303,환불요청
J19_S010315,환불요청
J19_S010327,환불요청
J19_S010330,환불요청
J19_S010335,환불요청
J19_S010341,환불요청
J19_S010344,환불요청
J19_S010345,환불요청
J19_S010352,환불요청
J19_S010356,환불요청
J19_S010359,환불요청
J19_S010368,환불요청
J19_S010373,환불요청
J19_S010379,환불요청
J19_S010381,환불요청
J19_S010386,환불요청
J19_S010387,환불요청
J19_S010390,환불요청
J19_S010391,환불요청
J19_S010393,환불요청
J19_S010396,환불요청
J19_S010397,환불요청
J19_S010409,환불요청
J19_S010414,환불요청
J19_S010424,환불요청
J19_S010425,환불요청
J19_S010431,환불요청
J19_S010434,환불요청
J19_S010437,환불요청
J19_S010444,환불요청
J19_S010457,환불요청
J19_S010478,환불요청
J19_S010486,환불요청
J19_S010492,환불요청
J19_S010494,환불요청
J19_S010498,환불요청
J19_S010504,환불요청
J19_S010511,환불요청
J19_S010514,환불요청
J19_S010516,환불요청
J19_S010519,환불요청
J19_S010522,환불요청
J19_S010525,환불요청
J19_S010534,환불요청
J19_S010536,환불요청
J19_S010537,환불요청
J19_S010541,환불요청
J19_S010543,환불요청
J19_S010548,환불요청
J19_S010557,환불요청
J19_S010559,환불요청
J19_S010561,환불요청
J19_S010567,환불요청
J19_S010580,환불요청
J19_S010586,환불요청
J19_S010587,환불요청
J19_S010596,환불요청
J19_S010600,환불요청
J19_S010602,환불요청
J19_S010604,환불요청
J19_S010626,환불요청
J19_S010627,환불요청
J19_S010637,환불요청
J19_S010658,환불요청
J19_S010659,환불요청
J19_S010669,환불요청
J19_S010671,환불요청
J19_S010673,환불요청
J19_S010675,환불요청
J19_S010676,환불요청
J19_S010678,환불요청
J19_S010679,환불요청
J19_S010684,환불요청
J19_S010697,환불요청
J19_S010705,환불요청
J19_S010709,환불요청
J19_S010715,환불요청
J19_S010727,환불요청
J19_S010729,환불요청
J19_S010730,환불요청
J19_S010734,환불요청
J19_S010742,환불요청
J19_S010743,환불요청
J19_S010744,환불요청
J19_S010750,환불요청
J19_S010752,환불요청
J19_S010753,환불요청
J19_S010757,환불요청
J19_S010761,환불요청
J19_S010768,환불요청
J19_S010770,환불요청
J19_S010774,환불요청
J19_S010781,환불요청
J19_S010782,환불요청
J19_S010793,환불요청
J19_S010794,환불요청
J19_S010795,환불요청
J19_S010801,환불요청
J19_S010802,환불요청
J19_S010803,환불요청
J19_S010834,환불요청
J19_S010849,환불요청
J19_S010853,환불요청
J19_S010860,환불요청
J19_S010876,환불요청
J19_S010877,환불요청
J19_S010880,환불요청
J19_S010888,환불요청
J19_S010891,배송확인
J19_S010897,환불요청
J19_S010898,환불요청
J19_S010904,환불요청
J19_S010912,환불요청
J19_S010924,환불요청
J19_S010929,환불요청
J19_S010940,환불요청
J19_S010942,환불요청
J19_S010943,환불요청
J19_S010944,환불요청
J19_S010949,환불요청
J19_S010958,환불요청
J19_S010961,환불요청
J19_S010963,환불요청
J19_S010964,환불요청
J19_S010966,환불요청
J19_S011029,환불요청
J19_S011034,환불요청
J19_S011039,환불요청
J19_S011040,환불요청
J19_S011042,환불요청
J19_S011045,환불요청
J19_S011053,환불요청
J19_S011056,환불요청
J19_S011059,환불요청
J19_S011060,환불요청
J19_S011067,환불요청
J19_S011077,환불요청
J19_S011087,환불요청
J19_S011094,환불요청
J19_S011097,환불요청
J19_S011102,환불요청
J19_S011107,환불요청
J19_S011110,환불요청
J19_S011113,환불요청
J19_S011114,환불요청
J19_S011117,환불요청
J19_S011123,환불요청
J19_S011124,환불요청
J19_S011128,환불요청
J19_S011131,환불요청
J19_S011132,환불요청
J19_S011137,환불요청
J19_S011157,환불요청
J19_S011167,환불요청
J19_S011173,환불요청
J19_S011184,환불요청
J19_S011186,환불요청
J19_S011187,환불요청
J19_S011192,환불요청
J19_S011218,환불요청
J19_S011237,환불요청
J19_S011238,환불요청
J19_S011243,환불요청
J19_S011248,환불요청
J19_S011251,환불요청
J19_S011256,환불요청
J19_S011257,환불요청
J19_S011258,환불요청
J19_S011263,환불요청
J19_S011265,환불요청
J19_S011266,환불요청
J19_S011267,환불요청
J19_S011281,환불요청
J19_S011293,환불요청
J19_S011294,환불요청
J19_S011308,환불요청
J19_S011312,환불요청
J19_S011314,환불요청
J19_S011315,환불요청
J19_S011316,환불요청
J19_S011318,환불요청
J19_S011322,환불요청
J19_S011327,환불요청
J19_S011328,환불요청
J19_S011330,환불요청
J19_S011331,환불요청
J19_S011338,환불요청
J19_S011346,환불요청
J19_S011361,환불요청
J19_S011362,환불요청
J19_S011364,환불요청
J19_S011367,환불요청
J19_S011374,환불요청
J19_S011384,환불요청
J19_S011385,환불요청
J19_S011389,환불요청
J19_S011392,환불요청
J19_S011395,환불요청
J19_S011406,환불요청
J19_S011412,환불요청
J19_S011413,환불요청
J19_S011419,환불요청
J19_S011425,환불요청
J19_S011426,환불요청
J19_S011427,환불요청
J19_S011430,환불요청
J19_S011434,환불요청
J19_S011437,환불요청
J19_S011459,환불요청
J19_S011467,환불요청
J19_S011470,환불요청
J19_S011474,환불요청
J19_S011480,환불요청
J19_S011481,환불요청
J19_S011488,환불요청
J19_S011490,환불요청
J19_S011491,환불요청
J19_S011498,환불요청
J19_S011500,환불요청
J19_S011504,환불요청
J19_S011511,환불요청
J19_S011536,환불요청
J19_S011557,환불요청
J19_S011558,환불요청
J19_S011565,환불요청
J19_S011569,환불요청
J19_S011575,환불요청
J19_S011592,환불요청
J19_S011595,환불요청
J19_S011601,환불요청
J19_S011608,배송확인
J19_S011612,환불요청
J19_S011617,환불요청
J19_S011620,환불요청
J19_S011622,환불요청
J19_S011628,환불요청
J19_S011631,환불요청
J19_S011644,환불요청
J19_S011656,환불요청
J19_S011657,환불요청
J19_S011661,환불요청
J19_S011662,환불요청
J19_S011663,환불요청
J19_S011664,환불요청
J19_S011669,환불요청
J19_S011670,환불요청
J19_S011674,환불요청
J19_S011675,환불요청
J19_S011677,환불요청
J19_S011680,환불요청
J19_S011683,환불요청
J19_S011684,환불요청
J19_S011689,환불요청
J19_S011695,배송확인
J19_S011696,환불요청
J19_S011698,환불요청
J19_S011720,환불요청
J19_S011727,환불요청
J19_S011728,환불요청
J19_S011738,환불요청
J19_S011739,환불요청
J19_S011744,환불요청
J19_S011756,환불요청
J19_S011757,환불요청
J19_S011758,환불요청
J19_S011763,환불요청
J19_S011779,환불요청
J19_S011785,환불요청
J19_S011789,환불요청
J19_S011792,환불요청
J19_S011810,환불요청
J19_S011812,환불요청
J19_S011820,환불요청
J19_S011823,환불요청
J19_S011835,환불요청
J19_S011836,환불요청
J19_S011844,환불요청
J19_S011849,환불요청
J19_S011861,환불요청
J19_S011863,환불요청
J19_S011866,환불요청
J19_S011869,환불요청
J19_S011870,환불요청
J19_S011871,환불요청
J19_S011879,환불요청
J19_S011886,환불요청
J19_S011892,환불요청
J19_S011895,환불요청
J19_S011901,환불요청
J19_S011903,환불요청
J19_S011906,환불요청
J19_S011908,환불요청
J19_S011914,환불요청
J19_S011916,환불요청
J19_S011920,환불요청
J19_S011928,환불요청
J19_S011929,환불요청
J19_S011933,환불요청
J19_S011935,환불요청
J19_S011937,환불요청
J19_S011941,환불요청
J19_S011946,환불요청
J19_S011954,환불요청
J19_S011956,환불요청
J19_S011961,환불요청
J19_S011963,환불요청
J19_S011965,환불요청
J19_S011968,환불요청
J19_S011982,환불요청
J19_S011983,환불요청
J19_S011986,환불요청
J19_S011988,환불요청
J19_S011990,환불요청
J19_S011991,환불요청
J19_S011998,환불요청
J19_S012002,환불요청
J19_S012008,환불요청
J19_S012022,환불요청
J19_S012030,환불요청
J19_S012035,환불요청
J19_S012039,환불요청
J19_S012040,환불요청
J19_S012041,환불요청
J19_S012047,환불요청
J19_S012056,환불요청
J19_S012059,환불요청
J19_S012061,환불요청
J19_S012063,환불요청
J19_S012070,환불요청
J19_S012090,환불요청
J19_S012094,환불요청
J19_S012095,환불요청
J19_S012110,환불요청
J19_S012120,환불요청
J19_S012127,환불요청
J19_S012134,환불요청
J19_S012140,환불요청
J19_S012143,환불요청
J19_S012144,환불요청
J19_S012145,환불요청
J19_S012147,환불요청
J19_S012150,환불요청
J19_S012156,환불요청
J19_S012164,환불요청
J19_S012166,환불요청
J19_S012185,환불요청
J19_S012187,환불요청
J19_S012188,환불요청
J19_S012189,환불요청
J19_S012196,환불요청
J19_S012206,환불요청
J19_S012219,환불요청
J19_S012220,환불요청
J19_S012224,환불요청
J19_S012230,환불요청
J19_S012236,환불요청
J19_S012238,환불요청
J19_S012242,환불요청
J19_S012254,환불요청
J19_S012255,환불요청
J19_S012262,환불요청
J19_S012264,환불요청
J19_S012267,환불요청
J19_S012269,환불요청
J19_S012270,환불요청
J19_S012278,환불요청
J19_S012289,환불요청
J19_S012298,환불요청
J19_S012300,환불요청
J19_S012303,환불요청
J19_S012305,환불요청
J19_S012344,환불요청
J19_S012367,환불요청
J19_S012368,환불요청
J19_S012369,배송확인
J19_S012377,환불요청
J19_S012380,환불요청
J19_S012381,환불요청
J19_S012386,환불요청
J19_S012401,환불요청
J19_S012407,환불요청
J19_S012411,환불요청
J19_S012412,환불요청
J19_S012413,환불요청
J19_S012415,환불요청
J19_S012430,환불요청
J19_S012437,환불요청
J19_S012443,환불요청
J19_S012447,환불요청
J19_S012448,환불요청
J19_S012456,환불요청
J19_S012476,환불요청
J19_S012488,환불요청
J19_S012514,환불요청
J19_S012518,환불요청
J19_S012522,환불요청
J19_S012525,환불요청
J19_S012529,환불요청
J19_S012536,환불요청
J19_S012540,환불요청
J19_S012542,환불요청
J19_S012545,환불요청
J19_S012546,환불요청
J19_S012551,환불요청
J19_S012553,환불요청
J19_S012557,환불요청
J19_S012558,환불요청
J19_S012566,환불요청
J19_S012573,환불요청
J19_S012575,환불요청
J19_S012586,환불요청
J19_S012587,환불요청
J19_S012588,환불요청
J19_S012600,환불요청
J19_S012611,환불요청
J19_S012621,환불요청
J19_S012630,환불요청
J19_S012632,환불요청
J19_S012635,환불요청
J19_S012637,환불요청
J19_S012638,환불요청
J19_S012639,환불요청
J19_S012642,환불요청
J19_S012644,환불요청
J19_S012659,환불요청
J19_S012661,환불요청
J19_S012669,환불요청
J19_S012706,환불요청
J19_S012717,환불요청
J19_S012718,환불요청
J19_S012728,환불요청
J19_S012731,환불요청
J19_S012738,환불요청
J19_S012748,환불요청
J19_S012749,환불요청
J19_S012752,환불요청
J19_S012762,환불요청
J19_S012767,환불요청
J19_S012794,환불요청
J19_S012798,환불요청
J19_S012800,환불요청
J19_S012801,환불요청
J19_S012815,환불요청
J19_S012820,환불요청
J19_S012832,환불요청
J19_S012845,환불요청
J19_S012848,환불요청
J19_S012854,환불요청
J19_S012859,환불요청
J19_S012863,환불요청
J19_S012872,환불요청
J19_S012873,환불요청
J19_S012878,환불요청
J19_S012883,환불요청
J19_S012890,환불요청
J19_S012891,환불요청
J19_S012903,환불요청
J19_S012908,환불요청
J19_S012932,환불요청
J19_S012940,환불요청
J19_S012941,환불요청
J19_S012942,환불요청
J19_S012951,환불요청
J19_S012954,환불요청
J19_S012955,환불요청
J19_S012965,환불요청
J19_S012967,환불요청
J19_S012970,환불요청
J19_S012971,환불요청
J19_S012979,환불요청
J19_S012993,환불요청
J19_S012994,환불요청
J19_S012998,배송확인
J19_S013003,환불요청
J19_S013005,환불요청
J19_S013006,환불요청
J19_S013011,환불요청
J19_S013018,환불요청
J19_S013030,환불요청
J19_S013040,환불요청
J19_S013041,환불요청
J19_S013043,환불요청
J19_S013044,환불요청
J19_S013046,환불요청
J19_S013050,환불요청
J19_S013051,환불요청
J19_S013053,환불요청
J19_S013058,환불요청
J19_S013066,환불요청
J19_S013070,환불요청
J19_S013074,환불요청
J19_S013079,환불요청
J19_S013084,환불요청
J19_S013085,환불요청
J19_S013087,환불요청
J19_S013115,환불요청
J19_S013117,환불요청
J19_S013118,환불요청
J19_S013120,환불요청
J19_S013132,환불요청
J19_S013139,환불요청
J19_S013140,환불요청
J19_S013141,환불요청
J19_S013142,환불요청
J19_S013145,환불요청
J19_S013149,환불요청
J19_S013154,환불요청
J19_S013157,환불요청
J19_S013165,환불요청
J19_S013178,환불요청
J19_S013189,환불요청
J19_S013193,환불요청
J19_S013199,환불요청
J19_S013201,환불요청
J19_S013213,환불요청
J19_S013215,환불요청
J19_S013225,환불요청
J19_S013241,환불요청
J19_S013242,환불요청
J19_S013249,환불요청
J19_S013258,환불요청
J19_S013261,환불요청
J19_S013263,환불요청
J19_S013264,환불요청
J19_S013267,환불요청
J19_S013286,환불요청
J19_S013288,환불요청
J19_S013290,환불요청
J19_S013302,환불요청
J19_S013313,배송확인
J19_S013314,환불요청
J19_S013315,환불요청
J19_S013320,환불요청
J19_S013321,환불요청
J19_S013343,환불요청
J19_S013346,환불요청
J19_S013350,환불요청
J19_S013361,환불요청
J19_S013363,환불요청
J19_S013365,환불요청
J19_S013373,환불요청
J19_S013381,환불요청
J19_S013394,환불요청
J19_S013398,환불요청
J19_S013400,환불요청
J19_S013407,환불요청
J19_S013414,환불요청
J19_S013415,환불요청
J19_S013418,환불요청
J19_S013423,환불요청
J19_S013427,환불요청
J19_S013432,환불요청
J19_S013435,환불요청
J19_S013436,환불요청
J19_S013442,환불요청
J19_S013444,환불요청
J19_S013449,환불요청
J19_S013452,환불요청
J19_S013457,환불요청
J19_S013459,환불요청
J19_S013468,환불요청
J19_S013478,환불요청
J19_S013480,환불요청
J19_S013481,환불요청
J19_S013487,환불요청
J19_S013489,환불요청
J19_S013495,환불요청
J19_S013508,환불요청
J19_S013512,환불요청
J19_S013513,환불요청
J19_S013517,환불요청
J19_S013526,환불요청
J19_S013527,환불요청
J19_S013534,환불요청
J19_S013537,환불요청
J19_S013541,환불요청
J19_S013542,환불요청
J19_S013550,환불요청
J19_S013553,환불요청
J19_S013560,환불요청
J19_S013565,환불요청
J19_S013566,환불요청
J19_S013570,환불요청
J19_S013575,환불요청
J19_S013579,환불요청
J19_S013590,환불요청
J19_S013601,환불요청
J19_S013603,환불요청
J19_S013610,환불요청
J19_S013618,환불요청
J19_S013625,환불요청
J19_S013655,환불요청
J19_S013658,환불요청
J19_S013663,환불요청
J19_S013666,환불요청
J19_S013667,환불요청
J19_S013672,환불요청
J19_S013675,배송확인
J19_S013686,환불요청
J19_S013706,환불요청
J19_S013715,환불요청
J19_S013718,환불요청
J19_S013722,환불요청
J19_S013729,환불요청
J19_S013732,환불요청
J19_S013734,환불요청
J19_S013738,환불요청
J19_S013739,환불요청
J19_S013740,환불요청
J19_S013741,환불요청
J19_S013743,환불요청
J19_S013745,환불요청
J19_S013750,환불요청
J19_S013752,환불요청
J19_S013772,환불요청
J19_S013776,환불요청
J19_S013783,환불요청
J19_S013784,환불요청
J19_S013785,환불요청
J19_S013794,환불요청
J19_S013800,환불요청
J19_S013807,환불요청
J19_S013813,환불요청
J19_S013814,환불요청
J19_S013815,환불요청
J19_S013816,환불요청
J19_S013834,환불요청
J19_S013840,환불요청
J19_S013854,환불요청
J19_S013858,환불요청
J19_S013863,환불요청
J19_S013870,환불요청
J19_S013884,환불요청
J19_S013898,환불요청
J19_S013912,환불요청
J19_S013914,환불요청
J19_S013919,환불요청
J19_S013936,환불요청
J19_S013937,환불요청
J19_S013938,환불요청
J19_S013951,환불요청
J19_S013955,환불요청
J19_S013956,환불요청
J19_S013959,환불요청
J19_S013960,환불요청
J19_S013971,환불요청
J19_S013973,환불요청
J19_S013977,환불요청
J19_S013980,환불요청
J19_S013986,환불요청
J19_S013991,환불요청
J19_S013992,환불요청
J19_S014001,환불요청
J19_S014009,환불요청
J19_S014014,환불요청
J19_S014015,환불요청
J19_S014026,환불요청
J19_S014069,환불요청
J19_S014071,환불요청
J19_S014080,환불요청
J19_S014084,환불요청
J19_S014096,환불요청
J19_S014118,환불요청
J19_S014121,환불요청
J19_S014134,환불요청
J19_S014138,환불요청
J19_S014141,환불요청
J19_S014147,환불요청
J19_S014149,환불요청
J19_S014153,환불요청
J19_S014156,환불요청
J19_S014157,환불요청
J19_S014158,환불요청
J19_S014162,환불요청
J19_S014171,환불요청
J19_S014177,환불요청
J19_S014180,환불요청
J19_S014184,환불요청
J19_S014188,환불요청
J19_S014194,환불요청
J19_S014196,환불요청
J19_S014197,환불요청
J19_S014205,환불요청
J19_S014208,환불요청
J19_S014217,환불요청
J19_S014223,환불요청
J19_S014225,환불요청
J19_S014226,환불요청
J19_S014231,환불요청
J19_S014232,환불요청
J19_S014242,환불요청
J19_S014245,환불요청
J19_S014256,환불요청
J19_S014259,환불요청
J19_S014260,환불요청
J19_S014264,환불요청
J19_S014266,환불요청
J19_S014270,환불요청
J19_S014272,환불요청
J19_S014273,환불요청
J19_S014277,환불요청
J19_S014290,환불요청
J19_S014292,환불요청
J19_S014314,환불요청
J19_S014319,환불요청
J19_S014320,환불요청
J19_S014332,환불요청
J19_S014335,환불요청
J19_S014337,환불요청
J19_S014343,환불요청
J19_S014347,환불요청
J19_S014354,환불요청
J19_S014358,환불요청
J19_S014370,환불요청
J19_S014379,환불요청
J19_S014388,환불요청
J19_S014390,환불요청
J19_S014394,환불요청
J19_S014398,환불요청
J19_S014402,환불요청
J19_S014403,환불요청
J19_S014409,환불요청
J19_S014410,환불요청
J19_S014411,환불요청
J19_S014415,환불요청
J19_S014417,환불요청
J19_S014418,환불요청
J19_S014420,환불요청
J19_S014425,환불요청
J19_S014444,환불요청
J19_S014478,환불요청
J19_S014486,환불요청
J19_S014489,환불요청
J19_S014498,환불요청
J19_S014500,환불요청
J19_S014501,환불요청
J19_S014521,환불요청
J19_S014553,환불요청
J19_S014555,환불요청
J19_S014558,환불요청
J19_S014563,환불요청
J19_S014564,환불요청
J19_S014565,환불요청
J19_S014567,환불요청
J19_S014570,환불요청
J19_S014571,환불요청
J19_S014582,환불요청
J19_S014585,환불요청
J19_S014596,환불요청
J19_S014601,환불요청
J19_S014602,환불요청
J19_S014610,환불요청
J19_S014615,환불요청
J19_S014624,환불요청
J19_S014630,환불요청
J19_S014649,환불요청
J19_S014653,환불요청
J19_S014656,환불요청
J19_S014671,환불요청
J19_S014677,환불요청
J19_S014678,환불요청
J19_S014688,환불요청
J19_S014689,환불요청
J19_S014690,환불요청
J19_S014691,환불요청
J19_S014718,환불요청
J19_S014722,환불요청
J19_S014728,환불요청
J19_S014740,환불요청
J19_S014747,환불요청
J19_S014753,환불요청
J19_S014755,환불요청
J19_S014760,환불요청
J19_S014762,환불요청
J19_S014763,환불요청
J19_S014764,환불요청
J19_S014766,환불요청
J19_S014769,환불요청
J19_S014779,환불요청
J19_S014781,환불요청
J19_S014783,환불요청
J19_S014784,환불요청
J19_S014787,환불요청
J19_S014789,환불요청
J19_S014790,환불요청
J19_S014792,환불요청
J19_S014804,환불요청
J19_S014812,환불요청
J19_S014816,환불요청
J19_S014835,환불요청
J19_S014837,환불요청
J19_S014844,환불요청
J19_S014848,환불요청
J19_S014860,환불요청
J19_S014861,환불요청
J19_S014866,환불요청
J19_S014868,환불요청
J19_S014870,환불요청
J19_S014896,환불요청
J19_S014909,환불요청
J19_S014923,환불요청
J19_S014932,환불요청
J19_S014937,환불요청
J19_S014946,환불요청
J19_S014955,환불요청
J19_S014962,환불요청
J19_S014968,환불요청
J19_S014970,환불요청
J19_S014977,환불요청
J19_S014980,환불요청
J19_S014992,환불요청
J19_S014995,환불요청
J19_S015000,환불요청
J19_S015006,환불요청
J19_S015011,환불요청
J19_S015013,배송확인
J19_S015017,환불요청
J19_S015024,환불요청
J19_S015035,환불요청
J19_S015041,환불요청
J19_S015042,환불요청
J19_S015052,환불요청
J19_S015054,환불요청
J19_S015059,환불요청
J19_S015064,환불요청
J19_S015067,환불요청
J19_S015068,환불요청
J19_S015070,환불요청
J19_S015087,환불요청
J19_S015089,환불요청
J19_S015094,환불요청
J19_S015095,환불요청
J19_S015100,환불요청
J19_S015102,환불요청
J19_S015110,환불요청
J19_S015112,환불요청
J19_S015121,환불요청
J19_S015124,환불요청
J19_S015143,환불요청
J19_S015146,환불요청
J19_S015151,환불요청
J19_S015153,환불요청
J19_S015154,환불요청
J19_S015155,환불요청
J19_S015157,환불요청
J19_S015159,환불요청
J19_S015162,환불요청
J19_S015164,환불요청
J19_S015166,환불요청
J19_S015168,환불요청
J19_S015173,환불요청
J19_S015182,환불요청
J19_S015185,환불요청
J19_S015187,환불요청
J19_S015190,환불요청
J19_S015193,환불요청
J19_S015194,환불요청
J19_S015195,환불요청
J19_S015204,환불요청
J19_S015210,환불요청
J19_S015211,환불요청
J19_S015223,환불요청
J19_S015224,환불요청
J19_S015226,환불요청
J19_S015231,환불요청
J19_S015242,환불요청
J19_S015243,환불요청
J19_S015245,환불요청
J19_S015250,환불요청
J19_S015252,환불요청
J19_S015253,환불요청
J19_S015254,환불요청
J19_S015264,환불요청
J19_S015279,환불요청
J19_S015288,환불요청
J19_S015293,환불요청
J19_S015296,환불요청
J19_S015302,환불요청
J19_S015303,환불요청
J19_S015310,환불요청
J19_S015315,환불요청
J19_S015316,환불요청
J19_S015325,환불요청
J19_S015333,환불요청
J19_S015334,환불요청
J19_S015338,환불요청
J19_S015341,환불요청
J19_S015349,환불요청
J19_S015354,환불요청
J19_S015380,환불요청
J19_S015419,환불요청
J19_S015421,환불요청
J19_S015427,환불요청
J19_S015430,환불요청
J19_S015434,환불요청
J19_S015436,환불요청
J19_S015437,환불요청
J19_S015439,환불요청
J19_S015440,환불요청
J19_S015443,환불요청
J19_S015444,환불요청
J19_S015447,환불요청
J19_S015448,환불요청
J19_S015453,환불요청
J19_S015454,환불요청
J19_S015459,환불요청
J19_S015466,환불요청
J19_S015488,환불요청
J19_S015493,환불요청
J19_S015501,환불요청
J19_S015502,환불요청
J19_S015513,환불요청
J19_S015517,환불요청
J19_S015518,환불요청
J19_S015519,환불요청
J19_S015528,환불요청
J19_S015538,환불요청
J19_S015547,환불요청
J19_S015550,환불요청
J19_S015564,환불요청
J19_S015570,환불요청
J19_S015572,환불요청
J19_S015579,환불요청
J19_S015590,환불요청
J19_S015600,환불요청
J19_S015610,환불요청
J19_S015611,환불요청
J19_S015617,환불요청
J19_S015619,환불요청
J19_S015625,환불요청
J19_S015626,환불요청
J19_S015633,환불요청
J19_S015639,환불요청
J19_S015643,환불요청
J19_S015648,환불요청
J19_S015659,환불요청
J19_S015662,환불요청
J19_S015663,환불요청
J19_S015666,환불요청
J19_S015667,환불요청
J19_S015682,환불요청
J19_S015692,환불요청
J19_S015695,환불요청
J19_S015698,환불요청
J19_S015699,환불요청
J19_S015706,환불요청
J19_S015710,환불요청
J19_S015711,환불요청
J19_S015728,환불요청
J19_S015730,환불요청
J19_S015736,환불요청
J19_S015740,환불요청
J19_S015745,환불요청
J19_S015750,환불요청
J19_S015753,환불요청
J19_S015766,환불요청
J19_S015774,환불요청
J19_S015786,환불요청
J19_S015791,환불요청
J19_S015793,환불요청
J19_S015795,환불요청
J19_S015809,환불요청
J19_S015813,환불요청
J19_S015817,환불요청
J19_S015820,환불요청
J19_S015839,환불요청
J19_S015841,환불요청
J19_S015848,환불요청
J19_S015853,환불요청
J19_S015856,환불요청
J19_S015866,환불요청
J19_S015868,환불요청
J19_S015877,환불요청
J19_S015881,환불요청
J19_S015887,환불요청
J19_S015889,환불요청
J19_S015892,환불요청
J19_S015916,환불요청
J19_S015924,환불요청
J19_S015929,환불요청
J19_S015930,환불요청
J19_S015935,환불요청
J19_S015951,환불요청
J19_S015957,환불요청
J19_S015972,환불요청
J19_S015987,환불요청
J19_S015993,환불요청
J19_S016005,환불요청
J19_S016006,환불요청
J19_S016020,환불요청
J19_S016025,환불요청
J19_S016039,환불요청
J19_S016043,환불요청
J19_S016044,환불요청
J19_S016056,환불요청
J19_S016059,환불요청
J19_S016069,환불요청
J19_S016073,환불요청
J19_S016074,환불요청
J19_S016076,환불요청
J19_S016078,환불요청
J19_S016081,환불요청
J19_S016085,환불요청
J19_S016092,환불요청
J19_S016101,환불요청
J19_S016102,환불요청
J19_S016103,환불요청
J19_S016107,환불요청
J19_S016115,환불요청
J19_S016123,환불요청
J19_S016126,환불요청
J19_S016127,환불요청
J19_S016132,환불요청
J19_S016139,환불요청
J19_S016143,환불요청
J19_S016148,환불요청
J19_S016150,환불요청
J19_S016151,환불요청
J19_S016154,환불요청
J19_S016160,환불요청
J19_S016163,환불요청
J19_S016175,배송확인
J19_S016181,환불요청
J19_S016187,환불요청
J19_S016192,환불요청
J19_S016194,환불요청
J19_S016206,환불요청
J19_S016213,환불요청
J19_S016222,환불요청
J19_S016233,환불요청
J19_S016234,환불요청
J19_S016236,환불요청
J19_S016241,환불요청
J19_S016245,환불요청
J19_S016247,환불요청
J19_S016249,환불요청
J19_S016252,환불요청
J19_S016256,배송확인
J19_S016259,환불요청
J19_S016260,환불요청
J19_S016268,환불요청
J19_S016270,환불요청
J19_S016273,환불요청
J19_S016282,환불요청
J19_S016289,환불요청
J19_S016306,환불요청
J19_S016308,환불요청
J19_S016309,환불요청
J19_S016316,환불요청
J19_S016319,환불요청
J19_S016322,환불요청
J19_S016329,환불요청
J19_S016334,환불요청
J19_S016336,환불요청
J19_S016337,환불요청
J19_S016345,환불요청
J19_S016346,환불요청
J19_S016356,환불요청
J19_S016360,환불요청
J19_S016361,환불요청
J19_S016364,환불요청
J19_S016365,환불요청
J19_S016367,환불요청
J19_S016374,환불요청
J19_S016382,환불요청
J19_S016390,환불요청
J19_S016396,환불요청
J19_S016401,환불요청
J19_S016412,환불요청
J19_S016418,환불요청
J19_S016423,환불요청
J19_S016427,환불요청
J19_S016430,환불요청
J19_S016440,환불요청
J19_S016447,환불요청
J19_S016453,환불요청
J19_S016454,환불요청
J19_S016472,환불요청
J19_S016476,환불요청
J19_S016482,환불요청
J19_S016485,환불요청
J19_S016492,환불요청
J19_S016495,환불요청
J19_S016496,환불요청
J19_S016502,환불요청
J19_S016507,환불요청
J19_S016517,환불요청
J19_S016518,환불요청
J19_S016521,환불요청
J19_S016523,환불요청
J19_S016549,환불요청
J19_S016552,환불요청
J19_S016560,환불요청
J19_S016564,환불요청
J19_S016568,환불요청
J19_S016573,환불요청
J19_S016576,환불요청
J19_S016579,환불요청
J19_S016581,환불요청
J19_S016584,환불요청
J19_S016591,환불요청
J19_S016595,환불요청
J19_S016597,환불요청
J19_S016600,환불요청
J19_S016604,환불요청
J19_S016607,환불요청
J19_S016608,환불요청
J19_S016614,환불요청
J19_S016615,환불요청
J19_S016617,환불요청
J19_S016620,환불요청
J19_S016624,환불요청
J19_S016627,환불요청
J19_S016628,환불요청
J19_S016631,환불요청
J19_S016632,환불요청
J19_S016635,환불요청
J19_S016636,환불요청
J19_S016638,환불요청
J19_S016640,환불요청
J19_S016643,환불요청
J19_S016648,환불요청
J19_S016651,환불요청
J19_S016661,환불요청
J19_S016663,환불요청
J19_S016667,환불요청
J19_S016668,환불요청
J19_S016673,환불요청
J19_S016681,환불요청
J19_S016682,환불요청
J19_S016688,환불요청
J19_S016693,환불요청
J19_S016703,환불요청
J19_S016708,환불요청
J19_S016720,환불요청
J19_S016724,환불요청
J19_S016726,환불요청
J19_S016727,환불요청
J19_S016732,환불요청
J19_S016739,환불요청
J19_S016742,환불요청
J19_S016743,환불요청
J19_S016747,환불요청
J19_S016753,환불요청
J19_S016755,환불요청
J19_S016758,환불요청
J19_S016759,환불요청
J19_S016770,환불요청
J19_S016773,환불요청
J19_S016780,환불요청
J19_S016782,환불요청
J19_S016783,환불요청
J19_S016794,환불요청
J19_S016801,환불요청
J19_S016804,환불요청
J19_S016809,환불요청
J19_S016810,환불요청
J19_S016812,환불요청
J19_S016824,환불요청
J19_S016827,환불요청
J19_S016843,환불요청
J19_S016850,환불요청
J19_S016854,환불요청
J19_S016859,환불요청
J19_S016860,환불요청
J19_S016862,환불요청
J19_S016876,환불요청
J19_S016877,환불요청
J19_S016879,환불요청
J19_S016882,환불요청
J19_S016883,환불요청
J19_S016885,환불요청
J19_S016886,환불요청
J19_S016893,환불요청
J19_S016897,환불요청
J19_S016898,환불요청
J19_S016900,환불요청
J19_S016901,배송확인
J19_S016902,환불요청
J19_S016903,환불요청
J19_S016905,환불요청
J19_S016907,환불요청
J19_S016908,환불요청
J19_S016911,환불요청
J19_S016913,환불요청
J19_S016915,환불요청
J19_S016922,환불요청
J19_S016926,환불요청
J19_S016940,환불요청
J19_S016945,환불요청
J19_S016947,환불요청
J19_S016951,환불요청
J19_S016956,환불요청
J19_S016960,환불요청
J19_S016962,환불요청
J19_S016973,환불요청
J19_S016975,환불요청
J19_S016978,배송확인
J19_S016980,환불요청
J19_S016981,환불요청
J19_S016992,환불요청
J19_S017000,환불요청
J19_S017004,환불요청
J19_S017006,환불요청
J19_S017012,환불요청
J19_S017014,환불요청
J19_S017016,환불요청
J19_S017022,환불요청
J19_S017025,환불요청
J19_S017026,환불요청
J19_S017032,환불요청
J19_S017045,환불요청
J19_S017048,환불요청
J19_S017053,환불요청
J19_S017067,환불요청
J19_S017070,환불요청
J19_S017089,환불요청
J19_S017097,환불요청
J19_S017099,환불요청
J19_S017104,환불요청
J19_S017108,환불요청
J19_S017125,환불요청
J19_S017135,환불요청
J19_S017141,환불요청
J19_S017152,환불요청
J19_S017156,환불요청
J19_S017157,환불요청
J19_S017158,환불요청
J19_S017159,환불요청
J19_S017164,환불요청
J19_S017166,환불요청
J19_S017168,환불요청
J19_S017178,환불요청
J19_S017184,환불요청
J19_S017186,환불요청
J19_S017187,환불요청
J19_S017188,환불요청
J19_S017191,환불요청
J19_S017196,환불요청
J19_S017202,환불요청
J19_S017204,환불요청
J19_S017206,환불요청
J19_S017208,환불요청
J19_S017209,환불요청
J19_S017210,환불요청
J19_S017212,환불요청
J19_S017220,환불요청
J19_S017222,환불요청
J19_S017232,환불요청
J19_S017236,환불요청
J19_S017237,환불요청
J19_S017238,환불요청
J19_S017239,환불요청
J19_S017240,환불요청
J19_S017241,환불요청
J19_S017247,환불요청
J19_S017252,환불요청
J19_S017253,환불요청
J19_S017257,환불요청
J19_S017262,환불요청
J19_S017280,환불요청
J19_S017281,환불요청
J19_S017283,환불요청
J19_S017284,환불요청
J19_S017286,환불요청
J19_S017299,환불요청
J19_S017301,환불요청
J19_S017302,환불요청
J19_S017306,환불요청
J19_S017307,환불요청
J19_S017313,환불요청
J19_S017317,환불요청
J19_S017325,환불요청
J19_S017326,환불요청
J19_S017329,환불요청
J19_S017331,환불요청
J19_S017332,환불요청
J19_S017343,환불요청
J19_S017364,환불요청
J19_S017367,환불요청
J19_S017371,환불요청
J19_S017375,환불요청
J19_S017378,환불요청
J19_S017383,환불요청
J19_S017390,환불요청
J19_S017398,배송확인
J19_S017400,환불요청
J19_S017407,환불요청
J19_S017411,환불요청
J19_S017414,환불요청
J19_S017416,환불요청
J19_S017422,환불요청
J19_S017431,환불요청
J19_S017440,환불요청
J19_S017447,환불요청
J19_S017450,환불요청
J19_S017451,환불요청
J19_S017455,환불요청
J19_S017457,환불요청
J19_S017458,환불요청
J19_S017479,환불요청
J19_S017485,환불요청
J19_S017489,환불요청
J19_S017490,환불요청
J19_S017491,환불요청
J19_S017494,환불요청
J19_S017501,환불요청
J19_S017503,환불요청
J19_S017512,환불요청
J19_S017515,환불요청
J19_S017523,환불요청
J19_S017530,환불요청
J19_S017534,환불요청
J19_S017539,환불요청
J19_S017541,환불요청
J19_S017544,환불요청
J19_S017545,환불요청
J19_S017549,환불요청
J19_S017552,환불요청
J19_S017553,환불요청
J19_S017558,환불요청
J19_S017561,환불요청
J19_S017573,환불요청
J19_S017577,환불요청
J19_S017578,환불요청
J19_S017579,환불요청
J19_S017586,환불요청
J19_S017590,환불요청
J19_S017591,환불요청
J19_S017599,환불요청
J19_S017602,환불요청
J19_S017606,환불요청
J19_S017621,환불요청
J19_S017633,환불요청
J19_S017635,환불요청
J19_S017642,환불요청
J19_S017644,환불요청
J19_S017647,환불요청
J19_S017648,환불요청
J19_S017657,환불요청
J19_S017659,환불요청
J19_S017662,환불요청
J19_S017668,환불요청
J19_S017669,환불요청
J19_S017672,환불요청
J19_S017689,환불요청
J19_S017691,환불요청
J19_S017692,환불요청
J19_S017699,환불요청
J19_S017710,환불요청
J19_S017715,환불요청
J19_S017719,환불요청
J19_S017721,환불요청
J19_S017723,환불요청
J19_S017727,환불요청
J19_S017733,환불요청
J19_S017734,환불요청
J19_S017735,환불요청
J19_S017737,환불요청
J19_S017738,환불요청
J19_S017745,환불요청
J19_S017746,환불요청
J19_S017748,환불요청
J19_S017764,환불요청
J19_S017767,환불요청
J19_S017771,환불요청
J19_S017775,환불요청
J19_S017776,환불요청
J19_S017778,환불요청
J19_S017782,환불요청
J19_S017785,환불요청
J19_S017787,환불요청
J19_S017789,환불요청
J19_S017790,환불요청
J19_S017799,환불요청
J19_S017804,환불요청
J19_S017808,환불요청
J19_S017809,환불요청
J19_S017818,환불요청
J19_S017827,환불요청
J19_S017833,환불요청
J19_S017834,환불요청
J19_S017836,환불요청
J19_S017840,환불요청
J19_S017847,환불요청
J19_S017849,환불요청
J19_S017855,환불요청
J19_S017861,환불요청
J19_S017863,환불요청
J19_S017872,환불요청
J19_S017875,환불요청
J19_S017881,환불요청
J19_S017882,환불요청
J19_S017884,환불요청
J19_S017885,환불요청
J19_S017887,환불요청
J19_S017895,환불요청
J19_S017898,환불요청
J19_S017901,환불요청
J19_S017903,환불요청
J19_S017906,환불요청
J19_S017918,환불요청
J19_S017920,환불요청
J19_S017924,환불요청
J19_S017928,환불요청
J19_S017949,환불요청
J19_S017952,환불요청
J19_S017955,환불요청
J19_S017956,환불요청
J19_S017962,환불요청
J19_S017971,환불요청
J19_S017974,환불요청
J19_S017977,환불요청
J19_S017981,환불요청
J19_S017983,환불요청
J19_S017985,환불요청
J19_S017990,환불요청
J19_S017998,환불요청
J19_S018000,환불요청
J19_S018002,환불요청
J19_S018010,환불요청
J19_S018012,환불요청
J19_S018013,환불요청
J19_S018017,환불요청
J19_S018031,환불요청
J19_S018033,환불요청
J19_S018035,환불요청
J19_S018037,환불요청
J19_S018038,환불요청
J19_S018039,환불요청
J19_S018042,환불요청
J19_S018048,환불요청
J19_S018049,환불요청
J19_S018050,환불요청
J19_S018059,환불요청
J19_S018061,환불요청
J19_S018068,환불요청
J19_S018070,환불요청
J19_S018072,환불요청
J19_S018078,환불요청
J19_S018085,환불요청
J19_S018100,환불요청
J19_S018101,환불요청
J19_S018107,환불요청
J19_S018108,환불요청
J19_S018109,환불요청
J19_S018110,환불요청
J19_S018111,환불요청
J19_S018113,환불요청
J19_S018124,환불요청
J19_S018126,환불요청
J19_S018131,환불요청
J19_S018134,환불요청
J19_S018155,환불요청
J19_S018159,환불요청
J19_S018162,환불요청
J19_S018167,환불요청
J19_S018172,환불요청
J19_S018175,환불요청
J19_S018177,환불요청
J19_S018178,환불요청
J19_S018187,환불요청
J19_S018197,환불요청
J19_S018201,환불요청
J19_S018205,환불요청
J19_S018217,환불요청
J19_S018222,환불요청
J19_S018223,환불요청
J19_S018228,환불요청
J19_S018231,환불요청
J19_S018232,환불요청
J19_S018233,환불요청
J19_S018239,환불요청
J19_S018255,환불요청
J19_S018262,환불요청
J19_S018263,환불요청
J19_S018268,환불요청
J19_S018272,환불요청
J19_S018277,환불요청
J19_S018280,환불요청
J19_S018282,환불요청
J19_S018290,환불요청
J19_S018295,환불요청
J19_S018300,환불요청
J19_S018303,환불요청
J19_S018306,환불요청
J19_S018310,환불요청
J19_S018311,환불요청
J19_S018314,환불요청
J19_S018317,환불요청
J19_S018318,환불요청
J19_S018341,환불요청
J19_S018375,환불요청
J19_S018378,환불요청
J19_S018389,환불요청
J19_S018399,환불요청
J19_S018401,환불요청
J19_S018404,환불요청
J19_S018405,환불요청
J19_S018408,환불요청
J19_S018409,환불요청
J19_S018414,환불요청
J19_S018417,환불요청
J19_S018422,환불요청
J19_S018426,환불요청
J19_S018429,환불요청
J19_S018432,환불요청
J19_S018433,환불요청
J19_S018435,환불요청
J19_S018443,환불요청
J19_S018449,환불요청
J19_S018452,환불요청
J19_S018457,환불요청
J19_S018462,환불요청
J19_S018463,환불요청
J19_S018468,환불요청
J19_S018469,환불요청
J19_S018472,환불요청
J19_S018474,환불요청
J19_S018475,환불요청
J19_S018476,환불요청
J19_S018479,환불요청
J19_S018480,환불요청
J19_S018481,환불요청
J19_S018483,환불요청
J19_S018484,환불요청
J19_S018485,환불요청
J19_S018491,환불요청
J19_S018494,환불요청
J19_S018495,환불요청
J19_S018499,환불요청
J19_S018502,환불요청
J19_S018503,환불요청
J19_S018504,환불요청
J19_S018506,환불요청
J19_S018510,환불요청
J19_S018512,환불요청
J19_S018521,환불요청
J19_S018522,환불요청
J19_S018527,환불요청
J19_S018528,환불요청
J19_S018535,환불요청
J19_S018538,환불요청
J19_S018548,환불요청
J19_S018550,환불요청
J19_S018558,환불요청
J19_S018562,배송확인
J19_S018564,환불요청
J19_S018566,환불요청
J19_S018568,환불요청
J19_S018576,환불요청
J19_S018577,환불요청
J19_S018579,환불요청
J19_S018592,환불요청
J19_S018593,환불요청
J19_S018595,배송확인
J19_S018597,환불요청
J19_S018601,환불요청
J19_S018606,환불요청
J19_S018611,환불요청
J19_S018612,환불요청
J19_S018618,환불요청
J19_S018619,환불요청
J19_S018626,환불요청
J19_S018628,환불요청
J19_S018632,환불요청
J19_S018633,환불요청
J19_S018636,환불요청
J19_S018653,환불요청
J19_S018655,환불요청
J19_S018658,환불요청
J19_S018663,환불요청
J19_S018666,환불요청
J19_S018667,환불요청
J19_S018690,환불요청
J19_S018717,환불요청
J19_S018758,환불요청
J19_S018770,배송확인
J19_S018771,환불요청
J19_S018775,환불요청
J19_S018777,환불요청
J19_S018778,환불요청
J19_S018794,환불요청
J19_S018803,환불요청
J19_S018808,환불요청
J19_S018809,환불요청
J19_S018822,환불요청
J19_S018824,환불요청
J19_S018825,환불요청
J19_S018826,환불요청
J19_S018827,환불요청
J19_S018830,환불요청
J19_S018832,환불요청
J19_S018835,환불요청
J19_S018838,환불요청
J19_S018848,환불요청
J19_S018849,환불요청
J19_S018850,환불요청
J19_S018856,환불요청
J19_S018858,환불요청
J19_S018871,환불요청
J19_S018872,환불요청
J19_S018873,환불요청
J19_S018877,환불요청
J19_S018882,환불요청
J19_S018888,환불요청
J19_S018894,환불요청
J19_S018903,환불요청
J19_S018922,환불요청
J19_S018926,환불요청
J19_S018935,환불요청
J19_S018942,환불요청
J19_S018943,환불요청
J19_S018950,환불요청
J19_S018955,환불요청
J19_S018964,환불요청
J19_S018965,환불요청
J19_S018974,환불요청
J19_S018982,환불요청
J19_S018985,환불요청
J19_S018990,환불요청
J19_S019004,환불요청
J19_S019011,환불요청
J19_S019016,환불요청
J19_S019018,환불요청
J19_S019020,환불요청
J19_S019025,환불요청
J19_S019029,환불요청
J19_S019042,환불요청
J19_S019043,환불요청
J19_S019047,환불요청
J19_S019048,환불요청
J19_S019054,환불요청
J19_S019058,환불요청
J19_S019060,환불요청
J19_S019064,환불요청
J19_S019071,환불요청
J19_S019074,환불요청
J19_S019076,환불요청
J19_S019087,환불요청
J19_S019091,환불요청
J19_S019098,환불요청
J19_S019099,배송확인
J19_S019103,환불요청
J19_S019104,환불요청
J19_S019114,환불요청
J19_S019122,환불요청
J19_S019124,환불요청
J19_S019129,환불요청
J19_S019140,환불요청
J19_S019141,환불요청
J19_S019146,환불요청
J19_S019155,환불요청
J19_S019156,환불요청
J19_S019177,환불요청
J19_S019181,환불요청
J19_S019189,환불요청
J19_S019194,환불요청
J19_S019197,환불요청
J19_S019200,환불요청
J19_S019205,환불요청
J19_S019207,배송확인
J19_S019208,환불요청
J19_S019211,환불요청
J19_S019215,환불요청
J19_S019216,환불요청
J19_S019224,환불요청
J19_S019226,환불요청
J19_S019227,환불요청
J19_S019228,환불요청
J19_S019231,환불요청
J19_S019237,환불요청
J19_S019247,환불요청
J19_S019251,환불요청
J19_S019254,환불요청
J19_S019257,환불요청
J19_S019262,환불요청
J19_S019264,환불요청
J19_S019270,환불요청
J19_S019278,환불요청
J19_S019281,환불요청
J19_S019286,환불요청
J19_S019288,환불요청
J19_S019296,환불요청
J19_S019302,환불요청
J19_S019316,환불요청
J19_S019322,환불요청
J19_S019330,환불요청
J19_S019333,환불요청
J19_S019347,환불요청
J19_S019348,환불요청
J19_S019351,환불요청
J19_S019354,환불요청
J19_S019361,환불요청
J19_S019365,환불요청
J19_S019366,환불요청
J19_S019371,환불요청
J19_S019378,환불요청
J19_S019381,환불요청
J19_S019384,환불요청
J19_S019385,환불요청
J19_S019388,환불요청
J19_S019391,환불요청
J19_S019394,환불요청
J19_S019396,환불요청
J19_S019397,환불요청
J19_S019404,환불요청
J19_S019405,환불요청
J19_S019408,환불요청
J19_S019412,환불요청
J19_S019413,환불요청
J19_S019414,환불요청
J19_S019419,환불요청
J19_S019425,환불요청
J19_S019447,환불요청
J19_S019450,환불요청
J19_S019453,환불요청
J19_S019454,환불요청
J19_S019459,환불요청
J19_S019467,환불요청
J19_S019478,환불요청
J19_S019480,환불요청
J19_S019482,환불요청
J19_S019486,환불요청
J19_S019490,환불요청
J19_S019491,환불요청
J19_S019495,환불요청
J19_S019496,환불요청
J19_S019501,환불요청
J19_S019514,환불요청
J19_S019515,환불요청
J19_S019522,환불요청
J19_S019525,환불요청
J19_S019530,환불요청
J19_S019532,환불요청
J19_S019537,환불요청
J19_S019538,환불요청
J19_S019547,환불요청
J19_S019550,환불요청
J19_S019554,환불요청
J19_S019564,환불요청
J19_S019566,환불요청
J19_S019574,환불요청
J19_S019575,환불요청
J19_S019578,환불요청
J19_S019581,환불요청
J19_S019583,환불요청
J19_S019584,환불요청
J19_S019586,환불요청
J19_S019594,환불요청
J19_S019611,환불요청
J19_S019612,환불요청
J19_S019620,환불요청
J19_S019622,환불요청
J19_S019624,환불요청
J19_S019626,환불요청
J19_S019632,환불요청
J19_S019637,환불요청
J19_S019640,환불요청
J19_S019649,환불요청
J19_S019650,환불요청
J19_S019655,환불요청
J19_S019656,환불요청
J19_S019665,배송확인
J19_S019669,환불요청
J19_S019677,환불요청
J19_S019679,환불요청
J19_S019681,환불요청
J19_S019682,환불요청
J19_S019684,환불요청
J19_S019685,환불요청
J19_S019694,환불요청
J19_S019697,환불요청
J19_S019707,환불요청
J19_S019710,환불요청
J19_S019714,환불요청
J19_S019722,환불요청
J19_S019742,환불요청
J19_S019743,환불요청
J19_S019749,환불요청
J19_S019754,환불요청
J19_S019759,환불요청
J19_S019762,환불요청
J19_S019767,환불요청
J19_S019774,환불요청
J19_S019804,환불요청
J19_S019808,환불요청
J19_S019809,환불요청
J19_S019811,환불요청
J19_S019813,환불요청
J19_S019818,환불요청
J19_S019819,환불요청
J19_S019833,환불요청
J19_S019836,환불요청
J19_S019844,환불요청
J19_S019855,환불요청
J19_S019859,환불요청
J19_S019867,환불요청
J19_S019872,환불요청
J19_S019875,환불요청
J19_S019876,환불요청
J19_S019881,환불요청
J19_S019882,환불요청
J19_S019884,환불요청
J19_S019894,환불요청
J19_S019904,환불요청
J19_S019906,환불요청
J19_S019910,환불요청
J19_S019913,환불요청
J19_S019916,환불요청
J19_S019921,환불요청
J19_S019931,환불요청
J19_S019937,환불요청
J19_S019938,환불요청
J19_S019940,환불요청
J19_S019945,환불요청
J19_S019947,환불요청
J19_S019958,환불요청
J19_S019961,환불요청
J19_S019969,환불요청
J19_S019973,환불요청
J19_S019974,환불요청
J19_S019975,환불요청
J19_S019978,환불요청
J19_S019979,환불요청
J19_S019985,환불요청
J19_S019994,환불요청
J19_S019999,환불요청
J19_S020003,환불요청
J19_S020015,환불요청
J19_S020017,환불요청
J19_S020018,환불요청
J19_S020029,환불요청
J19_S020034,환불요청
J19_S020035,환불요청
J19_S020037,환불요청
J19_S020040,환불요청
J19_S020042,환불요청
J19_S020043,환불요청
J19_S020045,환불요청
J19_S020050,환불요청
J19_S020054,환불요청
J19_S020062,환불요청
J19_S020064,환불요청
J19_S020067,환불요청
J19_S020069,환불요청
J19_S020070,환불요청
J19_S020076,환불요청
J19_S020079,환불요청
J19_S020080,환불요청
J19_S020085,환불요청
J19_S020088,환불요청
J19_S020091,환불요청
J19_S020103,환불요청
J19_S020112,환불요청
J19_S020115,환불요청
J19_S020121,환불요청
J19_S020124,환불요청
J19_S020132,환불요청
J19_S020135,환불요청
J19_S020137,환불요청
J19_S020149,환불요청
J19_S020157,환불요청
J19_S020158,환불요청
J19_S020161,환불요청
J19_S020162,환불요청
J19_S020165,환불요청
J19_S020169,환불요청
J19_S020171,환불요청
J19_S020186,환불요청
J19_S020189,환불요청
J19_S020192,환불요청
J19_S020193,환불요청
J19_S020198,환불요청
J19_S020201,환불요청
J19_S020214,환불요청
J19_S020222,환불요청
J19_S020227,환불요청
J19_S020249,환불요청
J19_S020261,환불요청
J19_S020267,환불요청
J19_S020269,환불요청
J19_S020280,환불요청
J19_S020283,환불요청
J19_S020291,환불요청
J19_S020293,환불요청
J19_S020295,환불요청
J19_S020298,환불요청
J19_S020309,환불요청
J19_S020311,환불요청
J19_S020315,환불요청
J19_S020316,환불요청
J19_S020317,환불요청
J19_S020328,환불요청
J19_S020331,환불요청
J19_S020336,환불요청
J19_S020348,환불요청
J19_S020349,환불요청
J19_S020350,환불요청
J19_S020352,환불요청
J19_S020362,환불요청
J19_S020369,환불요청
J19_S020375,배송확인
J19_S020379,환불요청
J19_S020380,환불요청
J19_S020384,환불요청
J19_S020385,환불요청
J19_S020401,환불요청
J19_S020417,환불요청
J19_S020422,환불요청
J19_S020428,환불요청
J19_S020525,환불요청
J19_S020530,환불요청
J19_S020533,환불요청
J19_S020537,환불요청
J19_S020538,배송확인
J19_S020540,환불요청
J19_S020541,환불요청
J19_S020549,환불요청
J19_S020550,환불요청
J19_S020551,환불요청
J19_S020565,환불요청
J19_S020571,환불요청
J19_S020573,환불요청
J19_S020576,환불요청
J19_S020578,환불요청
J19_S020579,환불요청
J19_S020584,환불요청
J19_S020588,환불요청
J19_S020591,환불요청
J19_S020598,환불요청
J19_S020601,환불요청
J19_S020603,환불요청
J19_S020605,환불요청
J19_S020625,환불요청
J19_S020628,환불요청
J19_S020637,환불요청
J19_S020643,환불요청
J19_S020646,환불요청
J19_S020648,환불요청
J19_S020651,환불요청
J19_S020655,환불요청
J19_S020662,환불요청
J19_S020666,환불요청
J19_S020673,환불요청
J19_S020674,배송확인
J19_S020679,환불요청
J19_S020680,환불요청
J19_S020686,환불요청
J19_S020691,환불요청
J19_S020695,환불요청
J19_S020696,환불요청
J19_S020706,환불요청
J19_S020718,환불요청
J19_S020723,환불요청
J19_S020734,환불요청
J19_S020742,환불요청
J19_S020746,환불요청
J19_S020748,환불요청
J19_S020750,환불요청
J19_S020751,환불요청
J19_S020756,환불요청
J19_S020757,환불요청
J19_S020759,환불요청
J19_S020760,환불요청
J19_S020762,환불요청
J19_S020768,환불요청
J19_S020769,환불요청
J19_S020775,환불요청
J19_S020779,환불요청
J19_S020791,환불요청
J19_S020809,환불요청
J19_S020810,환불요청
J19_S020814,환불요청
J19_S020823,환불요청
J19_S020824,환불요청
J19_S020836,환불요청
J19_S020842,환불요청
J19_S020850,환불요청
J19_S020883,환불요청
J19_S020886,환불요청
J19_S020888,환불요청
J19_S020899,환불요청
J19_S020903,환불요청
J19_S020912,환불요청
J19_S020913,환불요청
J19_S020914,환불요청
J19_S020915,환불요청
J19_S020918,환불요청
J19_S020921,환불요청
J19_S020923,환불요청
J19_S020926,환불요청
J19_S020930,환불요청
J19_S020936,환불요청
J19_S020938,환불요청
J19_S020939,환불요청
J19_S020940,환불요청
J19_S020943,환불요청
J19_S020951,환불요청
J19_S020954,환불요청
J19_S020957,환불요청
J19_S020959,환불요청
J19_S020963,환불요청
J19_S020974,환불요청
J19_S020976,환불요청
J19_S020979,환불요청
J19_S020982,환불요청
J19_S020985,환불요청
J19_S020988,환불요청
J19_S021006,환불요청
J19_S021014,환불요청
J19_S021015,환불요청
J19_S021021,환불요청
J19_S021026,환불요청
J19_S021028,환불요청
J19_S021038,환불요청
J19_S021041,환불요청
J19_S021042,환불요청
J19_S021045,환불요청
J19_S021051,환불요청
J19_S021054,환불요청
J19_S021061,환불요청
J19_S021062,환불요청
J19_S021065,환불요청
J19_S021074,환불요청
J19_S021075,환불요청
J19_S021086,환불요청
J19_S021087,환불요청
J19_S021091,환불요청
J19_S021094,환불요청
J19_S021095,환불요청
J19_S021101,환불요청
J19_S021105,환불요청
J19_S021111,환불요청
J19_S021114,환불요청
J19_S021116,환불요청
J19_S021118,환불요청
J19_S021132,환불요청
J19_S021140,환불요청
J19_S021159,환불요청
J19_S021167,환불요청
J19_S021168,환불요청
J19_S021169,환불요청
J19_S021177,환불요청
J19_S021184,환불요청
J19_S021185,환불요청
J19_S021186,환불요청
J19_S021197,환불요청
J19_S021198,환불요청
J19_S021209,환불요청
J19_S021227,환불요청
J19_S021229,환불요청
J19_S021236,환불요청
J19_S021237,환불요청
J19_S021238,환불요청
J19_S021241,환불요청
J19_S021244,환불요청
J19_S021246,환불요청
J19_S021247,환불요청
J19_S021268,환불요청
J19_S021274,환불요청
J19_S021278,배송확인
J19_S021284,환불요청
J19_S021288,환불요청
J19_S021297,환불요청
J19_S021298,환불요청
J19_S021304,환불요청
J19_S021306,환불요청
J19_S021321,환불요청
J19_S021333,환불요청
J19_S021334,환불요청
J19_S021339,환불요청
J19_S021340,환불요청
J19_S021371,환불요청
J19_S021373,환불요청
J19_S021378,환불요청
J19_S021380,환불요청
J19_S021381,환불요청
J19_S021384,환불요청
J19_S021393,환불요청
J19_S021398,환불요청
J19_S021404,환불요청
J19_S021407,환불요청
J19_S021409,환불요청
J19_S021420,환불요청
J19_S021423,환불요청
J19_S021425,환불요청
J19_S021429,환불요청
J19_S021435,환불요청
J19_S021437,환불요청
J19_S021438,환불요청
J19_S021450,환불요청
J19_S021451,환불요청
J19_S021464,환불요청
J19_S021471,환불요청
J19_S021476,환불요청
J19_S021479,환불요청
J19_S021511,환불요청
J19_S021520,환불요청
J19_S021530,환불요청
J19_S021533,환불요청
J19_S021534,환불요청
J19_S021537,환불요청
J19_S021538,환불요청
J19_S021540,환불요청
J19_S021549,환불요청
J19_S021555,환불요청
J19_S021558,환불요청
J19_S021563,환불요청
J19_S021564,환불요청
J19_S021568,환불요청
J19_S021575,환불요청
J19_S021576,환불요청
J19_S021577,환불요청
J19_S021578,환불요청
J19_S021579,환불요청
J19_S021589,환불요청
J19_S021602,환불요청
J19_S021618,환불요청
J19_S021619,환불요청
J19_S021638,환불요청
J19_S021640,환불요청
J19_S021645,환불요청
J19_S021650,환불요청
J19_S021659,환불요청
J19_S021662,환불요청
J19_S021663,환불요청
J19_S021666,환불요청
J19_S021684,환불요청
J19_S021688,환불요청
J19_S021694,환불요청
J19_S021719,환불요청
J19_S021720,환불요청
J19_S021746,환불요청
J19_S021751,환불요청
J19_S021753,환불요청
J19_S021759,환불요청
J19_S021763,환불요청
J19_S021766,환불요청
J19_S021768,환불요청
J19_S021775,환불요청
J19_S021777,환불요청
J19_S021785,환불요청
J19_S021809,환불요청
J19_S021811,환불요청
J19_S021816,환불요청
J19_S021819,환불요청
J19_S021827,환불요청
J19_S021831,환불요청
J19_S021835,환불요청
J19_S021842,환불요청
J19_S021848,환불요청
J19_S021849,환불요청
J19_S021852,환불요청
J19_S021854,환불요청
J19_S021865,환불요청
J19_S021870,환불요청
J19_S021872,환불요청
J19_S021876,환불요청
J19_S021879,환불요청
J19_S021880,환불요청
J19_S021883,환불요청
J19_S021894,환불요청
J19_S021896,환불요청
J19_S021900,환불요청
J19_S021901,환불요청
J19_S021905,환불요청
J19_S021912,환불요청
J19_S021917,환불요청
J19_S021918,환불요청
J19_S021921,환불요청
J19_S021925,환불요청
J19_S021937,환불요청
J19_S021940,환불요청
J19_S021944,환불요청
J19_S021953,환불요청
J19_S021956,환불요청
J19_S021974,환불요청
J19_S021976,환불요청
J19_S021982,환불요청
J19_S021987,환불요청
J19_S021996,환불요청
J19_S022001,환불요청
J19_S022012,환불요청
J19_S022013,환불요청
J19_S022014,환불요청
J19_S022023,환불요청
J19_S022024,환불요청
J19_S022026,환불요청
J19_S022027,환불요청
J19_S022028,환불요청
J19_S022043,환불요청
J19_S022047,환불요청
J19_S022050,환불요청
J19_S022053,환불요청
J19_S022055,환불요청
J19_S022064,배송확인
J19_S022067,환불요청
J19_S022068,환불요청
J19_S022070,배송확인
J19_S022075,환불요청
J19_S022077,환불요청
J19_S022078,환불요청
J19_S022084,환불요청
J19_S022096,환불요청
J19_S022097,환불요청
J19_S022103,환불요청
J19_S022105,환불요청
J19_S022118,환불요청
J19_S022122,환불요청
J19_S022124,환불요청
J19_S022127,환불요청
J19_S022131,환불요청
J19_S022133,환불요청
J19_S022139,환불요청
J19_S022141,환불요청
J19_S022157,환불요청
J19_S022165,환불요청
J19_S022170,환불요청
J19_S022173,환불요청
J19_S022198,환불요청
J19_S022201,환불요청
J19_S022210,환불요청
J19_S022213,환불요청
J19_S022215,환불요청
J19_S022216,환불요청
J19_S022229,환불요청
J19_S022234,환불요청
J19_S022236,환불요청
J19_S022249,환불요청
J19_S022263,환불요청
J19_S022264,환불요청
J19_S022269,환불요청
J19_S022274,환불요청
J19_S022276,환불요청
J19_S022277,환불요청
J19_S022286,환불요청
J19_S022289,환불요청
J19_S022292,환불요청
J19_S022296,환불요청
J19_S022304,환불요청
J19_S022305,환불요청
J19_S022308,환불요청
J19_S022313,환불요청
J19_S022322,환불요청
J19_S022332,환불요청
J19_S022337,환불요청
J19_S022340,환불요청
J19_S022341,환불요청
J19_S022342,환불요청
J19_S022348,환불요청
J19_S022353,환불요청
J19_S022355,환불요청
J19_S022358,환불요청
J19_S022360,환불요청
J19_S022362,환불요청
J19_S022364,환불요청
J19_S022368,환불요청
J19_S022370,환불요청
J19_S022374,환불요청
J19_S022384,환불요청
J19_S022403,환불요청
J19_S022405,환불요청
J19_S022406,환불요청
J19_S022417,환불요청
J19_S022420,환불요청
J19_S022424,환불요청
J19_S022428,환불요청
J19_S022434,환불요청
J19_S022440,환불요청
J19_S022469,환불요청
J19_S022472,환불요청
J19_S022477,환불요청
J19_S022479,환불요청
J19_S022487,환불요청
J19_S022492,환불요청
J19_S022497,환불요청
J19_S022498,환불요청
J19_S022500,환불요청
J19_S022505,환불요청
J19_S022506,환불요청
J19_S022507,환불요청
J19_S022519,환불요청
J19_S022521,환불요청
J19_S022530,환불요청
J19_S022544,환불요청
J19_S022564,환불요청
J19_S022570,환불요청
J19_S022571,환불요청
J19_S022578,환불요청
J19_S022579,환불요청
J19_S022582,환불요청
J19_S022588,환불요청
J19_S022593,환불요청
J19_S022600,환불요청
J19_S022606,환불요청
J19_S022607,환불요청
J19_S022623,환불요청
J19_S022629,환불요청
J19_S022631,환불요청
J19_S022648,환불요청
J19_S022650,환불요청
J19_S022654,환불요청
J19_S022655,환불요청
J19_S022678,환불요청
J19_S022679,환불요청
J19_S022689,환불요청
J19_S022697,환불요청
J19_S022701,환불요청
J19_S022704,환불요청
J19_S022712,환불요청
J19_S022713,환불요청
J19_S022715,환불요청
J19_S022722,환불요청
J19_S022723,환불요청
J19_S022729,환불요청
J19_S022733,환불요청
J19_S022741,환불요청
J19_S022745,환불요청
J19_S022758,환불요청
J19_S022759,환불요청
J19_S022768,환불요청
J19_S022787,환불요청
J19_S022798,환불요청
J19_S022800,환불요청
J19_S022809,환불요청
J19_S022810,환불요청
J19_S022812,환불요청
J19_S022825,환불요청
J19_S022831,환불요청
J19_S022843,환불요청
J19_S022844,환불요청
J19_S022845,환불요청
J19_S022848,환불요청
J19_S022851,환불요청
J19_S022853,환불요청
J19_S022855,환불요청
J19_S022865,환불요청
J19_S022868,환불요청
J19_S022874,환불요청
J19_S022875,환불요청
J19_S022877,환불요청
J19_S022879,환불요청
J19_S022881,환불요청
J19_S022882,환불요청
J19_S022883,환불요청
J19_S022891,환불요청
J19_S022895,환불요청
J19_S022897,환불요청
J19_S022907,환불요청
J19_S022921,환불요청
J19_S022924,배송확인
J19_S022928,환불요청
J19_S022936,환불요청
J19_S022939,환불요청
J19_S022942,환불요청
J19_S022945,환불요청
J19_S022946,환불요청
J19_S022954,환불요청
J19_S022964,환불요청
J19_S022970,환불요청
J19_S022971,환불요청
J19_S022975,환불요청
J19_S022982,환불요청
J19_S022985,환불요청
J19_S022995,환불요청
J19_S023000,환불요청
J19_S023002,환불요청
J19_S023003,환불요청
J19_S023004,환불요청
J19_S023008,환불요청
J19_S023016,환불요청
J19_S023028,환불요청
J19_S023030,환불요청
J19_S023035,환불요청
J19_S023039,환불요청
J19_S023041,환불요청
J19_S023045,환불요청
J19_S023047,환불요청
J19_S023051,환불요청
J19_S023053,환불요청
J19_S023064,환불요청
J19_S023067,환불요청
J19_S023075,환불요청
J19_S023076,환불요청
J19_S023081,환불요청
J19_S023084,환불요청
J19_S023086,환불요청
J19_S023090,환불요청
J19_S023092,환불요청
J19_S023094,환불요청
J19_S023102,환불요청
J19_S023107,환불요청
J19_S023116,환불요청
J19_S023124,환불요청
J19_S023126,환불요청
J19_S023140,환불요청
J19_S023143,환불요청
J19_S023144,환불요청
J19_S023146,환불요청
J19_S023150,환불요청
J19_S023152,환불요청
J19_S023162,환불요청
J19_S023163,환불요청
J19_S023167,환불요청
J19_S023170,환불요청
J19_S023179,환불요청
J19_S023191,환불요청
J19_S023193,환불요청
J19_S023194,환불요청
J19_S023196,환불요청
J19_S023198,환불요청
J19_S023199,환불요청
J19_S023204,환불요청
J19_S023209,환불요청
J19_S023215,환불요청
J19_S023219,환불요청
J19_S023221,환불요청
J19_S023222,환불요청
J19_S023227,환불요청
J19_S023230,환불요청
J19_S023240,환불요청
J19_S023241,환불요청
J19_S023248,환불요청
J19_S023258,환불요청
J19_S023264,환불요청
J19_S023268,환불요청
J19_S023271,환불요청
J19_S023274,환불요청
J19_S023280,환불요청
J19_S023291,환불요청
J19_S023296,환불요청
J19_S023297,환불요청
J19_S023304,환불요청
J19_S023309,환불요청
J19_S023316,환불요청
J19_S023318,환불요청
J19_S023319,환불요청
J19_S023327,환불요청
J19_S023333,환불요청
J19_S023338,환불요청
J19_S023345,환불요청
J19_S023365,환불요청
J19_S023373,환불요청
J19_S023374,환불요청
J19_S023379,환불요청
J19_S023384,환불요청
J19_S023391,환불요청
J19_S023394,환불요청
J19_S023399,환불요청
J19_S023405,환불요청
J19_S023416,환불요청
J19_S023422,환불요청
J19_S023423,환불요청
J19_S023430,환불요청
J19_S023435,환불요청
J19_S023440,환불요청
J19_S023444,환불요청
J19_S023449,환불요청
J19_S023456,환불요청
J19_S023466,환불요청
J19_S023475,환불요청
J19_S023484,환불요청
J19_S023492,환불요청
J19_S023496,환불요청
J19_S023497,환불요청
J19_S023499,환불요청
J19_S023500,환불요청
J19_S023503,환불요청
J19_S023504,환불요청
J19_S023515,환불요청
J19_S023520,환불요청
J19_S023527,배송확인
J19_S023532,배송확인
J19_S023534,환불요청
J19_S023535,환불요청
J19_S023545,환불요청
J19_S023550,환불요청
J19_S023552,환불요청
J19_S023555,환불요청
J19_S023559,환불요청
J19_S023563,환불요청
J19_S023567,환불요청
J19_S023568,환불요청
J19_S023570,환불요청
J19_S023577,환불요청
J19_S023581,환불요청
J19_S023582,환불요청
J19_S023593,환불요청
J19_S023594,환불요청
J19_S023598,환불요청
J19_S023600,환불요청
J19_S023607,환불요청
J19_S023608,환불요청
J19_S023611,환불요청
J19_S023615,배송확인
J19_S023629,환불요청
J19_S023635,환불요청
J19_S023637,환불요청
J19_S023638,환불요청
J19_S023644,환불요청
J19_S023647,환불요청
J19_S023648,환불요청
J19_S023651,환불요청
J19_S023656,환불요청
J19_S023664,환불요청
J19_S023666,환불요청
J19_S023667,환불요청
J19_S023670,환불요청
J19_S023674,환불요청
J19_S023676,환불요청
J19_S023686,환불요청
J19_S023690,환불요청
J19_S023692,환불요청
J19_S023694,환불요청
J19_S023695,환불요청
J19_S023697,환불요청
J19_S023700,환불요청
J19_S023706,환불요청
J19_S023708,환불요청
J19_S023709,환불요청
J19_S023714,환불요청
J19_S023718,환불요청
J19_S023724,환불요청
J19_S023727,환불요청
J19_S023728,환불요청
J19_S023737,환불요청
J19_S023739,환불요청
J19_S023748,환불요청
J19_S023761,환불요청
J19_S023772,환불요청
J19_S023776,환불요청
J19_S023779,환불요청
J19_S023782,환불요청
J19_S023787,환불요청
J19_S023788,환불요청
J19_S023800,환불요청
J19_S023802,환불요청
J19_S023806,환불요청
J19_S023811,환불요청
J19_S023820,환불요청
J19_S023826,환불요청
J19_S023832,환불요청
J19_S023838,환불요청
J19_S023853,환불요청
J19_S023857,환불요청
J19_S023859,환불요청
J19_S023864,환불요청
J19_S023869,환불요청
J19_S023870,환불요청
J19_S023873,환불요청
J19_S023878,환불요청
J19_S023880,환불요청
J19_S023885,환불요청
J19_S023889,환불요청
J19_S023891,환불요청
J19_S023892,환불요청
J19_S023902,환불요청
J19_S023910,환불요청
J19_S023911,환불요청
J19_S023912,환불요청
J19_S023913,환불요청
J19_S023915,환불요청
J19_S023916,환불요청
J19_S023921,환불요청
J19_S023923,환불요청
J19_S023935,환불요청
J19_S023936,환불요청
J19_S023943,환불요청
J19_S023947,환불요청
J19_S023949,환불요청
J19_S023956,환불요청
J19_S023981,환불요청
J19_S023983,환불요청
J19_S023989,환불요청
J19_S023990,환불요청
J19_S023997,환불요청
J19_S024004,환불요청
J19_S024010,환불요청
J19_S024016,환불요청
J19_S024023,환불요청
J19_S024025,환불요청
J19_S024034,환불요청
J19_S024061,환불요청
J19_S024063,환불요청
J19_S024066,환불요청
J19_S024071,환불요청
J19_S024075,환불요청
J19_S024080,환불요청
J19_S024086,환불요청
J19_S024089,환불요청
J19_S024092,환불요청
J19_S024097,환불요청
J19_S024098,환불요청
J19_S024104,환불요청
J19_S024116,환불요청
J19_S024117,환불요청
J19_S024119,환불요청
J19_S024120,환불요청
J19_S024121,환불요청
J19_S024123,환불요청
J19_S024124,환불요청
J19_S024126,환불요청
J19_S024129,환불요청
J19_S024133,환불요청
J19_S024140,환불요청
J19_S024141,환불요청
J19_S024145,환불요청
J19_S024146,환불요청
J19_S024164,환불요청
J19_S024169,환불요청
J19_S024173,환불요청
J19_S024183,환불요청
J19_S024185,환불요청
J19_S024188,환불요청
J19_S024192,환불요청
J19_S024194,환불요청
J19_S024201,환불요청
J19_S024210,환불요청
J19_S024225,환불요청
J19_S024228,환불요청
J19_S024231,환불요청
J19_S024232,환불요청
J19_S024233,환불요청
J19_S024235,환불요청
J19_S024238,배송확인
J19_S024241,환불요청
J19_S024247,환불요청
J19_S024248,환불요청
J19_S024250,환불요청
J19_S024251,환불요청
J19_S024252,환불요청
J19_S024253,환불요청
J19_S024259,환불요청
J19_S024262,환불요청
J19_S024279,환불요청
J19_S024280,환불요청
J19_S024282,환불요청
J19_S024291,환불요청
J19_S024299,환불요청
J19_S024300,환불요청
J19_S024302,환불요청
J19_S024323,환불요청
J19_S024332,환불요청
J19_S024340,환불요청
J19_S024344,환불요청
J19_S024345,환불요청
J19_S024348,환불요청
J19_S024353,환불요청
J19_S024360,환불요청
J19_S024361,환불요청
J19_S024365,환불요청
J19_S024371,환불요청
J19_S024376,환불요청
J19_S024380,환불요청
J19_S024381,환불요청
J19_S024382,환불요청
J19_S024386,환불요청
J19_S024389,환불요청
J19_S024396,환불요청
J19_S024397,환불요청
J19_S024402,환불요청
J19_S024407,환불요청
J19_S024408,환불요청
J19_S024413,환불요청
J19_S024416,환불요청
J19_S024429,환불요청
J19_S024453,환불요청
J19_S024455,환불요청
J19_S024457,환불요청
J19_S024458,환불요청
J19_S024473,환불요청
J19_S024495,환불요청
J19_S024504,환불요청
J19_S024505,환불요청
J19_S024517,환불요청
J19_S024526,환불요청
J19_S024529,환불요청
J19_S024530,환불요청
J19_S024536,환불요청
J19_S024548,환불요청
J19_S024549,환불요청
J19_S024558,환불요청
J19_S024565,환불요청
J19_S024567,환불요청
J19_S024568,환불요청
J19_S024576,환불요청
J19_S024577,환불요청
J19_S024580,환불요청
J19_S024582,환불요청
J19_S024605,환불요청
J19_S024613,환불요청
J19_S024621,환불요청
J19_S024625,환불요청
J19_S024626,환불요청
J19_S024634,환불요청
J19_S024641,환불요청
J19_S024642,환불요청
J19_S024645,환불요청
J19_S024650,환불요청
J19_S024666,환불요청
J19_S024678,환불요청
J19_S024691,환불요청
J19_S024692,환불요청
J19_S024698,환불요청
J19_S024708,환불요청
J19_S024710,환불요청
J19_S024716,환불요청
J19_S024719,환불요청
J19_S024723,환불요청
J19_S024725,환불요청
J19_S024731,환불요청
J19_S024732,환불요청
J19_S024735,환불요청
J19_S024739,환불요청
J19_S024743,환불요청
J19_S024744,환불요청
J19_S024747,환불요청
J19_S024760,환불요청
J19_S024770,환불요청
J19_S024775,환불요청
J19_S024788,환불요청
J19_S024790,환불요청
J19_S024798,환불요청
J19_S024802,환불요청
J19_S024807,환불요청
J19_S024809,환불요청
J19_S024813,환불요청
J19_S024832,환불요청
J19_S024839,환불요청
J19_S024849,환불요청
J19_S024855,환불요청
J19_S024856,환불요청
J19_S024862,환불요청
J19_S024863,환불요청
J19_S024865,환불요청
J19_S024881,환불요청
J19_S024882,환불요청
J19_S024883,환불요청
J19_S024884,환불요청
J19_S024885,환불요청
J19_S024886,환불요청
J19_S024889,환불요청
J19_S024891,환불요청
J19_S024903,환불요청
J19_S024904,환불요청
J19_S024905,환불요청
J19_S024912,환불요청
J19_S024914,환불요청
J19_S024916,환불요청
J19_S024929,환불요청
J19_S024940,환불요청
J19_S024941,환불요청
J19_S024942,환불요청
J19_S024943,환불요청
J19_S024945,환불요청
J19_S024948,환불요청
J19_S024949,환불요청
J19_S024966,환불요청
J19_S024969,환불요청
J19_S024972,환불요청
J19_S024977,환불요청
J19_S024979,환불요청
J19_S024980,환불요청
J19_S024990,환불요청
J19_S024992,환불요청
J19_S024996,환불요청
J19_S025003,환불요청
J19_S025005,환불요청
J19_S025006,환불요청
J19_S025011,환불요청
J19_S025013,환불요청
J19_S025014,환불요청
J19_S025017,환불요청
J19_S025032,환불요청
J19_S025034,환불요청
J19_S025044,환불요청
J19_S025045,환불요청
J19_S025047,배송확인
J19_S025068,환불요청
J19_S025069,배송확인
J19_S025071,환불요청
J19_S025072,환불요청
J19_S025074,환불요청
J19_S025082,환불요청
J19_S025085,환불요청
J19_S025098,환불요청
J19_S025101,환불요청
J19_S025104,환불요청
J19_S025106,환불요청
J19_S025108,환불요청
J19_S025130,환불요청
J19_S025136,환불요청
J19_S025145,환불요청
J19_S025146,환불요청
J19_S025147,환불요청
J19_S025158,환불요청
J19_S025160,환불요청
J19_S025161,환불요청
J19_S025167,환불요청
J19_S025168,환불요청
J19_S025172,환불요청
J19_S025175,환불요청
J19_S025176,환불요청
J19_S025187,환불요청
J19_S025188,환불요청
J19_S025189,환불요청
J19_S025200,환불요청
J19_S025201,환불요청
J19_S025206,환불요청
J19_S025210,환불요청
J19_S025212,환불요청
J19_S025215,환불요청
J19_S025218,환불요청
J19_S025226,환불요청
J19_S025227,환불요청
J19_S025230,환불요청
J19_S025234,환불요청
J19_S025241,환불요청
J19_S025248,환불요청
J19_S025253,환불요청
J19_S025259,환불요청
J19_S025260,환불요청
J19_S025263,환불요청
J19_S025273,환불요청
J19_S025274,환불요청
J19_S025276,환불요청
J19_S025277,환불요청
J19_S025284,환불요청
J19_S025298,환불요청
J19_S025302,환불요청
J19_S025308,환불요청
J19_S025312,환불요청
J19_S025314,환불요청
J19_S025316,환불요청
J19_S025323,환불요청
J19_S025332,환불요청
J19_S025333,환불요청
J19_S025335,환불요청
J19_S025336,환불요청
J19_S025339,환불요청
J19_S025354,환불요청
J19_S025355,환불요청
J19_S025357,환불요청
J19_S025361,환불요청
J19_S025369,환불요청
J19_S025377,환불요청
J19_S025379,환불요청
J19_S025381,환불요청
J19_S025382,환불요청
J19_S025385,환불요청
J19_S025390,환불요청
J19_S025393,환불요청
J19_S025401,환불요청
J19_S025407,환불요청
J19_S025411,환불요청
J19_S025413,환불요청
J19_S025420,환불요청
J19_S025427,환불요청
J19_S025431,환불요청
J19_S025459,환불요청
J19_S025462,환불요청
J19_S025486,환불요청
J19_S025496,환불요청
J19_S025509,환불요청
J19_S025514,환불요청
J19_S025519,환불요청
J19_S025526,환불요청
J19_S025527,환불요청
J19_S025540,환불요청
J19_S025542,환불요청
J19_S025544,환불요청
J19_S025555,환불요청
J19_S025558,환불요청
J19_S025562,환불요청
J19_S025564,환불요청
J19_S025568,환불요청
J19_S025573,환불요청
J19_S025576,환불요청
J19_S025577,환불요청
J19_S025578,환불요청
J19_S025581,환불요청
J19_S025582,환불요청
J19_S025583,환불요청
J19_S025584,환불요청
J19_S025586,환불요청
J19_S025590,환불요청
J19_S025591,환불요청
J19_S025597,환불요청
J19_S025599,환불요청
J19_S025602,환불요청
J19_S025605,환불요청
J19_S025609,환불요청
J19_S025615,환불요청
J19_S025619,환불요청
J19_S025621,환불요청
J19_S025624,환불요청
J19_S025626,배송확인
J19_S025631,환불요청
J19_S025633,환불요청
J19_S025634,환불요청
J19_S025644,환불요청
J19_S025659,환불요청
J19_S025662,환불요청
J19_S025663,환불요청
J19_S025666,환불요청
J19_S025668,환불요청
J19_S025669,환불요청
J19_S025678,환불요청
J19_S025694,환불요청
J19_S025697,환불요청
J19_S025700,환불요청
J19_S025702,환불요청
J19_S025718,환불요청
J19_S025719,환불요청
J19_S025720,환불요청
J19_S025732,환불요청
J19_S025735,환불요청
J19_S025738,환불요청
J19_S025742,환불요청
J19_S025744,환불요청
J19_S025748,환불요청
J19_S025751,환불요청
J19_S025753,환불요청
J19_S025754,환불요청
J19_S025755,환불요청
J19_S025756,환불요청
J19_S025777,환불요청
J19_S025786,환불요청
J19_S025787,환불요청
J19_S025789,환불요청
J19_S025790,환불요청
J19_S025797,환불요청
J19_S025798,환불요청
J19_S025800,환불요청
J19_S025806,환불요청
J19_S025812,환불요청
J19_S025816,환불요청
J19_S025820,환불요청
J19_S025821,환불요청
J19_S025826,환불요청
J19_S025841,환불요청
J19_S025845,환불요청
J19_S025852,환불요청
J19_S025857,환불요청
J19_S025860,환불요청
J19_S025862,환불요청
J19_S025874,환불요청
J19_S025877,환불요청
J19_S025879,환불요청
J19_S025881,환불요청
J19_S025886,환불요청
J19_S025889,환불요청
J19_S025905,환불요청
J19_S025906,환불요청
J19_S025920,환불요청
J19_S025925,환불요청
J19_S025928,환불요청
J19_S025931,환불요청
J19_S025934,환불요청
J19_S025937,환불요청
J19_S025944,환불요청
J19_S025946,환불요청
J19_S025953,환불요청
J19_S025965,환불요청
J19_S025967,환불요청
J19_S025970,환불요청
J19_S025974,환불요청
J19_S025976,환불요청
J19_S025982,환불요청
J19_S025983,환불요청
J19_S025987,환불요청
J19_S025993,환불요청
J19_S025997,환불요청
J19_S026015,환불요청
J19_S026016,환불요청
J19_S026032,환불요청
J19_S026038,환불요청
J19_S026040,환불요청
J19_S026047,환불요청
J19_S026063,환불요청
J19_S026064,환불요청
J19_S026070,환불요청
J19_S026074,환불요청
J19_S026078,환불요청
J19_S026085,환불요청
J19_S026086,환불요청
J19_S026088,환불요청
J19_S026094,환불요청
J19_S026096,환불요청
J19_S026100,환불요청
J19_S026102,환불요청
J19_S026107,환불요청
J19_S026114,환불요청
J19_S026115,환불요청
J19_S026116,환불요청
J19_S026126,환불요청
J19_S026128,환불요청
J19_S026134,환불요청
J19_S026139,환불요청
J19_S026140,환불요청
J19_S026142,환불요청
J19_S026144,환불요청
J19_S026150,환불요청
J19_S026153,환불요청
J19_S026154,환불요청
J19_S026166,환불요청
J19_S026167,환불요청
J19_S026169,환불요청
J19_S026174,환불요청
J19_S026179,환불요청
J19_S026180,환불요청
J19_S026182,환불요청
J19_S026186,환불요청
J19_S026189,환불요청
J19_S026194,환불요청
J19_S026211,환불요청
J19_S026214,환불요청
J19_S026217,환불요청
J19_S026218,환불요청
J19_S026227,환불요청
J19_S026245,환불요청
J19_S026256,배송확인
J19_S026257,환불요청
J19_S026264,환불요청
J19_S026273,환불요청
J19_S026291,환불요청
J19_S026296,환불요청
J19_S026299,환불요청
J19_S026303,환불요청
J19_S026304,환불요청
J19_S026311,환불요청
J19_S026316,환불요청
J19_S026323,환불요청
J19_S026325,환불요청
J19_S026336,환불요청
J19_S026338,환불요청
J19_S026343,환불요청
J19_S026353,환불요청
J19_S026357,환불요청
J19_S026359,환불요청
J19_S026366,환불요청
J19_S026367,환불요청
J19_S026374,환불요청
J19_S026375,환불요청
J19_S026388,배송확인
J19_S026393,환불요청
J19_S026396,환불요청
J19_S026398,환불요청
J19_S026401,환불요청
J19_S026409,환불요청
J19_S026410,환불요청
J19_S026411,환불요청
J19_S026414,환불요청
J19_S026425,환불요청
J19_S026428,환불요청
J19_S026435,환불요청
J19_S026437,환불요청
J19_S026440,환불요청
J19_S026442,환불요청
J19_S026448,환불요청
J19_S026462,환불요청
J19_S026465,환불요청
J19_S026479,환불요청
J19_S026481,환불요청
J19_S026486,환불요청
J19_S026487,환불요청
J19_S026504,환불요청
J19_S026508,환불요청
J19_S026513,환불요청
J19_S026516,환불요청
J19_S026519,환불요청
J19_S026524,환불요청
J19_S026529,환불요청
J19_S026533,환불요청
J19_S026537,환불요청
J19_S026544,환불요청
J19_S026556,환불요청
J19_S026558,환불요청
J19_S026559,환불요청
J19_S026563,환불요청
J19_S026565,환불요청
J19_S026573,환불요청
J19_S026574,환불요청
J19_S026576,환불요청
J19_S026583,환불요청
J19_S026585,환불요청
J19_S026589,환불요청
J19_S026597,환불요청
J19_S026606,환불요청
J19_S026611,환불요청
J19_S026618,환불요청
J19_S026619,환불요청
J19_S026620,환불요청
J19_S026624,환불요청
J19_S026626,환불요청
J19_S026634,환불요청
J19_S026636,환불요청
J19_S026641,환불요청
J19_S026648,환불요청
J19_S026651,환불요청
J19_S026660,환불요청
J19_S026663,환불요청
J19_S026670,환불요청
J19_S026675,환불요청
J19_S026680,환불요청
J19_S026683,환불요청
J19_S026684,배송확인
J19_S026686,환불요청
J19_S026689,환불요청
J19_S026692,환불요청
J19_S026703,환불요청
J19_S026707,환불요청
J19_S026719,환불요청
J19_S026726,환불요청
J19_S026732,배송확인
J19_S026736,환불요청
J19_S026752,환불요청
J19_S026753,환불요청
J19_S026769,환불요청
J19_S026773,환불요청
J19_S026777,환불요청
J19_S026782,환불요청
J19_S026785,환불요청
J19_S026793,환불요청
J19_S026796,환불요청
J19_S026801,환불요청
J19_S026806,환불요청
J19_S026809,환불요청
J19_S026815,환불요청
J19_S026816,환불요청
J19_S026817,환불요청
J19_S026818,환불요청
J19_S026821,환불요청
J19_S026824,환불요청
J19_S026825,환불요청
J19_S026834,환불요청
J19_S026846,환불요청
J19_S026848,환불요청
J19_S026852,환불요청
J19_S026854,환불요청
J19_S026858,환불요청
J19_S026861,환불요청
J19_S026863,환불요청
J19_S026867,환불요청
J19_S026869,환불요청
J19_S026870,환불요청
J19_S026871,환불요청
J19_S026876,환불요청
J19_S026894,환불요청
J19_S026898,환불요청
J19_S026899,환불요청
J19_S026903,환불요청
J19_S026913,배송확인
J19_S026926,환불요청
J19_S026929,환불요청
J19_S026933,환불요청
J19_S026934,환불요청
J19_S026935,환불요청
J19_S026939,환불요청
J19_S026941,환불요청
J19_S026960,환불요청
J19_S026964,환불요청
J19_S026967,환불요청
J19_S026972,환불요청
J19_S026982,환불요청
J19_S026985,환불요청
J19_S026989,환불요청
J19_S026993,환불요청
J19_S026995,환불요청
J19_S027004,환불요청
J19_S027005,환불요청
J19_S027006,환불요청
J19_S027007,환불요청
J19_S027008,환불요청
J19_S027021,환불요청
J19_S027022,환불요청
J19_S027024,환불요청
J19_S027029,환불요청
J19_S027038,환불요청
J19_S027040,환불요청
J19_S027046,환불요청
J19_S027048,환불요청
J19_S027049,환불요청
J19_S027054,환불요청
J19_S027055,환불요청
J19_S027064,환불요청
J19_S027073,환불요청
J19_S027076,환불요청
J19_S027089,환불요청
J19_S027091,환불요청
J19_S027093,환불요청
J19_S027096,환불요청
J19_S027097,환불요청
J19_S027110,환불요청
J19_S027113,환불요청
J19_S027120,환불요청
J19_S027132,환불요청
J19_S027133,환불요청
J19_S027135,환불요청
J19_S027138,환불요청
J19_S027141,환불요청
J19_S027142,환불요청
J19_S027151,환불요청
J19_S027152,배송확인
J19_S027165,환불요청
J19_S027168,환불요청
J19_S027171,환불요청
J19_S027183,환불요청
J19_S027185,환불요청
J19_S027187,환불요청
J19_S027192,환불요청
J19_S027196,환불요청
J19_S027198,환불요청
J19_S027203,환불요청
J19_S027210,환불요청
J19_S027211,환불요청
J19_S027216,환불요청
J19_S027217,환불요청
J19_S027218,환불요청
J19_S027220,환불요청
J19_S027224,환불요청
J19_S027232,환불요청
J19_S027239,환불요청
J19_S027243,환불요청
J19_S027254,환불요청
J19_S027256,환불요청
J19_S027260,환불요청
J19_S027270,환불요청
J19_S027301,환불요청
J19_S027308,환불요청
J19_S027312,환불요청
J19_S027313,환불요청
J19_S027321,환불요청
J19_S027325,환불요청
J19_S027327,환불요청
J19_S027332,환불요청
J19_S027343,환불요청
J19_S027344,환불요청
J19_S027349,환불요청
J19_S027352,환불요청
J19_S027358,환불요청
J19_S027360,환불요청
J19_S027363,환불요청
J19_S027384,환불요청
J19_S027385,환불요청
J19_S027400,환불요청
J19_S027433,환불요청
J19_S027440,환불요청
J19_S027444,환불요청
J19_S027450,환불요청
J19_S027454,환불요청
J19_S027459,환불요청
J19_S027466,배송확인
J19_S027469,환불요청
J19_S027486,환불요청
J19_S027488,환불요청
J19_S027490,환불요청
J19_S027494,환불요청
J19_S027499,환불요청
J19_S027503,환불요청
J19_S027509,환불요청
J19_S027519,환불요청
J19_S027520,환불요청
J19_S027527,환불요청
J19_S027554,환불요청
J19_S027556,배송확인
J19_S027563,환불요청
J19_S027564,환불요청
J19_S027566,환불요청
J19_S027569,환불요청
J19_S027573,배송확인
J19_S027574,환불요청
J19_S027580,환불요청
J19_S027586,환불요청
J19_S027592,환불요청
J19_S027595,환불요청
J19_S027600,환불요청
J19_S027602,환불요청
J19_S027616,환불요청
J19_S027618,환불요청
J19_S027619,환불요청
J19_S027628,환불요청
J19_S027631,환불요청
J19_S027640,환불요청
J19_S027642,환불요청
J19_S027647,환불요청
J19_S027655,환불요청
J19_S027657,환불요청
J19_S027659,환불요청
J19_S027665,환불요청
J19_S027670,환불요청
J19_S027671,환불요청
J19_S027679,환불요청
J19_S027681,환불요청
J19_S027683,환불요청
J19_S027689,환불요청
J19_S027692,환불요청
J19_S027695,환불요청
J19_S027699,환불요청
J19_S027704,환불요청
J19_S027709,환불요청
J19_S027714,환불요청
J19_S027716,환불요청
J19_S027723,배송확인
J19_S027727,환불요청
J19_S027732,환불요청
J19_S027733,환불요청
J19_S027746,환불요청
J19_S027747,환불요청
J19_S027749,환불요청
J19_S027751,환불요청
J19_S027756,배송확인
J19_S027758,환불요청
J19_S027759,환불요청
J19_S027761,환불요청
J19_S027762,환불요청
J19_S027767,환불요청
J19_S027768,환불요청
J19_S027773,환불요청
J19_S027778,환불요청
J19_S027786,환불요청
J19_S027792,환불요청
J19_S027797,환불요청
J19_S027803,환불요청
J19_S027804,환불요청
J19_S027811,환불요청
J19_S027812,환불요청
J19_S027815,환불요청
J19_S027821,환불요청
J19_S027822,환불요청
J19_S027828,환불요청
J19_S027836,환불요청
J19_S027845,환불요청
J19_S027848,환불요청
J19_S027861,환불요청
J19_S027873,환불요청
J19_S027879,환불요청
J19_S027882,환불요청
J19_S027888,환불요청
J19_S027894,환불요청
J19_S027895,환불요청
J19_S027899,환불요청
J19_S027903,환불요청
J19_S027909,환불요청
J19_S027912,환불요청
J19_S027915,환불요청
J19_S027917,환불요청
J19_S027921,환불요청
J19_S027924,환불요청
J19_S027931,환불요청
J19_S027943,환불요청
J19_S027944,환불요청
J19_S027945,환불요청
J19_S027948,환불요청
J19_S027965,환불요청
J19_S027976,환불요청
J19_S027980,환불요청
J19_S027982,환불요청
J19_S027987,환불요청
J19_S027995,환불요청
J19_S027997,환불요청
J19_S028002,환불요청
J19_S028003,환불요청
J19_S028004,환불요청
J19_S028007,배송확인
J19_S028011,환불요청
J19_S028012,환불요청
J19_S028015,환불요청
J19_S028016,환불요청
J19_S028017,환불요청
J19_S028020,환불요청
J19_S028028,환불요청
J19_S028036,환불요청
J19_S028038,환불요청
J19_S028046,환불요청
J19_S028048,환불요청
J19_S028054,환불요청
J19_S028055,환불요청
J19_S028056,환불요청
J19_S028061,환불요청
J19_S028062,환불요청
J19_S028064,환불요청
J19_S028071,환불요청
J19_S028073,환불요청
J19_S028075,환불요청
J19_S028080,환불요청
J19_S028082,환불요청
J19_S028087,환불요청
J19_S028090,환불요청
J19_S028099,환불요청
J19_S028107,환불요청
J19_S028108,환불요청
J19_S028112,환불요청
J19_S028113,환불요청
J19_S028119,환불요청
J19_S028122,환불요청
J19_S028127,환불요청
J19_S028131,환불요청
J19_S028136,환불요청
J19_S028141,환불요청
J19_S028146,배송확인
J19_S028149,환불요청
J19_S028153,환불요청
J19_S028155,환불요청
J19_S028159,환불요청
J19_S028163,환불요청
J19_S028166,환불요청
J19_S028167,환불요청
J19_S028168,환불요청
J19_S028180,환불요청
J19_S028182,환불요청
J19_S028195,환불요청
J19_S028213,환불요청
J19_S028217,환불요청
J19_S028225,환불요청
J19_S028230,환불요청
J19_S028242,환불요청
J19_S028249,환불요청
J19_S028261,환불요청
J19_S028269,환불요청
J19_S028279,환불요청
J19_S028287,환불요청
J19_S028302,환불요청
J19_S028310,환불요청
J19_S028327,환불요청
J19_S028332,환불요청
J19_S028333,환불요청
J19_S028334,환불요청
J19_S028342,환불요청
J19_S028344,환불요청
J19_S028348,환불요청
J19_S028358,환불요청
J19_S028359,환불요청
J19_S028360,환불요청
J19_S028366,환불요청
J19_S028367,환불요청
J19_S028370,환불요청
J19_S028371,환불요청
J19_S028372,환불요청
J19_S028383,환불요청
J19_S028390,환불요청
J19_S028399,환불요청
J19_S028401,환불요청
J19_S028409,환불요청
J19_S028416,환불요청
J19_S028423,환불요청
J19_S028434,환불요청
J19_S028439,환불요청
J19_S028441,환불요청
J19_S028443,환불요청
J19_S028444,환불요청
J19_S028446,환불요청
J19_S028447,환불요청
J19_S028450,환불요청
J19_S028451,환불요청
J19_S028454,환불요청
J19_S028456,환불요청
J19_S028461,환불요청
J19_S028462,환불요청
J19_S028463,환불요청
J19_S028470,환불요청
J19_S028475,환불요청
J19_S028479,환불요청
J19_S028482,환불요청
J19_S028483,환불요청
J19_S028484,환불요청
J19_S028489,환불요청
J19_S028502,환불요청
J19_S028512,환불요청
J19_S028513,배송확인
J19_S028517,환불요청
J19_S028521,환불요청
J19_S028524,환불요청
J19_S028528,환불요청
J19_S028529,환불요청
J19_S028535,환불요청
J19_S028542,환불요청
J19_S028549,환불요청
J19_S028550,환불요청
J19_S028552,환불요청
J19_S028554,환불요청
J19_S028555,환불요청
J19_S028557,환불요청
J19_S028564,환불요청
J19_S028568,환불요청
J19_S028570,환불요청
J19_S028575,환불요청
J19_S028576,환불요청
J19_S028578,환불요청
J19_S028585,환불요청
J19_S028588,환불요청
J19_S028589,환불요청
J19_S028592,환불요청
J19_S028605,환불요청
J19_S028610,환불요청
J19_S028612,환불요청
J19_S028622,환불요청
J19_S028623,환불요청
J19_S028631,환불요청
J19_S028639,환불요청
J19_S028645,환불요청
J19_S028648,환불요청
J19_S028650,환불요청
J19_S028652,환불요청
J19_S028655,환불요청
J19_S028663,환불요청
J19_S028665,환불요청
J19_S028673,환불요청
J19_S028682,환불요청
J19_S028690,환불요청
J19_S028694,환불요청
J19_S028699,환불요청
J19_S028701,환불요청
J19_S028706,환불요청
J19_S028711,환불요청
J19_S028715,환불요청
J19_S028716,환불요청
J19_S028727,환불요청
J19_S028728,환불요청
J19_S028731,환불요청
J19_S028740,환불요청
J19_S028741,환불요청
J19_S028745,환불요청
J19_S028747,환불요청
J19_S028754,환불요청
J19_S028756,환불요청
J19_S028767,환불요청
J19_S028771,환불요청
J19_S028779,환불요청
J19_S028784,환불요청
J19_S028790,환불요청
J19_S028794,환불요청
J19_S028795,환불요청
J19_S028796,환불요청
J19_S028799,환불요청
J19_S028806,환불요청
J19_S028808,환불요청
J19_S028818,환불요청
J19_S028821,환불요청
J19_S028822,환불요청
J19_S028833,환불요청
J19_S028837,환불요청
J19_S028841,환불요청
J19_S028846,환불요청
J19_S028850,환불요청
J19_S028852,환불요청
J19_S028853,환불요청
J19_S028854,환불요청
J19_S028864,환불요청
J19_S028869,환불요청
J19_S028872,환불요청
J19_S028875,환불요청
J19_S028876,환불요청
J19_S028877,환불요청
J19_S028878,환불요청
J19_S028882,환불요청
J19_S028900,환불요청
J19_S028904,환불요청
J19_S028908,환불요청
J19_S028909,환불요청
J19_S028910,환불요청
J19_S028917,환불요청
J19_S028923,환불요청
J19_S028930,환불요청
J19_S028940,환불요청
J19_S028957,환불요청
J19_S028958,환불요청
J19_S028963,환불요청
J19_S028968,환불요청
J19_S028971,환불요청
J19_S028976,환불요청
J19_S028978,환불요청
J19_S028981,환불요청
J19_S028983,환불요청
J19_S028994,환불요청
J19_S028995,환불요청
J19_S028997,환불요청
J19_S029000,환불요청
J19_S029004,환불요청
J19_S029009,환불요청
J19_S029011,환불요청
J19_S029013,환불요청
J19_S029018,환불요청
J19_S029032,환불요청
J19_S029034,환불요청
J19_S029035,환불요청
J19_S029041,환불요청
J19_S029043,환불요청
J19_S029070,환불요청
J19_S029071,환불요청
J19_S029076,환불요청
J19_S029078,환불요청
J19_S029080,환불요청
J19_S029083,환불요청
J19_S029084,환불요청
J19_S029085,환불요청
J19_S029087,환불요청
J19_S029096,환불요청
J19_S029100,환불요청
J19_S029104,환불요청
J19_S029105,환불요청
J19_S029107,환불요청
J19_S029112,환불요청
J19_S029114,환불요청
J19_S029117,환불요청
J19_S029127,환불요청
J19_S029137,환불요청
J19_S029139,환불요청
J19_S029141,환불요청
J19_S029143,환불요청
J19_S029156,환불요청
J19_S029158,환불요청
J19_S029161,환불요청
J19_S029169,환불요청
J19_S029176,환불요청
J19_S029180,환불요청
J19_S029185,환불요청
J19_S029189,환불요청
J19_S029200,환불요청
J19_S029202,환불요청
J19_S029205,환불요청
J19_S029216,배송확인
J19_S029224,환불요청
J19_S029233,환불요청
J19_S029240,환불요청
J19_S029242,환불요청
J19_S029246,환불요청
J19_S029259,환불요청
J19_S029262,환불요청
J19_S029263,환불요청
J19_S029264,환불요청
J19_S029269,배송확인
J19_S029272,환불요청
J19_S029274,환불요청
J19_S029275,환불요청
J19_S029276,환불요청
J19_S029277,환불요청
J19_S029280,배송확인
J19_S029282,배송확인
J19_S029291,환불요청
J19_S029295,환불요청
J19_S029297,환불요청
J19_S029303,환불요청
J19_S029307,환불요청
J19_S029321,환불요청
J19_S029327,환불요청
J19_S029333,환불요청
J19_S029343,환불요청
J19_S029345,환불요청
J19_S029349,환불요청
J19_S029354,환불요청
J19_S029355,배송확인
J19_S029359,환불요청
J19_S029371,환불요청
J19_S029373,환불요청
J19_S029385,배송확인
J19_S029386,환불요청
J19_S029398,환불요청
J19_S029401,환불요청
J19_S029405,환불요청
J19_S029406,환불요청
J19_S029408,환불요청
J19_S029412,환불요청
J19_S029417,배송확인
J19_S029421,환불요청
J19_S029426,환불요청
J19_S029432,환불요청
J19_S029434,환불요청
J19_S029442,환불요청
J19_S029443,환불요청
J19_S029456,환불요청
J19_S029459,환불요청
J19_S029465,환불요청
J19_S029473,환불요청
J19_S029476,환불요청
J19_S029477,배송확인
J19_S029482,배송확인
J19_S029485,환불요청
J19_S029488,환불요청
J19_S029496,환불요청
J19_S029507,환불요청
J19_S029513,환불요청
J19_S029533,환불요청
J19_S029546,환불요청
J19_S029548,환불요청
J19_S029554,환불요청
J19_S029555,배송확인
J19_S029558,배송확인
J19_S029559,환불요청
J19_S029560,환불요청
J19_S029566,배송확인
J19_S029573,환불요청
J19_S029580,환불요청
J19_S029581,환불요청
J19_S029582,환불요청
J19_S029583,환불요청
J19_S029586,환불요청
J19_S029587,배송확인
J19_S029593,환불요청
J19_S029594,환불요청
J19_S029598,환불요청
J19_S029599,환불요청
J19_S029607,환불요청
J19_S029609,환불요청
J19_S029610,환불요청
J19_S029612,배송확인
J19_S029618,환불요청
J19_S029619,환불요청
J19_S029622,환불요청
J19_S029625,환불요청
J19_S029626,환불요청
J19_S029627,환불요청
J19_S029640,환불요청
J19_S029642,배송확인
J19_S029649,환불요청
J19_S029652,환불요청
J19_S029655,환불요청
J19_S029663,환불요청
J19_S029670,환불요청
J19_S029672,환불요청
J19_S029675,환불요청
J19_S029678,환불요청
J19_S029685,환불요청
J19_S029689,환불요청
J19_S029692,환불요청
J19_S029693,환불요청
J19_S029700,환불요청
J19_S029701,환불요청
J19_S029705,환불요청
J19_S029706,환불요청
J19_S029724,환불요청
J19_S029736,환불요청
J19_S029740,배송확인
J19_S029748,환불요청
J19_S029756,환불요청
J19_S029757,환불요청
J19_S029767,환불요청
J19_S029775,환불요청
J19_S029785,배송확인
J19_S029786,배송확인
J19_S029789,배송확인
J19_S029798,환불요청
J19_S029800,환불요청
J19_S029805,환불요청
J19_S029808,환불요청
J19_S029815,환불요청
J19_S029816,환불요청
J19_S029824,환불요청
J19_S029828,환불요청
J19_S029829,환불요청
J19_S029834,환불요청
J19_S029839,환불요청
J19_S029841,환불요청
J19_S029843,환불요청
J19_S029845,환불요청
J19_S029850,배송확인
J19_S029852,환불요청
J19_S029859,환불요청
J19_S029862,환불요청
J19_S029865,환불요청
J19_S029870,환불요청
J19_S029873,환불요청
J19_S029876,환불요청
J19_S029877,환불요청
J19_S029885,환불요청
J19_S029893,환불요청
J19_S029897,배송확인
J19_S029902,환불요청
J19_S029939,환불요청
J19_S029950,환불요청
J19_S029952,환불요청
J19_S029956,배송확인
J19_S029957,환불요청
J19_S029965,환불요청
J19_S029972,환불요청
J19_S029978,환불요청
J19_S029982,환불요청
J19_S029984,환불요청
J19_S029997,배송확인
J19_S030015,환불요청
J19_S030017,환불요청
J19_S030020,환불요청
J19_S030021,환불요청
J19_S030032,환불요청
J19_S030033,환불요청
J19_S030040,환불요청
J19_S030042,환불요청
J19_S030046,환불요청
J19_S030047,환불요청
J19_S030048,환불요청
J19_S030051,환불요청
J19_S030055,환불요청
J19_S030057,환불요청
J19_S030058,환불요청
J19_S030060,환불요청
J19_S030063,환불요청
J19_S030066,환불요청
J19_S030068,환불요청
J19_S030070,환불요청
J19_S030073,환불요청
J19_S030075,배송확인
J19_S030076,환불요청
J19_S030077,환불요청
J19_S030083,환불요청
J19_S030084,환불요청
J19_S030086,환불요청
J19_S030088,환불요청
J19_S030090,배송확인
J19_S030097,환불요청
J19_S030104,환불요청
J19_S030113,환불요청
J19_S030125,환불요청
J19_S030126,환불요청
J19_S030146,환불요청
J19_S030147,환불요청
J19_S030153,환불요청
J19_S030154,환불요청
J19_S030157,환불요청
J19_S030161,환불요청
J19_S030165,환불요청
J19_S030169,환불요청
J19_S030172,환불요청
J19_S030182,환불요청
J19_S030191,환불요청
J19_S030195,환불요청
J19_S030196,환불요청
J19_S030201,환불요청
J19_S030210,환불요청
J19_S030222,환불요청
J19_S030225,배송확인
J19_S030228,환불요청
J19_S030229,환불요청
J19_S030230,환불요청
J19_S030239,환불요청
J19_S030241,환불요청
J19_S030251,환불요청
J19_S030255,환불요청
J19_S030265,환불요청
J19_S030269,환불요청
J19_S030276,환불요청
J19_S030292,환불요청
J19_S030293,환불요청
J19_S030296,환불요청
J19_S030298,환불요청
J19_S030299,환불요청
J19_S030302,환불요청
J19_S030303,환불요청
J19_S030307,환불요청
J19_S030317,환불요청
J19_S030318,환불요청
J19_S030319,환불요청
J19_S030350,환불요청
J19_S030361,배송확인
J19_S030364,환불요청
J19_S030365,배송확인
J19_S030366,배송확인
J19_S030367,환불요청
J19_S030372,환불요청
J19_S030384,배송확인
J19_S030393,환불요청
J19_S030396,환불요청
J19_S030397,환불요청
J19_S030398,환불요청
J19_S030401,환불요청
J19_S030405,배송확인
J19_S030427,환불요청
J19_S030428,환불요청
J19_S030432,환불요청
J19_S030435,배송확인
J19_S030437,환불요청
J19_S030446,환불요청
J19_S030459,환불요청
J19_S030477,환불요청
J19_S030481,환불요청
J19_S030483,환불요청
J19_S030487,환불요청
J19_S030488,배송확인
J19_S030489,환불요청
J19_S030490,환불요청
J19_S030491,환불요청
J19_S030492,환불요청
J19_S030505,환불요청
J19_S030506,배송확인
J19_S030514,환불요청
J19_S030515,환불요청
J19_S030520,배송확인
J19_S030534,환불요청
J19_S030535,환불요청
J19_S030538,환불요청
J19_S030550,환불요청
J19_S030552,환불요청
J19_S030562,환불요청
J19_S030564,환불요청
J19_S030566,배송확인
J19_S030568,환불요청
J19_S030569,환불요청
J19_S030577,환불요청
J19_S030579,환불요청
J19_S030581,환불요청
J19_S030583,환불요청
J19_S030595,배송확인
J19_S030596,환불요청
J19_S030610,환불요청
J19_S030615,환불요청
J19_S030617,환불요청
J19_S030620,배송확인
J19_S030623,환불요청
J19_S030630,환불요청
J19_S030634,환불요청
J19_S030636,환불요청
J19_S030641,환불요청
J19_S030645,환불요청
J19_S030650,환불요청
J19_S030666,환불요청
J19_S030668,배송확인
J19_S030670,환불요청
J19_S030671,배송확인
J19_S030673,환불요청
J19_S030679,배송확인
J19_S030681,환불요청
J19_S030690,배송확인
J19_S030691,환불요청
J19_S030705,환불요청
J19_S030707,환불요청
J19_S030714,환불요청
J19_S030726,환불요청
J19_S030728,환불요청
J19_S030729,환불요청
J19_S030730,환불요청
J19_S030731,환불요청
J19_S030741,환불요청
J19_S030747,환불요청
J19_S030753,환불요청
J19_S030760,환불요청
J19_S030761,환불요청
J19_S030768,환불요청
J19_S030769,환불요청
J19_S030777,환불요청
J19_S030810,환불요청
J19_S030812,환불요청
J19_S030814,배송확인
J19_S030817,환불요청
J19_S030819,환불요청
J19_S030822,환불요청
J19_S030826,환불요청
J19_S030828,환불요청
J19_S030830,환불요청
J19_S030843,배송확인
J19_S030844,배송확인
J19_S030845,배송확인
J19_S030856,환불요청
J19_S030861,환불요청
J19_S030874,환불요청
J19_S030887,환불요청
J19_S030888,배송확인
J19_S030893,환불요청
J19_S030902,환불요청
J19_S030918,환불요청
J19_S030924,환불요청
J19_S030925,환불요청
J19_S030927,환불요청
J19_S030928,환불요청
J19_S030932,환불요청
J19_S030933,환불요청
J19_S030937,환불요청
J19_S030944,환불요청
J19_S030948,배송확인
J19_S030953,배송확인
J19_S030956,환불요청
J19_S030961,배송확인
J19_S030963,환불요청
J19_S030964,환불요청
J19_S030966,배송확인
J19_S030975,환불요청
J19_S030978,환불요청
J19_S030981,환불요청
J19_S030985,배송확인
J19_S030988,환불요청
J19_S030997,환불요청
J19_S031000,환불요청
J19_S031011,환불요청
J19_S031017,환불요청
J19_S031019,환불요청
J19_S031026,환불요청
J19_S031027,배송확인
J19_S031028,환불요청
J19_S031029,환불요청
J19_S031041,환불요청
J19_S031042,환불요청
J19_S031043,환불요청
J19_S031045,환불요청
J19_S031046,환불요청
J19_S031054,환불요청
J19_S031057,배송확인
J19_S031079,환불요청
J19_S031082,환불요청
J19_S031087,배송확인
J19_S031088,환불요청
J19_S031090,환불요청
J19_S031097,환불요청
J19_S031098,환불요청
J19_S031103,환불요청
J19_S031108,환불요청
J19_S031117,환불요청
J19_S031126,환불요청
J19_S031127,환불요청
J19_S031137,환불요청
J19_S031144,환불요청
J19_S031146,환불요청
J19_S031150,환불요청
J19_S031153,환불요청
J19_S031156,배송확인
J19_S031161,배송확인
J19_S031173,환불요청
J19_S031175,환불요청
J19_S031177,환불요청
J19_S031180,환불요청
J19_S031181,배송확인
J19_S031183,환불요청
J19_S031196,환불요청
J19_S031200,환불요청
J19_S031201,배송확인
J19_S031206,환불요청
J19_S031214,환불요청
J19_S031236,환불요청
J19_S031240,환불요청
J19_S031241,환불요청
J19_S031243,배송확인
J19_S031244,환불요청
J19_S031246,환불요청
J19_S031250,환불요청
J19_S031256,환불요청
J19_S031257,환불요청
J19_S031260,환불요청
J19_S031263,배송확인
J19_S031269,환불요청
J19_S031280,환불요청
J19_S031282,환불요청
J19_S031286,배송확인
J19_S031289,환불요청
J19_S031290,환불요청
J19_S031293,환불요청
J19_S031296,환불요청
J19_S031299,환불요청
J19_S031305,환불요청
J19_S031316,배송확인
J19_S031318,배송확인
J19_S031320,환불요청
J19_S031331,환불요청
J19_S031359,환불요청
J19_S031360,환불요청
J19_S031367,환불요청
J19_S031368,환불요청
J19_S031373,환불요청
J19_S031375,환불요청
J19_S031387,환불요청
J19_S031389,환불요청
J19_S031397,환불요청
J19_S031398,환불요청
J19_S031400,환불요청
J19_S031407,환불요청
J19_S031409,환불요청
J19_S031417,환불요청
J19_S031418,환불요청
J19_S031419,환불요청
J19_S031424,환불요청
J19_S031427,환불요청
J19_S031436,환불요청
J19_S031437,환불요청
J19_S031450,환불요청
J19_S031452,환불요청
J19_S031455,환불요청
J19_S031456,환불요청
J19_S031461,환불요청
J19_S031471,환불요청
J19_S031473,환불요청
J19_S031476,환불요청
J19_S031483,환불요청
J19_S031486,환불요청
J19_S031487,환불요청
J19_S031488,환불요청
J19_S031490,환불요청
J19_S031493,환불요청
J19_S031494,환불요청
J19_S031499,환불요청
J19_S031507,환불요청
J19_S031521,환불요청
J19_S031524,환불요청
J19_S031535,환불요청
J19_S031536,환불요청
J19_S031542,환불요청
J19_S031548,환불요청
J19_S031553,환불요청
J19_S031573,배송확인
J19_S031576,환불요청
J19_S031580,환불요청
J19_S031583,환불요청
J19_S031584,환불요청
J19_S031601,환불요청
J19_S031609,배송확인
J19_S031612,환불요청
J19_S031614,환불요청
J19_S031620,환불요청
J19_S031622,환불요청
J19_S031629,환불요청
J19_S031630,환불요청
J19_S031631,환불요청
J19_S031640,환불요청
J19_S031645,배송확인
J19_S031648,환불요청
J19_S031654,환불요청
J19_S031655,환불요청
J19_S031666,환불요청
J19_S031668,환불요청
J19_S031673,환불요청
J19_S031674,환불요청
J19_S031682,환불요청
J19_S031686,환불요청
J19_S031694,환불요청
J19_S031698,환불요청
J19_S031705,환불요청
J19_S031712,환불요청
J19_S031717,환불요청
J19_S031726,환불요청
J19_S031742,환불요청
J19_S031746,환불요청
J19_S031748,환불요청
J19_S031749,환불요청
J19_S031753,환불요청
J19_S031758,환불요청
J19_S031760,환불요청
J19_S031761,환불요청
J19_S031772,환불요청
J19_S031780,환불요청
J19_S031790,환불요청
J19_S031795,환불요청
J19_S031796,환불요청
J19_S031802,환불요청
J19_S031810,환불요청
J19_S031811,환불요청
J19_S031813,환불요청
J19_S031817,환불요청
J19_S031819,환불요청
J19_S031825,환불요청
J19_S031827,환불요청
J19_S031830,환불요청
J19_S031850,환불요청
J19_S031855,환불요청
J19_S031869,배송확인
J19_S031870,환불요청
J19_S031875,환불요청
J19_S031906,환불요청
J19_S031907,환불요청
J19_S031910,환불요청
J19_S031914,환불요청
J19_S031923,환불요청
J19_S031932,환불요청
J19_S031939,환불요청
J19_S031944,환불요청
J19_S031947,환불요청
J19_S031949,환불요청
J19_S031953,배송확인
J19_S031954,환불요청
J19_S031956,환불요청
J19_S031958,환불요청
J19_S031963,환불요청
J19_S031966,환불요청
J19_S031972,환불요청
J19_S031975,환불요청
J19_S031987,환불요청
J19_S031998,환불요청
J19_S031999,배송확인
J19_S032012,환불요청
J19_S032016,환불요청
J19_S032037,환불요청
J19_S032049,환불요청
J19_S032053,배송확인
J19_S032063,환불요청
J19_S032064,환불요청
J19_S032066,환불요청
J19_S032067,배송확인
J19_S032068,환불요청
J19_S032073,환불요청
J19_S032083,환불요청
J19_S032093,환불요청
J19_S032099,환불요청
J19_S032110,환불요청
J19_S032117,환불요청
J19_S032148,환불요청
J19_S032160,환불요청
J19_S032161,환불요청
J19_S032168,환불요청
J19_S032173,환불요청
J19_S032180,환불요청
J19_S032202,환불요청
J19_S032206,환불요청
J19_S032207,환불요청
J19_S032208,환불요청
J19_S032216,환불요청
J19_S032219,환불요청
J19_S032225,환불요청
J19_S032227,환불요청
J19_S032229,환불요청
J19_S032239,환불요청
J19_S032240,배송확인
J19_S032241,환불요청
J19_S032243,환불요청
J19_S032244,환불요청
J19_S032246,환불요청
J19_S032260,환불요청
J19_S032262,환불요청
J19_S032264,환불요청
J19_S032265,환불요청
J19_S032268,환불요청
J19_S032273,환불요청
J19_S032287,환불요청
J19_S032289,환불요청
J19_S032291,환불요청
J19_S032298,환불요청
J19_S032301,환불요청
J19_S032302,환불요청
J19_S032312,환불요청
J19_S032313,환불요청
J19_S032324,환불요청
J19_S032328,환불요청
J19_S032331,환불요청
J19_S032342,환불요청
J19_S032344,환불요청
J19_S032348,환불요청
J19_S032360,환불요청
J19_S032368,환불요청
J19_S032374,환불요청
J19_S032377,환불요청
J19_S032394,환불요청
J19_S032399,환불요청
J19_S032403,환불요청
J19_S032409,환불요청
J19_S032413,배송확인
J19_S032425,환불요청
J19_S032426,환불요청
J19_S032428,환불요청
J19_S032431,환불요청
J19_S032439,배송확인
J19_S032444,배송확인
J19_S032449,환불요청
J19_S032450,환불요청
J19_S032457,환불요청
J19_S032458,배송확인
J19_S032462,환불요청
J19_S032468,환불요청
J19_S032469,배송확인
J19_S032471,환불요청
J19_S032478,환불요청
J19_S032480,환불요청
J19_S032481,환불요청
J19_S032484,환불요청
J19_S032495,배송확인
J19_S032497,환불요청
J19_S032498,환불요청
J19_S032503,환불요청
J19_S032511,환불요청
J19_S032520,환불요청
J19_S032523,환불요청
J19_S032531,배송확인
J19_S032539,환불요청
J19_S032545,환불요청
J19_S032553,환불요청
J19_S032559,배송확인
J19_S032561,배송확인
J19_S032564,환불요청
J19_S032571,환불요청
J19_S032579,환불요청
J19_S032580,배송확인
J19_S032584,환불요청
J19_S032596,배송확인
J19_S032597,환불요청
J19_S032601,배송확인
J19_S032602,환불요청
J19_S032603,환불요청
J19_S032607,배송확인
J19_S032610,환불요청
J19_S032613,환불요청
J19_S032614,배송확인
J19_S032615,환불요청
J19_S032621,환불요청
J19_S032628,환불요청
J19_S032636,배송확인
J19_S032639,환불요청
J19_S032670,환불요청
J19_S032672,환불요청
J19_S032675,환불요청
J19_S032680,환불요청
J19_S032685,환불요청
J19_S032686,환불요청
J19_S032688,환불요청
J19_S032690,환불요청
J19_S032692,환불요청
J19_S032693,환불요청
J19_S032695,환불요청
J19_S032696,환불요청
J19_S032697,환불요청
J19_S032698,환불요청
J19_S032703,환불요청
J19_S032714,배송확인
J19_S032717,환불요청
J19_S032719,배송확인
J19_S032724,환불요청
J19_S032729,환불요청
J19_S032733,배송확인
J19_S032735,환불요청
J19_S032740,환불요청
J19_S032750,환불요청
J19_S032752,환불요청
J19_S032755,배송확인
J19_S032756,환불요청
J19_S032757,배송확인
J19_S032760,환불요청
J19_S032770,환불요청
J19_S032774,환불요청
J19_S032776,배송확인
J19_S032782,환불요청
J19_S032785,배송확인
J19_S032788,배송확인
J19_S032800,배송확인
J19_S032803,배송확인
J19_S032808,환불요청
J19_S032816,환불요청
J19_S032818,환불요청
J19_S032823,환불요청
J19_S032832,환불요청
J19_S032833,환불요청
J19_S032841,환불요청
J19_S032847,환불요청
J19_S032853,배송확인
J19_S032854,환불요청
J19_S032866,환불요청
J19_S032870,환불요청
J19_S032873,환불요청
J19_S032882,환불요청
J19_S032891,환불요청
J19_S032892,환불요청
J19_S032897,환불요청
J19_S032905,환불요청
J19_S032912,환불요청
J19_S032916,환불요청
J19_S032921,환불요청
J19_S032927,배송확인
J19_S032928,환불요청
J19_S032930,환불요청
J19_S032931,환불요청
J19_S032941,환불요청
J19_S032944,환불요청
J19_S032946,배송확인
J19_S032953,환불요청
J19_S032954,환불요청
J19_S032955,환불요청
J19_S032960,환불요청
J19_S032961,환불요청
J19_S032971,환불요청
J19_S032976,환불요청
J19_S032978,환불요청
J19_S032984,환불요청
J19_S032986,배송확인
J19_S032989,환불요청
J19_S032994,배송확인
J19_S032999,환불요청
J19_S033007,환불요청
J19_S033009,환불요청
J19_S033019,환불요청
J19_S033023,환불요청
J19_S033029,환불요청
J19_S033038,환불요청
J19_S033045,환불요청
J19_S033051,환불요청
J19_S033053,환불요청
J19_S033055,환불요청
J19_S033072,환불요청
J19_S033074,환불요청
J19_S033092,환불요청
J19_S033107,환불요청
J19_S033125,환불요청
J19_S033129,환불요청
J19_S033132,환불요청
J19_S033140,환불요청
J19_S033141,환불요청
J19_S033144,환불요청
J19_S033149,환불요청
J19_S033150,환불요청
J19_S033153,환불요청
J19_S033157,환불요청
J19_S033163,환불요청
J19_S033167,환불요청
J19_S033179,환불요청
J19_S033191,환불요청
J19_S033197,환불요청
J19_S033199,환불요청
J19_S033204,환불요청
J19_S033208,환불요청
J19_S033211,환불요청
J19_S033213,환불요청
J19_S033217,환불요청
J19_S033218,배송확인
J19_S033220,환불요청
J19_S033225,환불요청
J19_S033234,환불요청
J19_S033237,환불요청
J19_S033243,배송확인
J19_S033246,환불요청
J19_S033247,환불요청
J19_S033251,환불요청
J19_S033254,환불요청
J19_S033272,환불요청
J19_S033274,환불요청
J19_S033282,환불요청
J19_S033285,환불요청
J19_S033300,환불요청
J19_S033305,환불요청
J19_S033309,환불요청
J19_S033310,환불요청
J19_S033312,환불요청
J19_S033321,환불요청
J19_S033335,환불요청
J19_S033337,환불요청
J19_S033341,환불요청
J19_S033343,환불요청
J19_S033353,배송확인
J19_S033354,환불요청
J19_S033357,환불요청
J19_S033358,배송확인
J19_S033376,환불요청
J19_S033380,배송확인
J19_S033385,환불요청
J19_S033386,환불요청
J19_S033387,배송확인
J19_S033399,환불요청
J19_S033402,환불요청
J19_S033420,환불요청
J19_S033433,환불요청
J19_S033439,환불요청
J19_S033441,환불요청
J19_S033448,환불요청
J19_S033455,환불요청
J19_S033457,환불요청
J19_S033462,환불요청
J19_S033468,환불요청
J19_S033469,환불요청
J19_S033478,환불요청
J19_S033483,환불요청
J19_S033496,환불요청
J19_S033509,환불요청
J19_S033513,배송확인
J19_S033515,환불요청
J19_S033520,환불요청
J19_S033521,환불요청
J19_S033523,환불요청
J19_S033529,환불요청
J19_S033530,환불요청
J19_S033535,환불요청
J19_S033568,환불요청
J19_S033577,환불요청
J19_S033594,환불요청
J19_S033596,환불요청
J19_S033599,환불요청
J19_S033606,환불요청
J19_S033607,환불요청
J19_S033617,환불요청
J19_S033618,환불요청
J19_S033628,환불요청
J19_S033630,환불요청
J19_S033636,환불요청
J19_S033644,환불요청
J19_S033647,환불요청
J19_S033663,환불요청
J19_S033669,환불요청
J19_S033672,환불요청
J19_S033676,환불요청
J19_S033678,환불요청
J19_S033681,환불요청
J19_S033689,환불요청
J19_S033705,배송확인
J19_S033707,배송확인
J19_S033712,환불요청
J19_S033727,배송확인
J19_S033743,환불요청
J19_S033748,배송확인
J19_S033749,배송확인
J19_S033754,환불요청
J19_S033759,배송확인
J19_S033761,환불요청
J19_S033762,환불요청
J19_S033771,환불요청
J19_S033773,환불요청
J19_S033774,환불요청
J19_S033781,환불요청
J19_S033784,환불요청
J19_S033785,환불요청
J19_S033788,환불요청
J19_S033804,환불요청
J19_S033806,환불요청
J19_S033810,환불요청
J19_S033813,환불요청
J19_S033819,환불요청
J19_S033846,환불요청
J19_S033856,환불요청
J19_S033859,환불요청
J19_S033861,환불요청
J19_S033862,환불요청
J19_S033872,환불요청
J19_S033903,환불요청
J19_S033907,환불요청
J19_S033913,환불요청
J19_S033915,환불요청
J19_S033917,환불요청
J19_S033921,환불요청
J19_S033926,환불요청
J19_S033927,환불요청
J19_S033936,환불요청
J19_S033937,환불요청
J19_S033938,환불요청
J19_S033944,환불요청
J19_S033946,환불요청
J19_S033952,환불요청
J19_S033966,환불요청
J19_S033976,배송확인
J19_S033999,환불요청
J19_S034001,환불요청
J19_S034005,환불요청
J19_S034013,배송확인
J19_S034017,환불요청
J19_S034018,배송확인
J19_S034025,배송확인
J19_S034030,환불요청
J19_S034033,배송확인
J19_S034035,환불요청
J19_S034036,환불요청
J19_S034039,환불요청
J19_S034047,배송확인
J19_S034049,환불요청
J19_S034055,환불요청
J19_S034064,환불요청
J19_S034065,환불요청
J19_S034079,환불요청
J19_S034080,환불요청
J19_S034081,환불요청
J19_S034085,환불요청
J19_S034087,환불요청
J19_S034090,환불요청
J19_S034096,환불요청
J19_S034098,환불요청
J19_S034106,환불요청
J19_S034109,환불요청
J19_S034119,환불요청
J19_S034120,환불요청
J19_S034121,환불요청
J19_S034126,환불요청
J19_S034130,환불요청
J19_S034134,환불요청
J19_S034139,환불요청
J19_S034143,환불요청
J19_S034148,배송확인
J19_S034152,환불요청
J19_S034154,환불요청
J19_S034158,환불요청
J19_S034162,환불요청
J19_S034170,환불요청
J19_S034178,환불요청
J19_S034179,환불요청
J19_S034185,환불요청
J19_S034190,환불요청
J19_S034203,환불요청
J19_S034204,환불요청
J19_S034207,환불요청
J19_S034210,환불요청
J19_S034223,환불요청
J19_S034229,환불요청
J19_S034231,환불요청
J19_S034246,환불요청
J19_S034263,환불요청
J19_S034269,배송확인
J19_S034270,환불요청
J19_S034273,환불요청
J19_S034277,배송확인
J19_S034278,환불요청
J19_S034282,배송확인
J19_S034284,환불요청
J19_S034285,환불요청
J19_S034295,환불요청
J19_S034299,환불요청
J19_S034307,환불요청
J19_S034313,환불요청
J19_S034315,환불요청
J19_S034316,환불요청
J19_S034317,환불요청
J19_S034319,환불요청
J19_S034322,환불요청
J19_S034328,환불요청
J19_S034331,환불요청
J19_S034338,환불요청
J19_S034344,환불요청
J19_S034348,환불요청
J19_S034349,환불요청
J19_S034350,환불요청
J19_S034352,환불요청
J19_S034354,환불요청
J19_S034365,환불요청
J19_S034369,배송확인
J19_S034377,환불요청
J19_S034383,환불요청
J19_S034384,환불요청
J19_S034385,환불요청
J19_S034388,환불요청
J19_S034394,환불요청
J19_S034403,환불요청
J19_S034406,환불요청
J19_S034414,배송확인
J19_S034417,환불요청
J19_S034420,환불요청
J19_S034429,환불요청
J19_S034431,환불요청
J19_S034433,배송확인
J19_S034434,환불요청
J19_S034438,배송확인
J19_S034444,환불요청
J19_S034448,배송확인
J19_S034449,환불요청
J19_S034458,환불요청
J19_S034459,환불요청
J19_S034460,환불요청
J19_S034466,환불요청
J19_S034467,환불요청
J19_S034477,환불요청
J19_S034482,환불요청
J19_S034484,환불요청
J19_S034487,환불요청
J19_S034496,환불요청
J19_S034502,배송확인
J19_S034503,환불요청
J19_S034529,환불요청
J19_S034534,환불요청
J19_S034541,환불요청
J19_S034543,환불요청
J19_S034560,환불요청
J19_S034567,환불요청
J19_S034576,배송확인
J19_S034577,환불요청
J19_S034586,환불요청
J19_S034594,환불요청
J19_S034611,환불요청
J19_S034616,환불요청
J19_S034621,환불요청
J19_S034623,환불요청
J19_S034635,환불요청
J19_S034637,환불요청
J19_S034638,환불요청
J19_S034639,환불요청
J19_S034648,환불요청
J19_S034653,환불요청
J19_S034657,배송확인
J19_S034659,배송확인
J19_S034660,환불요청
J19_S034666,환불요청
J19_S034671,배송확인
J19_S034675,환불요청
J19_S034681,환불요청
J19_S034688,배송확인
J19_S034693,환불요청
J19_S034694,환불요청
J19_S034708,환불요청
J19_S034710,환불요청
J19_S034722,배송확인
J19_S034731,환불요청
J19_S034747,환불요청
J19_S034751,환불요청
J19_S034754,환불요청
J19_S034761,배송확인
J19_S034763,환불요청
J19_S034770,환불요청
J19_S034779,환불요청
J19_S034798,환불요청
J19_S034809,환불요청
J19_S034825,환불요청
J19_S034826,환불요청
J19_S034828,환불요청
J19_S034836,환불요청
J19_S034838,배송확인
J19_S034841,환불요청
J19_S034845,배송확인
J19_S034850,환불요청
J19_S034868,환불요청
J19_S034872,환불요청
J19_S034874,환불요청
J19_S034876,환불요청
J19_S034883,환불요청
J19_S034897,환불요청
J19_S034901,환불요청
J19_S034906,환불요청
J19_S034912,환불요청
J19_S034913,환불요청
J19_S034916,환불요청
J19_S034934,환불요청
J19_S034943,환불요청
J19_S034949,환불요청
J19_S034952,환불요청
J19_S034955,환불요청
J19_S034956,환불요청
J19_S034961,배송확인
J19_S034962,환불요청
J19_S034967,환불요청
J19_S034968,배송확인
J19_S034971,환불요청
J19_S034980,환불요청
J19_S034981,배송확인
J19_S034982,환불요청
J19_S034984,환불요청
J19_S034995,환불요청
J19_S034997,환불요청
J19_S035001,환불요청
J19_S035008,배송확인
J19_S035010,환불요청
J19_S035015,환불요청
J19_S035016,환불요청
J19_S035022,환불요청
J19_S035024,환불요청
J19_S035025,환불요청
J19_S035029,환불요청
J19_S035049,환불요청
J19_S035050,환불요청
J19_S035051,환불요청
J19_S035058,배송확인
J19_S035059,환불요청
J19_S035060,환불요청
J19_S035064,배송확인
J19_S035072,환불요청
J19_S035076,환불요청
J19_S035077,환불요청
J19_S035092,배송확인
J19_S035095,환불요청
J19_S035096,환불요청
J19_S035099,환불요청
J19_S035103,환불요청
J19_S035104,배송확인
J19_S035105,환불요청
J19_S035127,환불요청
J19_S035129,환불요청
J19_S035135,환불요청
J19_S035140,환불요청
J19_S035141,환불요청
J19_S035143,환불요청
J19_S035145,환불요청
J19_S035146,환불요청
J19_S035148,환불요청
J19_S035152,환불요청
J19_S035159,환불요청
J19_S035161,환불요청
J19_S035167,환불요청
J19_S035168,배송확인
J19_S035170,배송확인
J19_S035174,환불요청
J19_S035181,환불요청
J19_S035183,환불요청
J19_S035185,환불요청
J19_S035195,환불요청
J19_S035198,환불요청
J19_S035208,환불요청
J19_S035212,환불요청
J19_S035215,환불요청
J19_S035219,환불요청
J19_S035220,환불요청
J19_S035225,환불요청
J19_S035226,환불요청
J19_S035231,환불요청
J19_S035242,환불요청
J19_S035245,환불요청
J19_S035250,환불요청
J19_S035257,환불요청
J19_S035274,배송확인
J19_S035281,환불요청
J19_S035299,배송확인
J19_S035300,배송확인
J19_S035304,환불요청
J19_S035309,배송확인
J19_S035311,배송확인
J19_S035314,환불요청
J19_S035315,환불요청
J19_S035317,환불요청
J19_S035320,환불요청
J19_S035321,환불요청
J19_S035337,배송확인
J19_S035341,배송확인
J19_S035352,배송확인
J19_S035353,환불요청
J19_S035354,환불요청
J19_S035357,환불요청
J19_S035364,환불요청
J19_S035366,환불요청
J19_S035368,배송확인
J19_S035377,배송확인
J19_S035383,환불요청
J19_S035395,환불요청
J19_S035402,환불요청
J19_S035404,환불요청
J19_S035405,환불요청
J19_S035417,환불요청
J19_S035425,환불요청
J19_S035435,환불요청
J19_S035438,환불요청
J19_S035439,배송확인
J19_S035443,환불요청
J19_S035449,배송확인
J19_S035452,환불요청
J19_S035455,배송확인
J19_S035460,환불요청
J19_S035465,환불요청
J19_S035471,환불요청
J19_S035477,환불요청
J19_S035479,배송확인
J19_S035482,환불요청
J19_S035485,환불요청
J19_S035490,배송확인
J19_S035497,배송확인
J19_S035508,배송확인
J19_S035509,환불요청
J19_S035537,환불요청
J19_S035540,환불요청
J19_S035547,환불요청
J19_S035548,환불요청
J19_S035550,배송확인
J19_S035556,환불요청
J19_S035565,배송확인
J19_S035573,환불요청
J19_S035574,환불요청
J19_S035575,배송확인
J19_S035583,배송확인
J19_S035587,배송확인
J19_S035591,환불요청
J19_S035596,환불요청
J19_S035598,환불요청
J19_S035602,환불요청
J19_S035606,배송확인
J19_S035609,환불요청
J19_S035612,환불요청
J19_S035618,배송확인
J19_S035619,환불요청
J19_S035628,배송확인
J19_S035630,환불요청
J19_S035634,배송확인
J19_S035639,환불요청
J19_S035640,환불요청
J19_S035643,배송확인
J19_S035648,환불요청
J19_S035652,환불요청
J19_S035653,환불요청
J19_S035661,환불요청
J19_S035662,환불요청
J19_S035664,배송확인
J19_S035666,환불요청
J19_S035667,배송확인
J19_S035672,배송확인
J19_S035676,환불요청
J19_S035683,환불요청
J19_S035696,환불요청
J19_S035698,환불요청
J19_S035700,환불요청
J19_S035712,환불요청
J19_S035716,환불요청
J19_S035718,배송확인
J19_S035719,환불요청
J19_S035741,배송확인
J19_S035744,환불요청
J19_S035752,환불요청
J19_S035755,환불요청
J19_S035760,배송확인
J19_S035765,환불요청
J19_S035768,환불요청
J19_S035777,배송확인
J19_S035779,환불요청
J19_S035784,배송확인
J19_S035789,환불요청
J19_S035790,환불요청
J19_S035791,환불요청
J19_S035794,배송확인
J19_S035799,환불요청
J19_S035806,배송확인
J19_S035815,배송확인
J19_S035816,배송확인
J19_S035831,배송확인
J19_S035836,환불요청
J19_S035840,환불요청
J19_S035852,환불요청
J19_S035865,환불요청
J19_S035866,환불요청
J19_S035869,환불요청
J19_S035873,배송확인
J19_S035875,환불요청
J19_S035879,환불요청
J19_S035886,환불요청
J19_S035893,환불요청
J19_S035904,환불요청
J19_S035906,배송확인
J19_S035908,배송확인
J19_S035909,환불요청
J19_S035921,배송확인
J19_S035927,환불요청
J19_S035932,환불요청
J19_S035934,환불요청
J19_S035935,환불요청
J19_S035941,환불요청
J19_S035946,환불요청
J19_S035948,환불요청
J19_S035954,환불요청
J19_S035971,환불요청
J19_S035972,배송확인
J19_S035982,환불요청
J19_S035987,환불요청
J19_S035993,배송확인
J19_S035995,환불요청
J19_S035997,환불요청
J19_S036001,환불요청
J19_S036003,환불요청
J19_S036004,환불요청
J19_S036005,배송확인
J19_S036006,환불요청
J19_S036007,배송확인
J19_S036012,배송확인
J19_S036014,환불요청
J19_S036018,환불요청
J19_S036020,배송확인
J19_S036033,환불요청
J19_S036040,환불요청
J19_S036041,환불요청
J19_S036047,환불요청
J19_S036051,환불요청
J19_S036064,환불요청
J19_S036069,환불요청
J19_S036070,환불요청
J19_S036075,환불요청
J19_S036077,환불요청
J19_S036080,환불요청
J19_S036081,배송확인
J19_S036091,환불요청
J19_S036103,환불요청
J19_S036106,배송확인
J19_S036112,배송확인
J19_S036119,환불요청
J19_S036141,배송확인
J19_S036144,배송확인
J19_S036152,배송확인
J19_S036154,환불요청
J19_S036156,환불요청
J19_S036159,환불요청
J19_S036174,환불요청
J19_S036183,배송확인
J19_S036190,배송확인
J19_S036197,환불요청
J19_S036211,환불요청
J19_S036213,환불요청
J19_S036217,배송확인
J19_S036231,환불요청
J19_S036243,환불요청
J19_S036246,환불요청
J19_S036250,환불요청
J19_S036251,환불요청
J19_S036253,환불요청
J19_S036265,환불요청
J19_S036271,배송확인
J19_S036272,환불요청
J19_S036273,배송확인
J19_S036277,환불요청
J19_S036281,환불요청
J19_S036286,배송확인
J19_S036287,환불요청
J19_S036295,환불요청
J19_S036303,환불요청
J19_S036309,배송확인
J19_S036311,환불요청
J19_S036312,환불요청
J19_S036322,환불요청
J19_S036326,환불요청
J19_S036334,배송확인
J19_S036335,배송확인
J19_S036337,환불요청
J19_S036346,환불요청
J19_S036366,환불요청
J19_S036375,배송확인
J19_S036380,배송확인
J19_S036382,배송확인
J19_S036387,배송확인
J19_S036407,배송확인
J19_S036408,배송확인
J19_S036409,환불요청
J19_S036411,환불요청
J19_S036414,환불요청
J19_S036422,환불요청
J19_S036428,배송확인
J19_S036437,환불요청
J19_S036440,환불요청
J19_S036446,환불요청
J19_S036449,환불요청
J19_S036451,환불요청
J19_S036457,환불요청
J19_S036464,환불요청
J19_S036466,환불요청
J19_S036468,환불요청
J19_S036473,배송확인
J19_S036475,배송확인
J19_S036483,환불요청
J19_S036490,환불요청
J19_S036491,환불요청
J19_S036492,배송확인
J19_S036494,환불요청
J19_S036497,환불요청
J19_S036502,환불요청
J19_S036504,환불요청
J19_S036506,환불요청
J19_S036509,환불요청
J19_S036511,환불요청
J19_S036521,배송확인
J19_S036522,환불요청
J19_S036523,환불요청
J19_S036537,환불요청
J19_S036544,환불요청
J19_S036547,환불요청
J19_S036550,환불요청
J19_S036552,환불요청
J19_S036553,환불요청
J19_S036559,환불요청
J19_S036563,환불요청
J19_S036565,환불요청
J19_S036575,환불요청
J19_S036591,환불요청
J19_S036596,환불요청
J19_S036597,환불요청
J19_S036606,배송확인
J19_S036608,환불요청
J19_S036614,배송확인
J19_S036615,환불요청
J19_S036623,환불요청
J19_S036624,배송확인
J19_S036628,환불요청
J19_S036631,배송확인
J19_S036632,환불요청
J19_S036652,환불요청
J19_S036653,환불요청
J19_S036654,환불요청
J19_S036661,환불요청
J19_S036666,환불요청
J19_S036673,환불요청
J19_S036676,환불요청
J19_S036680,환불요청
J19_S036706,환불요청
J19_S036707,환불요청
J19_S036711,환불요청
J19_S036733,배송확인
J19_S036749,환불요청
J19_S036755,배송확인
J19_S036762,환불요청
J19_S036767,환불요청
J19_S036771,환불요청
J19_S036772,환불요청
J19_S036774,배송확인
J19_S036778,환불요청
J19_S036780,환불요청
J19_S036781,환불요청
J19_S036808,환불요청
J19_S036815,환불요청
J19_S036825,환불요청
J19_S036827,환불요청
J19_S036845,환불요청
J19_S036853,환불요청
J19_S036875,환불요청
J19_S036879,배송확인
J19_S036894,환불요청
J19_S036898,환불요청
J19_S036904,환불요청
J19_S036910,환불요청
J19_S036912,환불요청
J19_S036913,환불요청
J19_S036914,환불요청
J19_S036926,환불요청
J19_S036928,환불요청
J19_S036929,환불요청
J19_S036950,환불요청
J19_S036959,배송확인
J19_S036960,배송확인
J19_S036964,환불요청
J19_S036973,배송확인
J19_S036978,환불요청
J19_S036983,환불요청
J19_S036986,환불요청
J19_S036989,배송확인
J19_S036993,환불요청
J19_S037010,환불요청
J19_S037016,환불요청
J19_S037022,배송확인
J19_S037027,환불요청
J19_S037035,환불요청
J19_S037036,환불요청
J19_S037038,환불요청
J19_S037044,환불요청
J19_S037048,배송확인
J19_S037050,환불요청
J19_S037051,환불요청
J19_S037058,환불요청
J19_S037065,환불요청
J19_S037067,환불요청
J19_S037068,환불요청
J19_S037075,환불요청
J19_S037079,환불요청
J19_S037080,환불요청
J19_S037083,환불요청
J19_S037092,환불요청
J19_S037099,환불요청
J19_S037103,환불요청
J19_S037107,환불요청
J19_S037108,배송확인
J19_S037129,환불요청
J19_S037134,환불요청
J19_S037137,환불요청
J19_S037165,환불요청
J19_S037171,환불요청
J19_S037172,환불요청
J19_S037181,환불요청
J19_S037190,환불요청
J19_S037192,배송확인
J19_S037193,환불요청
J19_S037195,배송확인
J19_S037199,환불요청
J19_S037222,환불요청
J19_S037232,환불요청
J19_S037239,환불요청
J19_S037241,환불요청
J19_S037244,환불요청
J19_S037248,환불요청
J19_S037251,환불요청
J19_S037254,환불요청
J19_S037259,환불요청
J19_S037261,환불요청
J19_S037272,환불요청
J19_S037277,환불요청
J19_S037282,환불요청
J19_S037285,환불요청
J19_S037287,환불요청
J19_S037288,환불요청
J19_S037298,배송확인
J19_S037302,환불요청
J19_S037309,환불요청
J19_S037318,환불요청
J19_S037324,환불요청
J19_S037325,환불요청
J19_S037340,환불요청
J19_S037345,환불요청
J19_S037349,환불요청
J19_S037362,환불요청
J19_S037367,환불요청
J19_S037380,배송확인
J19_S037387,환불요청
J19_S037388,환불요청
J19_S037391,환불요청
J19_S037392,환불요청
J19_S037396,환불요청
J19_S037397,환불요청
J19_S037407,환불요청
J19_S037409,환불요청
J19_S037411,환불요청
J19_S037417,환불요청
J19_S037422,환불요청
J19_S037425,환불요청
J19_S037426,환불요청
J19_S037429,환불요청
J19_S037435,환불요청
J19_S037438,환불요청
J19_S037439,환불요청
J19_S037443,환불요청
J19_S037446,환불요청
J19_S037468,환불요청
J19_S037470,환불요청
J19_S037477,환불요청
J19_S037479,환불요청
J19_S037482,환불요청
J19_S037487,환불요청
J19_S037496,환불요청
J19_S037508,환불요청
J19_S037511,환불요청
J19_S037514,환불요청
J19_S037520,환불요청
J19_S037532,환불요청
J19_S037534,배송확인
J19_S037537,환불요청
J19_S037538,환불요청
J19_S037545,환불요청
J19_S037554,환불요청
J19_S037562,환불요청
J19_S037566,환불요청
J19_S037573,배송확인
J19_S037579,환불요청
J19_S037586,환불요청
J19_S037589,환불요청
J19_S037590,환불요청
J19_S037595,환불요청
J19_S037610,환불요청
J19_S037612,환불요청
J19_S037619,환불요청
J19_S037629,환불요청
J19_S037632,환불요청
J19_S037645,환불요청
J19_S037651,환불요청
J19_S037663,환불요청
J19_S037669,환불요청
J19_S037672,환불요청
J19_S037678,배송확인
J19_S037687,배송확인
J19_S037690,환불요청
J19_S037693,환불요청
J19_S037694,환불요청
J19_S037696,환불요청
J19_S037699,환불요청
J19_S037703,환불요청
J19_S037711,환불요청
J19_S037716,환불요청
J19_S037717,환불요청
J19_S037719,환불요청
J19_S037731,환불요청
J19_S037739,환불요청
J19_S037741,환불요청
J19_S037746,환불요청
J19_S037751,환불요청
J19_S037764,환불요청
J19_S037766,환불요청
J19_S037778,환불요청
J19_S037786,환불요청
J19_S037787,환불요청
J19_S037788,환불요청
J19_S037799,환불요청
J19_S037801,환불요청
J19_S037815,환불요청
J19_S037831,환불요청
J19_S037840,환불요청
J19_S037849,배송확인
J19_S037864,배송확인
J19_S037876,환불요청
J19_S037884,환불요청
J19_S037894,환불요청
J19_S037903,환불요청
J19_S037914,환불요청
J19_S037926,배송확인
J19_S037933,환불요청
J19_S037934,배송확인
J19_S037935,환불요청
J19_S037939,환불요청
J19_S037942,환불요청
J19_S037949,환불요청
J19_S037958,환불요청
J19_S037970,환불요청
J19_S037972,환불요청
J19_S037994,환불요청
J19_S038012,환불요청
J19_S038028,환불요청
J19_S038044,환불요청
J19_S038046,환불요청
J19_S038050,배송확인
J19_S038062,환불요청
J19_S038082,환불요청
J19_S038094,환불요청
J19_S038097,환불요청
J19_S038099,환불요청
J19_S038102,환불요청
J19_S038104,환불요청
J19_S038112,환불요청
J19_S038113,환불요청
J19_S038129,환불요청
J19_S038132,환불요청
J19_S038134,환불요청
J19_S038138,환불요청
J19_S038145,배송확인
J19_S038154,환불요청
J19_S038156,환불요청
J19_S038158,환불요청
J19_S038159,환불요청
J19_S038164,환불요청
J19_S038165,환불요청
J19_S038168,환불요청
J19_S038181,환불요청
J19_S038182,환불요청
J19_S038187,환불요청
J19_S038188,환불요청
J19_S038199,환불요청
J19_S038207,환불요청
J19_S038216,환불요청
J19_S038219,환불요청
J19_S038227,환불요청
J19_S038231,환불요청
J19_S038239,환불요청
J19_S038241,환불요청
J19_S038255,환불요청
J19_S038261,환불요청
J19_S038266,배송확인
J19_S038272,환불요청
J19_S038278,환불요청
J19_S038279,배송확인
J19_S038280,환불요청
J19_S038283,환불요청
J19_S038285,환불요청
J19_S038287,배송확인
J19_S038290,환불요청
J19_S038294,환불요청
J19_S038301,환불요청
J19_S038317,환불요청
J19_S038325,환불요청
